ticker,event_date,event_type,alpha,beta,CAR_pre20_pre1,CAR_0_1,CAR_0_5,CAR_0_10,CAR_0_20,CAR_pre20_20,source,model,prompt_variant,llm_alpha,llm_beta,traditional_alpha,traditional_beta,traditional_CAR_pre20_pre1,traditional_CAR_0_1,traditional_CAR_0_5,traditional_CAR_0_10,traditional_CAR_0_20,traditional_CAR_pre20_20
AAPL,2024-11-19,S - Sale,0.0004425012294705,0.7746382965342219,-0.032905079911097715,-0.003786002142479,-0.0023911294184938,0.019203490522873897,0.034956012461609995,0.002050932550512294,traditional,,,,,,,,,,,,
AAPL,2024-12-18,S - Sale,0.0004351122437651,0.7293366078546528,0.0313894809881414,0.011453884764975799,0.0177763065735363,0.019318078403079503,-0.0282476554290525,0.0031418255590888997,traditional,,,,,,,,,,,,
AAPL,2025-02-04,S - Sale+OE,0.0010994602882374,0.7481413024998156,-0.04828249202320581,0.0058229111519046,-0.0107519993401358,0.0382488037994963,0.0708643560017108,0.022581863978504993,traditional,,,,,,,,,,,,
AAPL,2025-04-03,S - Sale+OE,0.0008252255011083,0.6571389022706867,0.043062094912994196,-0.0895469606246884,-0.1642785062558067,-0.08040749098094739,-0.052326963863302,-0.00926486895030781,traditional,,,,,,,,,,,,
AAPL,2025-04-25,S - Sale,0.0005910148930065,0.6803740013840581,0.03737666773691812,-0.0048205290324808,0.006227499553559301,-0.0760226799956072,,,traditional,,,,,,,,,,,,
AAPL,2025-05-14,S - Sale,0.0001004236108574,0.931722099169034,,-0.012185681854617601,-0.0300512226518737,-0.07323252968064381,-0.0639727120657779,,traditional,,,,,,,,,,,,
ADBE,2024-12-10,S - Sale,-0.0018593717174123,0.8305695870802862,0.08587211177714349,-0.0052085028903178995,-0.1527742457531145,-0.1689202484004443,-0.15925872101235905,-0.07338660923521549,traditional,,,,,,,,,,,,
ADBE,2025-01-28,S - Sale+OE,-0.0018593413402468,0.8706723718361598,0.06613554335138849,-0.0024005980866991005,-0.007861026299652199,-0.0041803080013606,0.044531901212282496,0.110667444563671,traditional,,,,,,,,,,,,
ADBE,2025-01-30,P - Purchase,-0.0018656451325165,0.8537523747991954,0.0688484231347625,-0.0054519096137904,0.0033300231266415996,-0.0018250195860237007,0.04307010791423431,0.1119185310489968,traditional,,,,,,,,,,,,
ADBE,2025-03-21,P - Purchase,-0.0008857861317949,0.7252068744365043,-0.04911422916658338,-0.0089342573852582,0.0161252399239736,0.007039125457790797,-0.040341398066935,-0.08945562723351837,traditional,,,,,,,,,,,,
ADBE,2025-05-06,S - Sale,-0.0012785028093136,0.781771273072353,0.0540698356584474,0.01742057600197,0.0071759533093413005,0.0444525244706918,0.0475837929950531,0.1016536286535005,traditional,,,,,,,,,,,,
ADI,2024-11-04,S - Sale,-0.0002398203386702,1.201481161628554,-0.025472042236713496,-0.0478172694222775,-0.0639233617115712,-0.1129419669756506,-0.0936973850673333,-0.11916942730404681,traditional,,,,,,,,,,,,
ADI,2024-11-05,S - Sale+OE,-0.0001955980029373,1.198428798960969,0.004630372309309195,-0.041713462106089304,-0.0623848435619965,-0.1123500486307563,-0.0537838555320688,-0.049153483222759614,traditional,,,,,,,,,,,,
ADI,2024-12-12,S - Sale+OE,-0.0004789988440493,1.1572533628507435,-0.0364527293055122,0.0048622089778092995,-0.017711588737540397,0.005207816663711403,0.026891911973905808,-0.00956081733160639,traditional,,,,,,,,,,,,
ADI,2025-01-03,S - Sale+OE,-0.0002250780792009,1.1797603119415814,0.0167507995721039,-0.0016129963201712,0.030987245988850602,0.0213016278258512,0.034590222177892704,0.05134102174999661,traditional,,,,,,,,,,,,
ADI,2025-02-27,S - Sale+OE,-0.0005780053325932,1.1065381168991484,0.1707799349442771,-0.0006512010316414001,0.0209833326637298,,,,traditional,,,,,,,,,,,,
ADI,2025-03-05,S - Sale+OE,-0.0005666065133579,1.1155734032225193,,,,,,,traditional,,,,,,,,,,,,
ADI,2025-03-12,S - Sale,-0.0006787694540452,1.1031394147744975,,,,,,,traditional,,,,,,,,,,,,
ADI,2025-03-13,S - Sale,-0.0008612107355036,1.1037059897385908,,0.0051929925178434005,0.024528395269448503,,,,traditional,,,,,,,,,,,,
ADI,2025-03-20,S - Sale,-7.203195379071282e-05,1.1105858132026192,,-0.028625198856798602,-0.014143295783623801,,,,traditional,,,,,,,,,,,,
ADI,2025-03-26,S - Sale,0.0001035608059735,1.1014753919419658,,0.0062814660479813995,0.0025663762913020996,-0.0811993077163504,-0.0671480186964136,,traditional,,,,,,,,,,,,
ADI,2025-04-02,S - Sale+OE,8.800936263456518e-06,1.096278419498916,-0.0238765779612983,-0.0357712398739987,-0.022158304975708802,-0.0425014925280964,-0.018947600572824998,-0.04282417853412329,traditional,,,,,,,,,,,,
ADI,2025-04-17,S - Sale,-0.0005597405929389,1.0864547363660986,-0.05169550935942401,0.003872169872514,0.016106307231982503,0.035845016825214,0.045449554361803396,-0.006245954997620606,traditional,,,,,,,,,,,,
ADI,2025-05-02,S - Sale+OE,-0.0005787098872356,1.096479606361378,0.023648884067946095,0.0090826922867673,0.0321288376460784,0.0877126197677498,0.029125049606925177,0.05277393367487131,traditional,,,,,,,,,,,,
ADI,2025-05-08,S - Sale,-0.0005252451683019,1.1745272981165245,0.03345407690202072,0.026355987396173102,0.048591145258231,0.039661254384714205,-0.0006614804281431928,0.03279259647387754,traditional,,,,,,,,,,,,
ADP,2024-11-08,S - Sale+OE,0.0011140902782169,0.0908063213634697,0.024039300011723504,-0.0015894727410973,0.0044112875627816996,-0.0283441656111953,-0.007305869818797503,0.016733430192925995,traditional,,,,,,,,,,,,
ADP,2025-01-03,S - Sale,0.0008400828155916,0.181528116590281,-0.02801284411089671,0.002993281044492,,,,,traditional,,,,,,,,,,,,
ADP,2025-01-07,S - Sale+OE,0.0007706364199318,0.1815544023741719,,,,,,,traditional,,,,,,,,,,,,
ADP,2025-01-08,S - Sale+OE,0.0008135888999994,0.1866143819570487,,0.0113911999879198,0.0079314336810053,,,,traditional,,,,,,,,,,,,
ADP,2025-01-14,S - Sale+OE,0.0008125614630486,0.1858544441832303,,,,,,,traditional,,,,,,,,,,,,
ADP,2025-01-15,S - Sale+OE,0.0007728197283981,0.1880439372158839,,0.0110199616984448,0.0072398159663379005,0.0042002296969468,,,traditional,,,,,,,,,,,,
ADP,2025-02-12,S - Sale+OE,0.00080502046764,0.2026396181376743,,0.009765077208746,0.0014629491961884004,0.011865120131556403,0.0281964783930639,,traditional,,,,,,,,,,,,
ADP,2025-03-12,S - Sale+OE,0.0010339977372912,0.1537665909681371,-0.0605190336742838,-0.007320384412402101,0.012165959693281398,0.004029630480056497,0.037273744219748675,-0.02324528945453512,traditional,,,,,,,,,,,,
ADP,2025-04-02,S - Sale,0.0012501418966202,0.1720446045510786,0.0313802057742449,0.0025390131159785997,-0.0703503457975926,-0.023113125082243405,-0.0478574068587882,-0.01647720108454329,traditional,,,,,,,,,,,,
ADP,2025-04-14,S - Sale+OE,0.000886992156711,0.2109413388147117,0.009883665549489292,-0.007882390124439401,-0.018993885853550503,-0.028784220170863906,-0.01337955486497161,-0.003495889315482295,traditional,,,,,,,,,,,,
ADP,2025-05-14,S - Sale+OE,0.0013818982849036,0.3657782698929662,-0.0180926055005905,0.020036762314202806,0.037684934070555606,0.03551662640901251,0.03644882914966831,0.018356223649077803,traditional,,,,,,,,,,,,
AMAT,2025-02-25,S - Sale,-0.0020130859426986,1.6967668189531304,0.006866916935308788,0.022555439630256198,-0.015222000597877101,0.0393685701499409,0.08584733870341239,0.09271425563872118,traditional,,,,,,,,,,,,
AMAT,2025-04-03,S - Sale,-0.0022061363915162,1.6590210812694377,-0.013007293269263698,0.0539245537431835,0.1095404926460393,0.08448543508093179,0.09197661503406038,0.07896932176479671,traditional,,,,,,,,,,,,
AMAT,2025-04-07,P - Purchase,-0.0019281656180105,1.6432303535060218,0.042140740846137,0.0547362897592074,0.030412660461365797,0.029250684147549603,0.029104026796155907,0.0712447676422929,traditional,,,,,,,,,,,,
AMZN,2024-11-05,S - Sale,-8.967525249826698e-05,1.0960506534042356,0.0539116976931777,,,,,,traditional,,,,,,,,,,,,
AMZN,2024-11-06,S - Sale,-0.00014474798893,1.0969404338022886,,0.0037219896749143,,,,,traditional,,,,,,,,,,,,
AMZN,2024-11-08,S - Sale,-3.298659084212738e-05,1.09893926153048,,-0.0098573726521123,,,,,traditional,,,,,,,,,,,,
AMZN,2024-11-12,S - Sale,-3.0135860190326505e-05,1.0959023575831548,,0.0387775556903185,,,,,traditional,,,,,,,,,,,,
AMZN,2024-11-14,S - Sale,1.3182341998795367e-05,1.0895095875790244,,-0.022856020288518297,-0.030804719622588097,-0.0687616746373089,,,traditional,,,,,,,,,,,,
AMZN,2024-11-19,S - Sale+OE,8.364982738990077e-05,1.088706285186431,0.05302579463263611,-0.0043075753694717,-0.035159535379174,,,,traditional,,,,,,,,,,,,
AMZN,2024-12-04,S - Sale,0.0002872084069816,1.1110327724516953,,0.019959263320561,,,,,traditional,,,,,,,,,,,,
AMZN,2024-12-06,S - Sale,0.0003412775078467,1.117893010884488,,0.0199883994507882,,,,,traditional,,,,,,,,,,,,
AMZN,2024-12-11,S - Sale,0.0001544737539333,1.1186488370759489,,0.0049038158187572,0.006830371230645199,0.005500530748528701,-0.005263253045285998,,traditional,,,,,,,,,,,,
AMZN,2025-02-14,S - Sale,0.0001829872401593,1.1052370006717729,-0.020681399855139504,-0.0120145748704271,-0.0229721404626849,-0.0433383052761698,,,traditional,,,,,,,,,,,,
AMZN,2025-02-19,S - Sale+OE,0.0001447516687707,1.1128479663492872,-0.0683680376306968,-0.0125472186177064,-0.021021601085717198,,,,traditional,,,,,,,,,,,,
AMZN,2025-03-05,S - Sale,0.0003057059741336,1.0662536629230084,,-0.0028167590723454,0.0008697488314667011,-0.00026109573064229865,0.005831855099895401,,traditional,,,,,,,,,,,,
AMZN,2025-04-03,S - Sale,9.876834369629328e-05,1.077334626623379,-0.007821429058022598,-0.004553273431374502,0.015999972105232296,-0.0028820643561394037,-0.0248331604887304,-0.032654589546753,traditional,,,,,,,,,,,,
AMZN,2025-05-05,S - Sale,0.000324513130931,1.1333352116379976,-0.0352886144434257,-0.0087139201390708,0.017976736741394,,,,traditional,,,,,,,,,,,,
AMZN,2025-05-14,S - Sale,8.516349924708852e-05,1.074911677207732,,-0.0354252634115163,-0.0365755275787142,-0.0351356745506229,-0.03706523827614447,,traditional,,,,,,,,,,,,
AMZN,2025-05-19,S - Sale+OE,-8.04758410865299e-05,1.068769422787029,-0.012622092446786502,-0.0034005010087682,,,,,traditional,,,,,,,,,,,,
AMZN,2025-05-23,S - Sale+OE,0.0001356763184093,1.0833673767741463,,0.0002673448174792,-0.0024550483136165,-0.002035266626179951,-0.002035266626179951,,traditional,,,,,,,,,,,,
ANET,2024-11-06,S - Sale+OE,0.0011803450989071,1.6828953727050893,,-0.0142887186691086,-0.0979732240223102,-0.107007712511964,-0.07013866135684022,,traditional,,,,,,,,,,,,
ANET,2024-11-08,S - Sale,0.0012599988364086,1.6890345906805542,,-0.073702743728144,-0.0858300881235829,-0.1148373415899809,,,traditional,,,,,,,,,,,,
ANET,2024-11-25,S - Sale,0.0007418317266119,1.670769113514273,,-0.011549311712256299,-0.022954744500368496,,,,traditional,,,,,,,,,,,,
ANET,2024-12-04,S - Sale,0.0008333655412808,1.6487746930001688,,0.010526282798978201,-0.002504232176587299,,,,traditional,,,,,,,,,,,,
ANET,2024-12-10,S - Sale+OE,0.0005252028470818,1.6441868698638324,0.0470157800475954,-0.0133455950039247,0.0425700902301404,0.0747724894706233,0.0670386012247638,0.1140543812723592,traditional,,,,,,,,,,,,
ANET,2024-12-11,S - Sale,0.0004507379127048,1.6452940376477665,,0.0010073272393725007,0.066110166170998,0.0825422253567657,0.08133952637804469,,traditional,,,,,,,,,,,,
ANET,2025-01-06,S - Sale,0.0007781428068155,1.6177593805759165,0.02503852898080569,0.010746735106136,0.028214251997365998,0.042822542298365504,,,traditional,,,,,,,,,,,,
ANET,2025-01-08,S - Sale+OE,0.0009059650755034,1.6048969621809726,0.046978858532792295,0.0018915171030887,0.007380046180152901,0.021489715491605003,-0.07855630273546968,-0.03157744420267738,traditional,,,,,,,,,,,,
ANET,2025-01-23,S - Sale,0.0008693687630442,1.5962104543537283,,-0.002370535096185701,-0.1487367553116434,-0.0627098481412071,,,traditional,,,,,,,,,,,,
ANET,2025-02-05,S - Sale,0.0010858703999143,1.567163581687534,,0.0131602525166698,0.0595516997233771,-0.0846943477378875,,,traditional,,,,,,,,,,,,
ANET,2025-02-10,S - Sale+OE,0.0009524262913552,1.5675948979603551,0.017733159625631323,-0.0249715325105345,-0.1451409162393363,-0.17305336896257123,-0.19054205092208584,-0.17280889129645455,traditional,,,,,,,,,,,,
ANET,2025-02-18,S - Sale,0.0012455236797628,1.5261529243692966,,-0.029819905700143007,,,,,traditional,,,,,,,,,,,,
ANET,2025-02-21,S - Sale,0.0014832938683011,1.5274384913152723,,-0.0172655677926525,,,,,traditional,,,,,,,,,,,,
ANET,2025-02-25,S - Sale,0.0014339550817876,1.5215197676418115,,,,,,,traditional,,,,,,,,,,,,
ANET,2025-02-26,S - Sale,0.0004391535434142,1.715264307228406,,0.0302260771777342,,,,,traditional,,,,,,,,,,,,
ANET,2025-02-28,S - Sale,0.0007091845719991,1.7262914563369145,,-0.0127396880856385,,,,,traditional,,,,,,,,,,,,
ANET,2025-03-05,S - Sale,0.0013009134471699,1.6978105656907598,,0.0040652757537106,-0.0237460840406784,0.017552655603783905,0.0007709490807934049,,traditional,,,,,,,,,,,,
ANET,2025-03-10,S - Sale+OE,0.0013205226864556,1.684160252502969,-0.0962618407054132,0.0185012264145064,0.0379229302535265,0.032080109107575694,-0.00046435149570481227,-0.096726192201118,traditional,,,,,,,,,,,,
ANET,2025-04-03,S - Sale,-0.0001358442261905,1.737299954299239,-0.0246597038239473,-0.0026971917852929,0.11173260372218369,,,,traditional,,,,,,,,,,,,
ANET,2025-04-24,S - Sale,0.0006471690996386,1.7093230582180865,,0.0290709807867773,0.056097076232134196,0.1269309518317109,,,traditional,,,,,,,,,,,,
ANET,2025-05-05,S - Sale,0.0002657920504109,1.7150609977139388,,0.024344102499621798,-0.046300382136364004,-0.05030738591291009,,,traditional,,,,,,,,,,,,
ANET,2025-05-08,S - Sale+OE,0.000667363230599,1.6832368651083909,0.04780495003903921,-0.0185445833645338,0.00023427454187960328,-0.0278133103337238,-0.06111474108816939,-0.013309791049130194,traditional,,,,,,,,,,,,
ANET,2025-05-23,S - Sale,-0.0001312934302679,1.411248825090195,,-0.0005036904435529,-0.010426022695597299,-0.0771917214177906,-0.0771917214177906,,traditional,,,,,,,,,,,,
APP,2024-11-14,S - Sale,0.0052496788412725,1.790826633407075,0.5266060746157786,0.0660967520480322,0.12780086233131538,,,,traditional,,,,,,,,,,,,
APP,2024-11-25,S - Sale+OE,0.005645434092628,1.7787373733261114,,-0.036543263629009,-0.030733319203220998,0.02386597479608371,,,traditional,,,,,,,,,,,,
APP,2024-11-26,S - Sale,0.0056515485356384,1.780479745603594,,0.0162876745605475,,,,,traditional,,,,,,,,,,,,
APP,2024-11-29,S - Sale,0.0058637167303406,1.7815661121738136,,0.0043241523029613,,,,,traditional,,,,,,,,,,,,
APP,2024-12-02,S - Sale,0.0059638743420886,1.753180256328443,,,,,,,traditional,,,,,,,,,,,,
APP,2024-12-03,S - Sale,0.0056299355231269,1.7307127827252755,,0.0550183116373581,,,,,traditional,,,,,,,,,,,,
APP,2024-12-05,S - Sale,0.0056697197226424,1.784389787610534,,0.050905439669666805,,,,,traditional,,,,,,,,,,,,
APP,2024-12-11,S - Sale,0.008221144185201,1.9660650247586071,,,,,,,traditional,,,,,,,,,,,,
APP,2024-12-23,S - Sale,0.0087896627510719,1.8684257337153076,,-0.058543249166952804,-0.0662811872201503,-0.02896786685736631,-0.12942277546850658,,traditional,,,,,,,,,,,,
APP,2025-02-24,S - Sale,0.0067722007687919,2.023796673133366,0.06332330605601874,-0.0546826514883293,-0.1944562247664855,-0.3439905898789989,,,traditional,,,,,,,,,,,,
APP,2025-03-04,S - Sale+OE,0.0070955386584878,2.0121794269739866,-0.015617065671433186,-0.0946811543293582,-0.2123377521939615,-0.10614271748983711,-0.03854509634745279,-0.054162162018886045,traditional,,,,,,,,,,,,
APP,2025-03-12,S - Sale,0.0071549065059788,2.0043976937703687,,0.0558816364239738,0.1076218326347484,0.1116503994398891,0.02432374156579732,,traditional,,,,,,,,,,,,
APP,2025-05-14,S - Sale+OE,0.0075052981272725,1.9661744026846537,0.0420723461536686,,,,,,traditional,,,,,,,,,,,,
APP,2025-05-21,S - Sale,0.0076859356894311,1.9661635903302104,,,,,,,traditional,,,,,,,,,,,,
APP,2025-05-28,S - Sale,0.0083857525463368,1.9807877986041984,,-0.005313047783206799,0.015540673191688,0.015540673191688,0.015540673191688,,traditional,,,,,,,,,,,,
AVGO,2024-12-19,S - Sale,-0.0001510245620394,1.991140394042534,0.3421729072400738,-0.0305786058689864,0.010064382957143705,,,,traditional,,,,,,,,,,,,
AVGO,2024-12-26,S - Sale,-0.0001202351392945,1.99578591978406,,,,,,,traditional,,,,,,,,,,,,
AVGO,2024-12-27,S - Sale,-0.0001396460735073,1.991985854619899,,0.0151098459962412,0.0157423333735358,,,,traditional,,,,,,,,,,,,
AVGO,2025-01-06,S - Sale,-0.0003282533306879,2.022809473072666,,-0.002477498219797699,,,,,traditional,,,,,,,,,,,,
AVGO,2025-01-08,S - Sale,-0.000189499780971,2.029831877849259,,0.0042445043240925,,,,,traditional,,,,,,,,,,,,
AVGO,2025-01-10,S - Sale,-0.000135536536396,2.0270035738089707,,0.0113445815703541,-0.009080911798420098,0.019746577413463404,-0.0636225518091956,,traditional,,,,,,,,,,,,
AVGO,2025-03-26,S - Sale,0.0011793006297356,2.125369245382785,0.006200207971960019,-0.036072983969384104,,,,,traditional,,,,,,,,,,,,
AVGO,2025-03-28,S - Sale,0.0013333763897508,2.1445314033297724,,0.0399216993349331,0.019310850902266898,0.1643984310058137,,,traditional,,,,,,,,,,,,
AVGO,2025-04-15,S - Sale,0.0017665454863852,2.066122170484612,,,,,,,traditional,,,,,,,,,,,,
AVGO,2025-04-16,S - Sale,0.0018108729204564,2.06331558337722,,0.0173013897394166,0.0401813182311435,-0.007984349479799598,-0.016756617805123997,,traditional,,,,,,,,,,,,
AVGO,2025-05-16,S - Sale,0.0017909778970052,1.75170502084336,0.0011357843315327031,-0.028167362751989,0.002379533477493201,0.006949514861808201,0.021723218059604102,0.022859002391136803,traditional,,,,,,,,,,,,
CRM,2024-11-04,S - Sale,-0.0002485260519726,0.929880966015328,0.027466471510268303,-0.0002860663834222,0.038381828417925604,0.07997269893158898,0.11792530867433867,0.14539178018460697,traditional,,,,,,,,,,,,
CRM,2024-11-06,S - Sale+OE,-0.0001753110686006,0.9355006263869596,0.021419561134295405,0.0029161918524337,0.0992248080285969,0.081382767593219,,,traditional,,,,,,,,,,,,
CRM,2024-11-22,S - Sale+OE,-0.0002770914998133,0.8994962508225997,,0.0173800882391304,,,,,traditional,,,,,,,,,,,,
CRM,2024-11-25,S - Sale+OE,-0.0002576828388638,0.8998749950899376,,-0.0040565805046983,-0.044081207669520096,0.031193998783352418,0.003185076062682618,,traditional,,,,,,,,,,,,
CRM,2024-11-26,S - Sale,-0.0003515736661199,0.9016139480841596,0.10984326826856569,-0.0259715885094863,-0.033139981184120204,0.0372066423118302,0.012411003077946098,0.12225427134651182,traditional,,,,,,,,,,,,
CRM,2024-12-23,S - Sale+OE,0.0001614375749192,0.8923682328180371,,-0.0188309759906121,,,,,traditional,,,,,,,,,,,,
CRM,2024-12-27,S - Sale,0.0002981808816668,0.8970461862449604,,0.0034998379631301,0.0094982001865058,-0.028307822688282504,-0.03856663345085421,,traditional,,,,,,,,,,,,
CRM,2025-01-03,S - Sale+OE,-2.6356766349771785e-05,0.8894438385172407,,-0.0089249997279469,-0.0205769919593865,-0.026470742633033898,,,traditional,,,,,,,,,,,,
CRM,2025-01-16,S - Sale+OE,-3.780094955562277e-05,0.9242801273279077,,0.00495423597485,0.006056932375436299,,,,traditional,,,,,,,,,,,,
CRM,2025-01-23,S - Sale+OE,-8.127236070218575e-05,0.9005155666024098,,0.006432117705208,0.09261139201225271,0.046257935681860624,,,traditional,,,,,,,,,,,,
CRM,2025-02-19,S - Sale+OE,-0.0002515239118905,0.8803710684654722,,-0.0282972154675455,,,,,traditional,,,,,,,,,,,,
CRM,2025-02-24,S - Sale+OE,-0.000142234686219,0.8653756089952731,,,,,,,traditional,,,,,,,,,,,,
CRM,2025-02-25,S - Sale+OE,-0.0001274996510133,0.8649059443854696,,0.0065436627075437,-0.013699037963539202,,,,traditional,,,,,,,,,,,,
CRM,2025-02-26,S - Sale,0.0002729660495307,0.7933611151786093,-0.10336478875414629,-0.0162101405250356,-0.014866870706409501,-0.044384699540980704,-0.029004153538656492,-0.1323689422928028,traditional,,,,,,,,,,,,
CRM,2025-03-03,P - Purchase,0.0002401503187457,0.8133863030727626,-0.0596174084167616,-0.011745142302861201,-0.024096846827525102,-0.0230515628610531,-0.014684989286457197,-0.0743023977032188,traditional,,,,,,,,,,,,
CRM,2025-03-04,S - Sale+OE,0.0005584590739384,0.7750410260482901,,-0.013116540909150601,-0.0308053270109509,-0.025496093929492602,,,traditional,,,,,,,,,,,,
CRM,2025-03-18,S - Sale+OE,0.0002226026767691,0.7834839358631493,,-0.0029150234192467997,-0.0004322188370573998,,,,traditional,,,,,,,,,,,,
CRM,2025-03-25,S - Sale+OE,0.0001668075141885,0.7937521933235006,,-0.0049061528975987995,-0.0191191163773469,-0.0500123024999817,-0.0568935122801043,,traditional,,,,,,,,,,,,
CRM,2025-03-27,S - Sale,0.0001226918416247,0.7937127380344157,-0.010544647305927704,-0.0141260075488591,-0.0193023979459108,-0.044802634022193304,-0.0453975088095202,-0.0559421561154479,traditional,,,,,,,,,,,,
CRM,2025-04-04,P - Purchase,-3.138501284279582e-05,0.7993075221353338,-0.03334558383447186,-0.0101634739404262,0.009330979430826399,-0.016327895352234303,0.0094744849537617,-0.023871098880710144,traditional,,,,,,,,,,,,
CRM,2025-04-17,S - Sale,0.00116768454365,0.7714731581323939,-0.054468034021757095,-0.0105145040452762,-0.0283532572863174,0.0157577336571513,,,traditional,,,,,,,,,,,,
CRM,2025-04-24,S - Sale+OE,0.0008974196845098,0.7785108360111541,-0.037056167323733104,0.0356997171157983,0.030120148452391,0.031765756687279496,0.031469924563525396,-0.005586242760207705,traditional,,,,,,,,,,,,
CRM,2025-05-05,S - Sale,0.0008898827422867,0.8331406776511464,,0.0053950184305704,-0.0007185444261972006,-0.0030631031857457983,-0.0536208192702515,,traditional,,,,,,,,,,,,
CRM,2025-05-15,S - Sale+OE,0.00040644880209,0.8038415142416209,0.0010051682139231976,-0.0021093683201933,-0.010656296544216199,,,,traditional,,,,,,,,,,,,
CRM,2025-05-23,S - Sale+OE,0.0005611221031829,0.8385073853046037,,-0.0285148416698682,-0.0353402001435397,-0.07584703563308681,-0.07584703563308681,,traditional,,,,,,,,,,,,
CRM,2025-05-28,S - Sale,0.0006716060450855,0.8411716428089668,-0.07803355573354209,-0.0375280977876582,-0.0412828257952821,-0.0412828257952821,-0.0412828257952821,-0.1193163815288242,traditional,,,,,,,,,,,,
CRWD,2024-11-08,S - Sale,8.199959268207185e-05,1.355010556494922,0.009450615556669893,-0.003567178550997,0.0535726814167607,,,,traditional,,,,,,,,,,,,
CRWD,2024-11-15,S - Sale,6.268494216795301e-05,1.3427958548585788,,0.0078832771176277,0.026866591532685294,0.05963304201899938,,,traditional,,,,,,,,,,,,
CRWD,2024-12-02,S - Sale+OE,-0.0005684758921738,1.3222866373424398,0.026121103789285505,-0.0054077959904692005,,,,,traditional,,,,,,,,,,,,
CRWD,2024-12-04,S - Sale,-0.0006164791321902,1.320442152750048,,0.0288077786909282,-0.0032021161467355,0.027638751186783602,,,traditional,,,,,,,,,,,,
CRWD,2024-12-06,S - Sale+OE,-0.0006324086970476,1.3271094291969066,,-0.0078928336136815,-0.023435592887334593,0.03785385903525281,,,traditional,,,,,,,,,,,,
CRWD,2024-12-16,S - Sale,-0.0003405853484053,1.3272597618514794,,0.012972011098993399,0.013958298455800898,,,,traditional,,,,,,,,,,,,
CRWD,2024-12-18,S - Sale+OE,-0.0002330631999588,1.3247608804438462,,-0.018047306648015203,-0.014364077763314703,-0.028769071573709004,0.00282346295396183,,traditional,,,,,,,,,,,,
CRWD,2024-12-26,S - Sale,-0.0002774494361354,1.3151258688632392,,-0.008719611553925,-0.017069603353346695,,,,traditional,,,,,,,,,,,,
CRWD,2025-01-03,S - Sale,-0.0007148068048825,1.3271679454693537,,0.0108770186322428,0.0219058563013422,0.0013455528291643985,,,traditional,,,,,,,,,,,,
CRWD,2025-01-16,S - Sale,-0.0004154956528183,1.3171740248813184,,-0.021177293552708098,-0.0028966878781286967,0.008595922360973104,0.140205490851795,,traditional,,,,,,,,,,,,
CRWD,2025-02-06,S - Sale,-0.0003999360244548,1.3515186215763384,0.1234951736543939,0.0227548135564148,,,,,traditional,,,,,,,,,,,,
CRWD,2025-02-11,S - Sale,-0.0003597179471223,1.3482306280593654,,0.0183852746070281,0.032896468400749106,,,,traditional,,,,,,,,,,,,
CRWD,2025-02-18,S - Sale,-0.0001384757449036,1.3572635697620643,,,,,,,traditional,,,,,,,,,,,,
CRWD,2025-02-19,S - Sale,-0.0003785674396263,1.3433061092657836,,-0.036523937529413096,-0.09429045904585309,-0.065714073407007,,,traditional,,,,,,,,,,,,
CRWD,2025-03-04,S - Sale,0.000350566995001,1.350434918497951,,-0.0596221287957466,-0.12400522528121169,-0.026396156310292785,,,traditional,,,,,,,,,,,,
CRWD,2025-03-17,S - Sale,0.0008570875826888,1.335684698453828,,0.0437819690405774,0.0181800488775036,,,,traditional,,,,,,,,,,,,
CRWD,2025-03-25,S - Sale,0.0002777455728399,1.3731209850116084,,0.019038059081204102,0.024030848099852203,,,,traditional,,,,,,,,,,,,
CRWD,2025-04-02,S - Sale,0.0005225696683759,1.355899635147429,,0.028395750528516,0.039218388652578,,,,traditional,,,,,,,,,,,,
CRWD,2025-04-08,S - Sale,-0.0004762244052227,1.3350331393225392,,0.0323241838179098,0.0636522287286223,,,,traditional,,,,,,,,,,,,
CRWD,2025-04-10,S - Sale+OE,9.863483081094496e-05,1.342957204079782,0.0707976460224893,0.0303566277983172,0.061582188393990704,0.0601785913832316,0.1025073522663832,0.1733049982888725,traditional,,,,,,,,,,,,
CRWD,2025-04-16,S - Sale,0.0003766507086839,1.3689103424978248,,-0.0011306191777236008,-0.0010025042068981008,,,,traditional,,,,,,,,,,,,
CRWD,2025-04-22,S - Sale,0.0008252247589246,1.3480880213041404,,-0.0090115881902555,0.0348713758078452,,,,traditional,,,,,,,,,,,,
CRWD,2025-04-28,S - Sale,0.0003653260422428,1.3057068001525232,,0.0078346099435944,,,,,traditional,,,,,,,,,,,,
CRWD,2025-05-02,S - Sale,0.0002358478289614,1.3032768802721133,,0.0002616344206617,,,,,traditional,,,,,,,,,,,,
CRWD,2025-05-06,S - Sale,0.0002677008340589,1.2828837200710614,,-0.040207883532875896,-0.08221242283245339,-0.1044429805170245,-0.0366632145234195,,traditional,,,,,,,,,,,,
CRWD,2025-05-28,S - Sale,0.0014554811112137,1.2910046755095392,-0.007946196194821991,-0.0299219366336443,0.00017856477388570116,0.00017856477388570116,0.00017856477388570116,-0.007767631420936297,traditional,,,,,,,,,,,,
CSCO,2024-11-19,S - Sale,0.0003419783973173,0.3568324260101544,0.023111444150414648,-0.0006381745011127,,,,,traditional,,,,,,,,,,,,
CSCO,2024-11-21,S - Sale,0.0003420883181776,0.3575748663137754,,0.0168517700093781,0.030678322467505403,0.022774781110672503,,,traditional,,,,,,,,,,,,
CSCO,2024-12-02,S - Sale,0.0002391892151695,0.3591588115277595,,-0.0008178064920539245,,,,,traditional,,,,,,,,,,,,
CSCO,2024-12-06,S - Sale,0.0003351018078416,0.3769123346879136,,-0.0055527732654243,-0.0317445846657229,,,,traditional,,,,,,,,,,,,
CSCO,2024-12-12,S - Sale,0.0003513622185222,0.3760439521481541,,0.0018539208984941994,-0.003997181619062,0.0051166849315135,0.0196738759768311,,traditional,,,,,,,,,,,,
CSCO,2025-02-18,S - Sale,0.0007804855549993,0.374131519933329,0.07252119705879301,-0.0025573027950385,-0.007442741396245,,,,traditional,,,,,,,,,,,,
CSCO,2025-02-24,S - Sale,0.0010097400272663,0.3684679965838633,,0.012153325363142299,,,,,traditional,,,,,,,,,,,,
CSCO,2025-02-27,S - Sale,0.0006975066477992,0.4028170688343697,,0.0037243053259305003,0.0010884507439673035,0.011592804493687504,,,traditional,,,,,,,,,,,,
CSCO,2025-03-12,S - Sale,0.0010093114698098,0.402543409500633,,-0.0155697757657467,-0.008963697919195199,-0.022101400567731598,0.002984165936236302,,traditional,,,,,,,,,,,,
CSCO,2025-05-20,S - Sale,0.0012655420011249,0.6228734826421587,0.0324011943007047,-0.0026764291283592,-0.002169296857643,,,,traditional,,,,,,,,,,,,
CSCO,2025-05-29,S - Sale,0.0012883855187629,0.62502667500212,,-0.0077416255905149,-0.0077416255905149,-0.0077416255905149,-0.0077416255905149,,traditional,,,,,,,,,,,,
DELL,2024-11-19,S - Sale+OE,0.0010950130962405,1.7273683919189458,0.0942791672307979,-0.0333187643922378,0.0361815852410789,-0.10152136076712942,,,traditional,,,,,,,,,,,,
DELL,2024-11-26,S - Sale,0.0009491510585327,1.7050975029869435,0.010266452466055592,-0.1417312374603223,-0.13097883089995419,,,,traditional,,,,,,,,,,,,
DELL,2024-12-04,S - Sale,0.0015078535833952,1.6804380498889129,,-0.025843125630083702,,,,,traditional,,,,,,,,,,,,
DELL,2024-12-11,S - Sale,0.0013556351867576,1.6547435549916971,,-0.0006282884761725002,-0.0250528011477123,-0.009579591955553898,0.00010093451801140157,,traditional,,,,,,,,,,,,
DELL,2024-12-17,S - Sale+OE,0.001213263446183,1.667802793762694,,0.006616916772606799,0.016428597275641898,0.012339398161076898,0.055730865937480396,,traditional,,,,,,,,,,,,
DELL,2025-01-24,S - Sale+OE,-0.001080597217515,1.5367657212851429,,0.0044062421765329,-0.06207098840191681,-0.06868862680810991,-0.004594427182815795,,traditional,,,,,,,,,,,,
DELL,2025-02-20,S - Sale+OE,-0.0016675871217279,1.5170766463312877,0.1358073207717915,0.015803649734002653,-0.0019440187334844473,-0.05284455252429114,-0.020311159442327344,0.11549616132946416,traditional,,,,,,,,,,,,
DELL,2025-04-01,S - Sale,-0.0019148106582958,1.5668741379156177,0.035917753646250994,0.0221487597095418,-0.05173548943514689,-0.015131938927161488,0.08246931744356391,0.11838707108981489,traditional,,,,,,,,,,,,
DELL,2025-05-16,S - Sale,-0.0014052855000016,1.5062346261790975,0.035410556610995805,0.0235655449598582,0.0346081840144083,0.049793099509906194,0.017793720357363204,0.053204276968359006,traditional,,,,,,,,,,,,
EBAY,2024-11-06,S - Sale,0.0021683214709075,0.2296416286762295,-0.11075850102469394,-0.0061759811957108005,-0.004232549860549801,-0.021383123518063103,0.016175396465612495,-0.0945831045590814,traditional,,,,,,,,,,,,
EBAY,2024-11-19,S - Sale+OE,0.0019609582502743,0.2200648647464061,-0.0456900776031068,-0.015596681740178201,0.0195467735456236,0.014732434876428904,0.0261957624427196,-0.019494315160387195,traditional,,,,,,,,,,,,
EBAY,2024-11-27,S - Sale,0.0020428805490378,0.2107158704958434,0.03406774931226869,-0.0127754559601879,-0.0342489106025734,,,,traditional,,,,,,,,,,,,
EBAY,2024-12-05,S - Sale,0.0019376497105887,0.2984597145161162,,-0.0010269171762404003,-0.0077342679213173,-0.007540367215148797,-0.0234596650653784,,traditional,,,,,,,,,,,,
EBAY,2024-12-17,S - Sale+OE,0.001861333507115,0.271173572316146,-0.055464150052307704,0.014211786429687501,0.0220501753990429,-0.0215966506016064,-0.0305146886891439,-0.08597883874145161,traditional,,,,,,,,,,,,
EBAY,2025-01-06,S - Sale,0.0017993692330005,0.2321746773003649,-0.0471692002758487,0.0231503466693362,0.0716522225073873,0.0496794003292128,0.030090234266408906,-0.017078966009439797,traditional,,,,,,,,,,,,
EBAY,2025-01-17,S - Sale+OE,0.0013451676503301,0.2333667329247649,0.02992983259704842,0.0125007759839142,-0.029850674446549597,0.019784173494072604,0.013858775435054304,0.04378860803210274,traditional,,,,,,,,,,,,
EBAY,2025-02-05,S - Sale,0.0007636391775284,0.2672228363332453,0.017210585121239404,0.0048038581816164,0.0155186256632607,0.0322313640209279,0.056010750923541894,0.0732213360447813,traditional,,,,,,,,,,,,
EBAY,2025-02-19,S - Sale+OE,0.0011197861122262,0.300190165569915,0.035549706199409295,-0.0057739439535961,0.0098624847513017,-0.0617007680437408,-0.03655356156140581,-0.0010038553619964863,traditional,,,,,,,,,,,,
EBAY,2025-03-05,S - Sale,0.0013953195441211,0.2479414229569014,-0.014799806995818999,0.0180772587279084,0.029457635294204896,-0.018104685728081504,,,traditional,,,,,,,,,,,,
EBAY,2025-03-18,S - Sale+OE,0.0013208971102848,0.2470650773547518,-0.041136084106007,-0.0044770885223674,-0.0288252791684411,-0.0080712994305905,-0.0819490206111169,-0.12308510471712392,traditional,,,,,,,,,,,,
EBAY,2025-03-20,S - Sale,0.0014313736952351,0.2305746467440904,,-0.024537956681567,-0.0257542008205828,-0.004755303923833502,,,traditional,,,,,,,,,,,,
EBAY,2025-04-03,S - Sale,0.0012422569039555,0.2995897131666826,,-0.042573101618529195,,,,,traditional,,,,,,,,,,,,
EBAY,2025-04-07,S - Sale,0.0016565373967125,0.2836698707274619,,-0.044180969720140906,0.005731024703668493,0.03254445049025159,0.02916281784690669,,traditional,,,,,,,,,,,,
EBAY,2025-04-17,S - Sale+OE,0.0012785721319247,0.3589514837811329,-0.006911215462687194,0.0112438927310736,0.0202595641386816,0.004738155740091101,,,traditional,,,,,,,,,,,,
EBAY,2025-05-05,S - Sale+OE,0.0015242889993747,0.3559457988770145,,0.028316114356437702,0.006998973730466405,,,,traditional,,,,,,,,,,,,
EBAY,2025-05-06,S - Sale,0.001279877097292,0.4088044069348998,0.030552253107654297,-0.0079555898546811,,,,,traditional,,,,,,,,,,,,
EBAY,2025-05-08,S - Sale,0.0010094830002332,0.4153831549535949,,-0.009898951908287098,-0.0415662580415018,-0.010737286688569497,,,traditional,,,,,,,,,,,,
EBAY,2025-05-13,S - Sale+OE,0.0012038585696625,0.3855875705367262,,-0.0115446776356585,0.023281924505099104,,,,traditional,,,,,,,,,,,,
EBAY,2025-05-22,S - Sale,0.0015301685615397,0.3881739771720762,,0.0044895597206049,0.0006195680400325003,0.011831046674378003,0.011831046674378003,,traditional,,,,,,,,,,,,
EBAY,2025-05-23,S - Sale+OE,0.0015324235482548,0.3867609791691872,,-0.0008676111700259,-0.0048108867435001,0.0064934303656326,0.0064934303656326,,traditional,,,,,,,,,,,,
GOOGL,2024-11-01,S - Sale,0.0003516091640154,0.9102558535467448,0.05505599548099889,-0.0065820080213288,,,,,traditional,,,,,,,,,,,,
GOOGL,2024-11-04,S - Sale,0.0002449714018309,0.9048661781922092,,-0.0194304308636779,,,,,traditional,,,,,,,,,,,,
GOOGL,2024-11-06,S - Sale,1.3032356603744858e-07,0.9252439562163908,,,,,,,traditional,,,,,,,,,,,,
GOOGL,2024-11-07,S - Sale,-0.0001153231480873,0.9197973227977244,,-0.0037094927022489014,,,,,traditional,,,,,,,,,,,,
GOOGL,2024-11-12,S - Sale,-3.202469018362468e-05,0.9216027671535564,,-0.004729200590848999,-0.0141933271430071,,,,traditional,,,,,,,,,,,,
GOOGL,2024-11-18,S - Sale,-0.0001873869704808,0.9272499049206367,,0.0175534743410089,,,,,traditional,,,,,,,,,,,,
GOOGL,2024-11-21,S - Sale,-6.553352259677998e-05,0.9212267242235384,,-0.0662600470791911,-0.0480769371385504,-0.0511029118006465,,,traditional,,,,,,,,,,,,
GOOGL,2024-12-02,S - Sale,0.0001549345909651,0.9082933743862104,,0.0014665483478471996,0.0031525050573418993,,,,traditional,,,,,,,,,,,,
GOOGL,2024-12-10,S - Sale,-9.576853236005722e-05,0.917456964092761,,0.0974175493555675,,,,,traditional,,,,,,,,,,,,
GOOGL,2024-12-13,S - Sale,-5.392159734353364e-05,0.91786726359177,,-0.0121955059722967,,,,,traditional,,,,,,,,,,,,
GOOGL,2024-12-17,S - Sale,0.0002390573444195,0.873399951630901,,-0.0087851949409395,-0.0014075842602815991,-0.0019183265944068993,,,traditional,,,,,,,,,,,,
GOOGL,2025-01-02,S - Sale,0.0001366363803416,0.8828218436212161,,,,,,,traditional,,,,,,,,,,,,
GOOGL,2025-01-03,S - Sale,0.0001613404991967,0.8792453607564257,,-0.0032482731980823,0.014063906795332199,,,,traditional,,,,,,,,,,,,
GOOGL,2025-01-13,S - Sale,0.0006594200149981,0.8935662857441042,,-0.0082747993504978,,,,,traditional,,,,,,,,,,,,
GOOGL,2025-01-15,S - Sale,0.0008039717283146,0.9180526705637866,,0.0015801341872976006,0.0029359454049151003,0.0059522697250217,,,traditional,,,,,,,,,,,,
GOOGL,2025-01-30,S - Sale,0.0007626313392805,0.9630891698410808,,,,,,,traditional,,,,,,,,,,,,
GOOGL,2025-01-31,S - Sale,0.0006450179267256,0.9656297540405772,,0.0177014070323444,,,,,traditional,,,,,,,,,,,,
GOOGL,2025-02-03,S - Sale,0.0006596166668177,0.9645133694531168,,0.009135754615793901,-0.09070032085156049,-0.1096547945652897,,,traditional,,,,,,,,,,,,
GOOGL,2025-02-19,S - Sale,0.0003792768040133,0.9601685910967536,,,,,,,traditional,,,,,,,,,,,,
GOOGL,2025-02-20,S - Sale,0.0003991325139576,0.9609180085724932,,,,,,,traditional,,,,,,,,,,,,
GOOGL,2025-02-21,S - Sale,0.0004349913779024,0.9482099157899496,,-0.0061631764886905,-0.0245641013869486,,,,traditional,,,,,,,,,,,,
GOOGL,2025-02-28,S - Sale,0.0002721567005903,0.9555784798896372,,-0.0053144728886089,,,,,traditional,,,,,,,,,,,,
GOOGL,2025-03-03,S - Sale,0.0003706064419107,0.9596579488320957,,0.0321782468964215,0.052464045437307,,,,traditional,,,,,,,,,,,,
GOOGL,2025-03-13,S - Sale,-0.0002180556350443,0.9852733553823454,,-0.015221964254352599,-0.0302507756751225,-0.024644768347935497,,,traditional,,,,,,,,,,,,
GOOGL,2025-03-27,S - Sale,-0.0005448197129397,0.9428751153413254,,-0.034271078997781396,,,,,traditional,,,,,,,,,,,,
GOOGL,2025-03-31,S - Sale,-0.0005239283793058,0.9379503995924352,,,,,,,traditional,,,,,,,,,,,,
GOOGL,2025-04-01,S - Sale,-0.0004936282600622,0.932388327404888,,0.00031610256151800003,,,,,traditional,,,,,,,,,,,,
GOOGL,2025-04-04,S - Sale,-0.0003143244104047,0.9112083895542588,,0.0193529985536314,0.018894097573562897,,,,traditional,,,,,,,,,,,,
GOOGL,2025-04-14,S - Sale,-0.0003969531789278,0.9234127903003332,,-0.009727780916139501,,,,,traditional,,,,,,,,,,,,
GOOGL,2025-04-18,S - Sale,-0.0004124478827236,0.9250459800236336,,,0.0049326096798052,0.0038075436695925004,,,traditional,,,,,,,,,,,,
GOOGL,2025-05-01,S - Sale,-0.0004722948875849,0.9654024672101308,,0.0044284341890792,0.0160338296240491,,,,traditional,,,,,,,,,,,,
GOOGL,2025-05-09,S - Sale,-0.0003846314785503,0.8809320910198394,,-0.0095706353310739,0.0134836479749794,,,,traditional,,,,,,,,,,,,
GOOGL,2025-05-15,S - Sale,-0.0004984947075226,0.8826311009476993,,0.0030996355005528005,-0.006027748671597598,,,,traditional,,,,,,,,,,,,
GOOGL,2025-05-23,S - Sale,-0.0004609807407559,0.878811776188841,,-0.0048303977638765,0.002093515161137,-0.0011851393742585005,-0.0011851393742585005,,traditional,,,,,,,,,,,,
IBM,2024-11-08,S - Sale,0.0016086181239127,0.4220433922858979,-0.12044436616459729,-0.0018475225320407,-0.0107719023364639,-0.0191444443451586,0.05130801339585119,-0.06913635276874613,traditional,,,,,,,,,,,,
IBM,2024-11-13,P - Purchase,0.0015650133656277,0.4254461492023514,-0.13295221921905437,-0.0081549467112131,-0.0083264014416479,0.050599981621465694,0.057519503724422306,-0.0754327154946321,traditional,,,,,,,,,,,,
IBM,2025-02-28,P - Purchase,0.0009334991439824,0.3396509326099798,0.015857081693331002,-0.0096001222137038,-0.0113968087971944,0.029200990559409196,-0.0351813138486108,-0.019324232155279803,traditional,,,,,,,,,,,,
IBM,2025-03-03,S - Sale,0.0016500682673352,0.3371924065436423,0.006672752408820802,0.0099459614191473,0.0402215710774402,-0.011072994470129998,-0.03691377417577514,-0.03024102176695434,traditional,,,,,,,,,,,,
INTC,2024-11-06,P - Purchase,-0.0043213353963193,1.462805109656523,0.10363060269176949,0.0647160751841165,0.026098528087656794,0.0638108805419009,0.044724931584628896,0.14835553427639836,traditional,,,,,,,,,,,,
INTC,2024-11-08,S - Sale,-0.0045110221744416,1.4561496985880282,0.1518609553014642,0.0020586307833856,-0.028140773535977902,0.0159557203473897,-0.021032809654223106,0.1308281456472411,traditional,,,,,,,,,,,,
LRCX,2024-11-04,S - Sale,-0.0012581083081695,1.8482694017003491,-0.08321877792088071,0.0038830335287234,-0.0525351342386085,-0.0741414590570042,-0.08317567497541518,-0.16639445289629584,traditional,,,,,,,,,,,,
LRCX,2025-02-21,S - Sale+OE,-0.0022384218723444,1.723378308921927,0.095251878118501,0.0063814035774815,-0.002295473975005201,0.001560806674708995,0.11932664789760021,0.2145785260161012,traditional,,,,,,,,,,,,
META,2024-11-01,S - Sale+OE,0.0018732334260502,1.1781822393278298,-0.04767678489792811,-0.0120392976686496,-0.0564953287299651,-0.0617631270682616,,,traditional,,,,,,,,,,,,
META,2024-11-05,S - Sale,0.0017363920657315,1.178723454685927,-0.058897444848808704,-0.0347794693200469,,,,,traditional,,,,,,,,,,,,
META,2024-11-07,S - Sale,0.0015929052014203,1.1829946951115713,,0.008290652556601701,-0.0022059387215100984,-0.0229624008889516,,,traditional,,,,,,,,,,,,
META,2024-11-19,S - Sale+OE,0.0013038508122799,1.1791853409989002,,0.0064016624412523,-0.0098492616964959,-0.0013668256396473007,,,traditional,,,,,,,,,,,,
META,2024-11-21,S - Sale,0.0012419408392028,1.1955645047456582,,-0.0161594887080233,,,,,traditional,,,,,,,,,,,,
META,2024-11-26,S - Sale,0.0011790436111184,1.1885578439306466,,,,,,,traditional,,,,,,,,,,,,
META,2024-11-27,S - Sale,0.001193686175683,1.193098337262929,,-0.0016783571697765,0.0157548408535974,,,,traditional,,,,,,,,,,,,
META,2024-12-05,S - Sale,0.0011504491536227,1.2026041360865969,,0.0065548422437611996,0.007739290100592299,,,,traditional,,,,,,,,,,,,
META,2024-12-09,S - Sale+OE,0.0010197204640243,1.1702858004279817,,0.0011646418637928004,,,,,traditional,,,,,,,,,,,,
META,2024-12-12,S - Sale,0.0008824465046194,1.169976598628736,,-0.014995294081393901,-0.028119748640399202,,,,traditional,,,,,,,,,,,,
META,2024-12-16,S - Sale+OE,0.000827657071493,1.1725762562646254,,-0.013038767534891998,,,,,traditional,,,,,,,,,,,,
META,2024-12-19,S - Sale,8.835081752677209e-05,1.0707719520242285,,-0.0301624503289755,-0.017166057482035802,,,,traditional,,,,,,,,,,,,
META,2024-12-23,S - Sale+OE,6.045510066939616e-05,1.0629308251197571,,0.0132348422693544,,,,,traditional,,,,,,,,,,,,
META,2024-12-30,S - Sale+OE,0.0001473036205007,1.0738189971882393,,-0.0017672022491216001,0.013065178336991497,,,,traditional,,,,,,,,,,,,
META,2025-01-02,S - Sale,8.72049615561199e-05,1.072924625066615,,0.0149670012551496,0.044515964015982006,,,,traditional,,,,,,,,,,,,
META,2025-01-06,S - Sale+OE,0.000213065932676,1.0676080784205195,,0.0292627205208544,,,,,traditional,,,,,,,,,,,,
META,2025-01-10,S - Sale,0.0002020610952442,1.0668715343320818,,0.0255901097815942,,,,,traditional,,,,,,,,,,,,
META,2025-01-13,S - Sale+OE,0.0002813148180897,1.0648557092200386,,-0.0294099679997915,,,,,traditional,,,,,,,,,,,,
META,2025-01-16,S - Sale,0.0001792218212996,1.0635897228451985,,-0.014012067746874,-0.015027764137803,,,,traditional,,,,,,,,,,,,
META,2025-01-21,S - Sale+OE,9.145821583333134e-05,1.055776542387412,,,,,,,traditional,,,,,,,,,,,,
META,2025-01-22,S - Sale+OE,9.40039746790142e-05,1.0544778564438,,0.0161852655015274,,,,,traditional,,,,,,,,,,,,
META,2025-01-23,S - Sale,5.731327525633696e-05,1.0535778064838692,,0.0408878654945295,0.0928050994127773,,,,traditional,,,,,,,,,,,,
META,2025-01-27,S - Sale+OE,-7.84145454920238e-05,1.0398140188242162,,0.052045007529982805,,,,,traditional,,,,,,,,,,,,
META,2025-01-30,S - Sale,8.33129310431447e-05,1.0162951676807672,,0.018788263144987202,0.0387441367808323,,,,traditional,,,,,,,,,,,,
META,2025-02-03,S - Sale+OE,0.0001236211106271,1.0145292013447,,0.0198779351189807,,,,,traditional,,,,,,,,,,,,
META,2025-02-06,S - Sale,0.0002607026344038,1.0123096922811623,,0.02174753755512,0.0223209630719005,,,,traditional,,,,,,,,,,,,
META,2025-02-10,S - Sale+OE,0.0001808346119181,1.0132736452176618,,0.0007271803335018997,,,,,traditional,,,,,,,,,,,,
META,2025-02-12,S - Sale+OE,0.0003785925295628,0.996238863209381,,-0.003921259002168999,0.002779472071398701,,,,traditional,,,,,,,,,,,,
META,2025-02-13,S - Sale,0.0003171581271014,1.0001192638468677,,-0.004236602188229999,-0.032833818770178,-0.054415823068410495,,,traditional,,,,,,,,,,,,
META,2025-02-18,S - Sale+OE,0.000398421801014,1.010554672465669,,,,,,,traditional,,,,,,,,,,,,
META,2025-02-19,S - Sale+OE,0.0002232759067224,1.0119763005407787,,-0.0267435394338119,,,,,traditional,,,,,,,,,,,,
META,2025-02-24,S - Sale+OE,9.310978924086328e-06,1.0153472032222708,,-0.012441988136228599,0.013417697696885004,-0.005036081975765196,-0.017811305065553597,,traditional,,,,,,,,,,,,
META,2025-02-26,S - Sale,0.0005444580159363,0.9568253295450884,,,,,,,traditional,,,,,,,,,,,,
META,2025-02-27,S - Sale,0.0004828731416585,0.9622915891716296,,,,,,,traditional,,,,,,,,,,,,
META,2025-02-28,S - Sale,0.000568642351456,0.9662403448009425,,-0.0012175534006576,,,,,traditional,,,,,,,,,,,,
META,2025-03-03,S - Sale,0.0006666402249187,0.9630632870876412,,,,,,,traditional,,,,,,,,,,,,
META,2025-03-04,S - Sale,0.0007288673953763,0.958249730553166,,,,,,,traditional,,,,,,,,,,,,
META,2025-03-05,S - Sale,0.0008563054609895,0.9478933216061748,,,,,,,traditional,,,,,,,,,,,,
META,2025-03-06,S - Sale,0.0008447757084266,0.9456641085643888,,-0.0307809111218789,-0.024212246005141595,,,,traditional,,,,,,,,,,,,
META,2025-03-12,S - Sale,0.0009337891436503,0.919516747599058,,,,,,,traditional,,,,,,,,,,,,
META,2025-03-13,S - Sale,0.0009990434808816,0.9185204087046916,,-0.0250134128472733,-0.0558334366580421,,,,traditional,,,,,,,,,,,,
META,2025-03-19,S - Sale,0.0015394284791348,0.9082944850368316,,,,,,,traditional,,,,,,,,,,,,
META,2025-03-20,S - Sale,0.00132249383819,0.9124994582407108,,0.0164422295617522,0.03882106133685399,,,,traditional,,,,,,,,,,,,
META,2025-03-26,S - Sale,0.0011064487691066,0.9162258923710438,,,,,,,traditional,,,,,,,,,,,,
META,2025-03-27,S - Sale,0.0011610369023895,0.9184726585107448,,-0.0292624613265065,-0.0222572208269246,,,,traditional,,,,,,,,,,,,
META,2025-04-02,S - Sale,0.0011646815119188,0.917830681867168,,,,,,,traditional,,,,,,,,,,,,
META,2025-04-03,S - Sale,0.0011864159627449,0.920153745075512,,-0.0340919639618983,-0.006012629237670801,,,,traditional,,,,,,,,,,,,
META,2025-04-09,S - Sale,0.0012702121660878,0.9465895390858629,,,,,,,traditional,,,,,,,,,,,,
META,2025-04-10,S - Sale,0.0012828897046513,0.9507886730197196,,-0.0535494052018675,-0.102711707484196,,,,traditional,,,,,,,,,,,,
META,2025-04-16,S - Sale,0.000980565644001,0.97602692720145,,,,,,,traditional,,,,,,,,,,,,
META,2025-04-17,S - Sale,0.0009530886285524,0.969225285415316,,-0.0013744334921282,-0.0060932789957676,,,,traditional,,,,,,,,,,,,
META,2025-04-23,S - Sale,0.0010514750438223,0.9776193065269988,,,,,,,traditional,,,,,,,,,,,,
META,2025-04-24,S - Sale,0.0009995197657318,0.9683197926606966,,0.0104633088234614,0.0171557317660295,,,,traditional,,,,,,,,,,,,
META,2025-04-30,S - Sale,0.0007702245033678,0.985415549408842,,,,,,,traditional,,,,,,,,,,,,
META,2025-05-01,S - Sale,0.0008723945752023,0.9930580864110192,,0.0538699395056143,,,,,traditional,,,,,,,,,,,,
META,2025-05-06,S - Sale,0.0008028766482865,1.02856833121104,,,,,,,traditional,,,,,,,,,,,,
META,2025-05-07,S - Sale,0.0009844935318666,1.029679235928262,,,,,,,traditional,,,,,,,,,,,,
META,2025-05-08,S - Sale,0.0009744251966026,1.0267299167141697,,-0.0202097789143833,0.021831772889395997,,,,traditional,,,,,,,,,,,,
META,2025-05-14,S - Sale,0.0006146165852939,1.0776494912767678,,,,,,,traditional,,,,,,,,,,,,
META,2025-05-15,S - Sale,0.0004769642188014,1.0772900608123377,,-0.033556440527860096,-0.035735376574521194,,,,traditional,,,,,,,,,,,,
META,2025-05-19,S - Sale+OE,0.0006064640730133,1.078167612366104,0.039507398701437595,-0.0024348125556683,0.002896327580136699,0.004363667481705401,0.011031360711084702,0.050538759412522304,traditional,,,,,,,,,,,,
META,2025-05-21,S - Sale,0.0006341558380013,1.0834414861602948,,,,,,,traditional,,,,,,,,,,,,
META,2025-05-22,S - Sale,0.0004530686189752,1.0811159900762075,,-0.0064341092172431,-0.0092052643411036,,,,traditional,,,,,,,,,,,,
META,2025-05-29,S - Sale,0.0007673954187898,1.0768887872759287,,0.0037949149784784,0.0037949149784784,0.0037949149784784,0.0037949149784784,,traditional,,,,,,,,,,,,
MSFT,2024-11-12,S - Sale,-0.0002396492689959,0.8406920505677986,-0.04960672538393206,0.0205840742374643,0.021375916868160497,0.014971547574971097,,,traditional,,,,,,,,,,,,
MSFT,2024-11-25,S - Sale,-0.0002804850744897,0.8340546545203988,,0.0193460272482965,0.007386376304647,,,,traditional,,,,,,,,,,,,
MSFT,2024-12-02,S - Sale,-0.000600589139285,0.8763098789957535,,0.0075233727299040005,,,,,traditional,,,,,,,,,,,,
MSFT,2024-12-05,S - Sale,-0.0005643880756309,0.8770011503764417,,0.009611147318171899,,,,,traditional,,,,,,,,,,,,
MSFT,2024-12-10,S - Sale,-0.000685102350678,0.8716382313401967,,-0.0051019083545969,-0.0028569884337798,-0.007840343699888,-0.027901771575305406,,traditional,,,,,,,,,,,,
MSFT,2025-05-06,S - Sale,-0.0005430208047854,0.7426256587478656,0.0897403938006917,-0.0009815640343487,0.004519205660155,,,,traditional,,,,,,,,,,,,
MSFT,2025-05-16,S - Sale,-0.0005559256758343,0.7657266859124597,,-0.000885705669813,,,,,traditional,,,,,,,,,,,,
MSFT,2025-05-20,S - Sale,-0.000696657656674,0.764968372364689,,0.0013338509061950003,,,,,traditional,,,,,,,,,,,,
MSFT,2025-05-22,S - Sale,-0.0007066849206139,0.7656435687020109,,0.0016572785078085,0.0068338788953328,0.011667394121707302,0.011667394121707302,,traditional,,,,,,,,,,,,
MU,2024-12-26,S - Sale,-0.0001354896314398,1.7722726319099158,-0.13040792284916752,0.0204330381595291,0.0081612575542503,0.0466026764682685,,,traditional,,,,,,,,,,,,
MU,2025-01-10,S - Sale,-0.0005461281225893,1.7683360424796777,,0.0286425733750823,0.0387603115331156,0.05381779630497539,-0.07150333571213362,,traditional,,,,,,,,,,,,
MU,2025-02-19,S - Sale,-0.0019414304780219,1.7640081590097758,0.1775489198351966,-0.0232406044701715,-0.0359668091528024,-0.003977553503208497,,,traditional,,,,,,,,,,,,
MU,2025-03-05,S - Sale,-0.0028049853760482,1.7907703173998,,0.0067594705343136,0.0495051634213198,0.1815546990227606,,,traditional,,,,,,,,,,,,
MU,2025-03-18,S - Sale,-0.0022023453481752,1.7896130690692045,,-0.00034918155648029983,-0.070507132462426,,,,traditional,,,,,,,,,,,,
MU,2025-03-27,S - Sale,-0.0018920023945854,1.8109501343041128,,0.0219575929644523,0.017153102385613,-0.07102256163094159,-0.060511317136097705,,traditional,,,,,,,,,,,,
MU,2025-05-06,S - Sale,-0.0022528224169955,1.8194698473485285,0.048309608942748196,0.0426059370063848,0.066505813839092,0.0867492713998592,0.0952492176033603,0.14355882654610852,traditional,,,,,,,,,,,,
NOW,2024-11-06,S - Sale,0.0005604456618592,1.0020585023590407,0.0446753269032914,-0.0007420573364723994,0.017228476712865502,,,,traditional,,,,,,,,,,,,
NOW,2024-11-14,S - Sale+OE,0.0004749425322239,1.009066404235706,,-0.0047365207365099,,,,,traditional,,,,,,,,,,,,
NOW,2024-11-18,S - Sale,0.0005519488119354,0.9981455544099368,,-0.0067755483025576995,,,,,traditional,,,,,,,,,,,,
NOW,2024-11-19,S - Sale+OE,0.000517728653584,0.9977460505866876,,0.007228814443081199,0.0406910646754407,0.017324958405850695,0.05486686895892929,,traditional,,,,,,,,,,,,
NOW,2024-11-21,S - Sale,0.0004744652642047,0.9885803171945372,,0.0335668992942953,0.032808980460378896,,,,traditional,,,,,,,,,,,,
NOW,2024-11-27,S - Sale,0.0004114043186985,0.9948805356727976,,-0.0212983870230998,-0.033211333144307895,,,,traditional,,,,,,,,,,,,
NOW,2024-12-03,S - Sale,0.0004134590015168,0.9811431367578562,,0.053200182946673,0.0472391728210933,0.039249541832837596,0.0157487128794266,,traditional,,,,,,,,,,,,
NOW,2025-01-17,S - Sale+OE,0.0010198903468537,0.9905451635047428,-0.0152848800420201,-0.0024263837810149,0.0259808299685153,0.0698372370028155,-0.06213104821039399,-0.0774159282524141,traditional,,,,,,,,,,,,
NOW,2025-02-05,S - Sale,0.0010086152035146,0.9484755730207176,-0.05511122575028661,0.004433149517553199,0.004755218924426699,,,,traditional,,,,,,,,,,,,
NOW,2025-02-19,S - Sale+OE,0.0010144205157304,0.9497889654318354,,-0.0280687212936637,-0.03979692132746809,-0.0196583804448997,-0.08861313218815031,,traditional,,,,,,,,,,,,
NOW,2025-02-21,S - Sale,0.0010949722774112,0.9635238605620668,,-0.0104852188435769,,,,,traditional,,,,,,,,,,,,
NOW,2025-02-25,S - Sale,0.000992480401132,0.9562095806209808,,0.0241003504515606,,,,,traditional,,,,,,,,,,,,
NOW,2025-02-27,S - Sale,0.0013700066867634,0.912052348132093,,-0.0049927229337808,,,,,traditional,,,,,,,,,,,,
NOW,2025-03-03,S - Sale,0.0006886696683402,0.9237883488501732,,0.0007058183637940001,-0.0587515686022962,-0.05761132358743451,-0.06660513580707171,,traditional,,,,,,,,,,,,
NOW,2025-04-17,S - Sale+OE,0.0012719081039337,0.9293890378305862,0.029604739753757398,-0.0308449485528262,-0.0414302161931306,0.11611792647218391,0.12689681453415572,0.15650155428791312,traditional,,,,,,,,,,,,
NOW,2025-04-29,S - Sale,0.0007376957831792,0.9338139815457416,0.138138639779237,0.012907447369129799,0.006543282577101298,0.008349889672696897,,,traditional,,,,,,,,,,,,
NOW,2025-05-09,S - Sale+OE,0.0008369624775665,1.00534945743822,0.1362225499550436,0.0048351395166185,,,,,traditional,,,,,,,,,,,,
NOW,2025-05-14,S - Sale+OE,0.0007664003342308,1.005014718004227,,-0.0083581844498899,-0.0243559487459112,,,,traditional,,,,,,,,,,,,
NOW,2025-05-19,S - Sale,0.0005498424646108,1.0046541031190437,,-0.0152085691920328,-0.012659354731261,,,,traditional,,,,,,,,,,,,
NOW,2025-05-20,S - Sale+OE,0.0005819882087201,1.003282860717233,,0.0060485267782009,0.0018282505442549,-0.0138177691080768,-0.0138177691080768,,traditional,,,,,,,,,,,,
NOW,2025-05-27,S - Sale,0.0017358717552415,1.069884306160908,,-0.007383173767147399,,,,,traditional,,,,,,,,,,,,
NOW,2025-05-29,S - Sale,0.0016245338176447,1.0814434089218945,,-0.0140104713318663,-0.0140104713318663,-0.0140104713318663,-0.0140104713318663,,traditional,,,,,,,,,,,,
NVDA,2024-11-27,S - Sale,0.0025985689656321,2.341245859645773,-0.118469903053636,-0.0002403343317437,-0.0231892920373127,-0.0602352421741429,,,traditional,,,,,,,,,,,,
NVDA,2024-12-13,S - Sale,0.0022223264980324,2.301130751652276,,-0.0274823068190015,,,,,traditional,,,,,,,,,,,,
NVDA,2024-12-18,S - Sale,0.0020964465298897,2.3011941686393342,,0.08252920172692979,0.09965146294723959,0.0788934171590483,0.119242288868816,,traditional,,,,,,,,,,,,
NVDA,2025-01-08,S - Sale,0.0010290433777292,2.2125169274199465,0.064035569566844,-1.7266607575576432e-05,-0.007245288555552977,-0.03995295161772088,-0.10320325325705998,-0.03916768369021596,traditional,,,,,,,,,,,,
NVDA,2025-03-12,S - Sale,0.00035517650795,2.2224279646974705,0.06793912363218331,0.0786172116423387,,,,,traditional,,,,,,,,,,,,
NVDA,2025-03-17,S - Sale,0.0001266128096093,2.2239884455194123,,-0.0209468258430756,,,,,traditional,,,,,,,,,,,,
NVDA,2025-03-21,S - Sale,0.0003192560486518,2.24099874858316,,-0.019028525585039,,,,,traditional,,,,,,,,,,,,
NVDA,2025-03-25,S - Sale,0.0003412881373798,2.238803126916931,,-0.0285991738827387,0.0068124377292361,0.08851784193451079,0.0750435548594671,,traditional,,,,,,,,,,,,
ORCL,2025-01-24,S - Sale+OE,0.001258127990962,0.9880286349687046,0.0858476833572616,-0.0117530707818683,-0.1139859252954197,-0.06453266257788481,-0.07089714946952229,0.014950533887739297,traditional,,,,,,,,,,,,
ORCL,2025-02-14,P - Purchase,0.0005334369498452,0.9325669769207412,-0.04895924497993939,-0.0026011123253526,0.0369099847029439,0.0073457372988869965,-0.0514636072218752,-0.1004228522018146,traditional,,,,,,,,,,,,
ORCL,2025-03-21,P - Purchase,0.0010979591827528,1.1124476723768448,-0.0240059066631653,-0.0101178136070442,-0.0496609880608181,-0.070344831657979,-0.06305428435002901,-0.0870601910131943,traditional,,,,,,,,,,,,
ORCL,2025-04-04,S - Sale,0.0008632716559291,1.1693572225379485,-0.012542555782708301,0.00187145308541,-0.026541714041568798,-0.0424557517537224,-0.0487811976291941,-0.06132375341190239,traditional,,,,,,,,,,,,
ORCL,2025-04-15,S - Sale+OE,0.0010734598916592,1.1737224582840096,-0.049408390014060395,-0.0019732688530542998,-0.0103416295773272,-0.016667873128392303,0.022248136299159997,-0.027160253714900398,traditional,,,,,,,,,,,,
PLTR,2024-11-05,S - Sale,0.0031281864199593,1.5033481463066278,-0.05515476623698271,0.2487147305357485,,,,,traditional,,,,,,,,,,,,
PLTR,2024-11-12,S - Sale,0.0036205841986719,1.5122553883929295,,0.0058220181709338,0.1284092427574137,,,,traditional,,,,,,,,,,,,
PLTR,2024-11-15,S - Sale+OE,0.0036117824402799,1.502313007853927,,0.1413574053606107,,,,,traditional,,,,,,,,,,,,
PLTR,2024-11-20,S - Sale+OE,0.0037016329438758,1.4992383100847446,,-0.032104920272104,,,,,traditional,,,,,,,,,,,,
PLTR,2024-11-27,S - Sale,0.0038810388797625,1.4827988297500347,,0.0096366087432686,-0.019418864872167298,,,,traditional,,,,,,,,,,,,
PLTR,2024-12-03,S - Sale+OE,0.003852918761508,1.5080061137206693,,0.0198278989734509,0.09369038291613571,,,,traditional,,,,,,,,,,,,
PLTR,2024-12-04,S - Sale,0.0038236604804346,1.5136519685955578,,-0.011448958621867598,,,,,traditional,,,,,,,,,,,,
PLTR,2024-12-06,S - Sale,0.0048290054651811,1.6550456582669617,,0.0439659012961377,,,,,traditional,,,,,,,,,,,,
PLTR,2024-12-10,S - Sale,0.0052611444388262,1.6473373790407568,,-0.0342995304934701,0.012782800996808497,0.07703739804152049,0.015928899631103985,,traditional,,,,,,,,,,,,
PLTR,2024-12-13,S - Sale+OE,0.0054092150008903,1.6324023498273867,,0.0318398006279336,,,,,traditional,,,,,,,,,,,,
PLTR,2024-12-16,S - Sale+OE,0.0053498330434904,1.6312023499566073,,-0.0478514871241254,0.06353450114396239,0.030132553133002796,0.010901507810792799,,traditional,,,,,,,,,,,,
PLTR,2025-01-10,S - Sale,0.0047981544477296,1.4445796257555648,,0.004512888652633,-0.022193809003407797,0.011891118470071902,0.0972250141635593,,traditional,,,,,,,,,,,,
PLTR,2025-02-05,S - Sale,0.0051830382848275,1.4849731335126042,0.3721753457622524,,,,,,traditional,,,,,,,,,,,,
PLTR,2025-02-06,S - Sale,0.0048095017637713,1.4505101490950256,,0.09672934077984639,0.09588527741120291,,,,traditional,,,,,,,,,,,,
PLTR,2025-02-13,S - Sale,0.0044087789221679,1.502774476808464,,-0.022512744576897246,0.01781189026249165,-0.15525664341500306,,,traditional,,,,,,,,,,,,
PLTR,2025-03-05,S - Sale,0.005783531576968,1.5185625760613457,,-0.033614356019382494,,,,,traditional,,,,,,,,,,,,
PLTR,2025-03-07,S - Sale,0.0066905611380019,1.6009776541917384,,0.0373674523999922,0.0579484850937668,0.07039483602866552,0.05225132003605648,,traditional,,,,,,,,,,,,
PLTR,2025-03-14,S - Sale+OE,0.0073219921299913,1.6188901395269764,,0.0336192944043773,,,,,traditional,,,,,,,,,,,,
PLTR,2025-03-19,S - Sale+OE,0.0074548577028705,1.5966643714916384,,0.0092377364537936,0.0541730712590168,-0.015873586392725292,,,traditional,,,,,,,,,,,,
PLTR,2025-04-02,S - Sale+OE,0.0067514762033746,1.62800092134566,,0.0582407321761805,0.0748666536166258,0.0671538560080269,0.13195321802755383,,traditional,,,,,,,,,,,,
PLTR,2025-04-03,S - Sale,0.0070167884572101,1.6541487975180096,-0.02477027508926151,0.022177880759886897,,,,,traditional,,,,,,,,,,,,
PLTR,2025-04-07,S - Sale,0.0068301355988035,1.7237480876999842,,0.066745667598441,0.027747794031903604,0.10739341553182909,0.1498847852746384,,traditional,,,,,,,,,,,,
PLTR,2025-05-05,S - Sale,0.0077400808436797,1.8050819376164997,0.08411506446898678,-0.1110089101628584,-0.0807589350044075,-0.13735635873143728,,,traditional,,,,,,,,,,,,
PLTR,2025-05-12,P - Purchase,0.0078942331450333,1.7082346473931491,-0.0448417910620309,-0.026335697185380598,-0.0567153483110768,-0.1191160755052126,-0.09842469042669952,-0.14326648148873042,traditional,,,,,,,,,,,,
PYPL,2025-02-28,S - Sale,0.0011219046442639,0.5922689819976134,-0.07169980547487718,-0.0062703347576148,-0.021490044753385697,-0.007986803606427095,-0.0020094758553996987,-0.0737092813302769,traditional,,,,,,,,,,,,
TSLA,2024-11-04,S - Sale+OE,-0.0011219660588845,1.6402125307738058,0.18824202831952064,,,,,,traditional,,,,,,,,,,,,
TSLA,2024-11-05,S - Sale+OE,-0.0012634615381821,1.6459580107902332,,0.1133987618335448,0.20057010462258762,,,,traditional,,,,,,,,,,,,
TSLA,2024-11-13,S - Sale+OE,-0.0017193904029924,1.6041945604489296,,-0.034466584431909406,0.08211768349289889,,,,traditional,,,,,,,,,,,,
TSLA,2024-11-19,S - Sale+OE,-0.0018521153165302,1.6114003416982745,,-0.0013050409633036004,0.030265746151483097,-0.00015136115861510632,,,traditional,,,,,,,,,,,,
TSLA,2024-12-04,S - Sale+OE,-0.0001339400914821,1.686708541997483,,0.0320587290975968,,,,,traditional,,,,,,,,,,,,
TSLA,2024-12-06,S - Sale+OE,0.0004237868967013,1.797640298073807,,0.038418973065536,,,,,traditional,,,,,,,,,,,,
TSLA,2024-12-09,S - Sale+OE,0.0004952235393392,1.799625929869615,,0.0448693837642016,0.1082702980964036,0.1616992660303712,0.1209996768856507,,traditional,,,,,,,,,,,,
TSLA,2025-01-08,S - Sale+OE,0.0021134767912973,1.8608521597623644,-0.13400781213577703,0.000388363662805,0.0548138160741163,0.053572879624732186,-0.038665534719022704,-0.1726733468547997,traditional,,,,,,,,,,,,
TSLA,2025-02-05,S - Sale+OE,0.0031845852398431,1.991912208679897,-0.1419964489825224,-0.06631040876232369,-0.12916452053864308,-0.1550222680265353,-0.2288888346114003,-0.3708852835939227,traditional,,,,,,,,,,,,
TSLA,2025-02-10,S - Sale,0.0032429105562625,1.987910491204445,-0.197454671818431,-0.1123171595280532,-0.0788196237771569,-0.0858990527470372,-0.17616180035580575,-0.37361647217423677,traditional,,,,,,,,,,,,
TSLA,2025-03-05,S - Sale+OE,0.0032390062808443,1.9587287915096905,-0.1061198011809408,,,,,,traditional,,,,,,,,,,,,
TSLA,2025-03-06,S - Sale+OE,0.0031576435317873,1.9593351980461555,,-0.0280571846068011,-0.068694173070315,,,,traditional,,,,,,,,,,,,
TSLA,2025-03-12,S - Sale+OE,0.0029137849028985,1.980472910027856,,0.0548879920986088,-0.017900067366304097,0.020515187611081398,0.12253992387022479,,traditional,,,,,,,,,,,,
TSLA,2025-04-09,S - Sale+OE,0.001405937070397,2.1660895802441287,0.25699611020886615,-0.018813075132053398,-0.0802485563502216,-0.0574046271624008,-0.021287118218731294,0.23570899199013484,traditional,,,,,,,,,,,,
TSLA,2025-04-28,P - Purchase,0.0025069834833001,2.271028453967452,-0.06403714490592058,0.0095099795719468,-0.0804777050294503,-0.09194254307007849,-0.05484713725269119,-0.11888428215861183,traditional,,,,,,,,,,,,
TSLA,2025-05-01,S - Sale+OE,0.002963611965834,2.26907026493284,-0.0627419628420582,-0.0564852485174533,,,,,traditional,,,,,,,,,,,,
TSLA,2025-05-05,S - Sale+OE,0.0035358446991681,2.154445777931695,,-0.014128566149295101,,,,,traditional,,,,,,,,,,,,
TSLA,2025-05-08,S - Sale+OE,0.0033837823063024,2.1246838264109003,,0.0487064741640295,,,,,traditional,,,,,,,,,,,,
TSLA,2025-05-13,S - Sale+OE,0.002926491620334,2.0284245179764886,,0.0368624290150191,0.0310870165410803,,,,traditional,,,,,,,,,,,,
TSLA,2025-05-20,S - Sale+OE,0.0020217162365398,2.005730673391361,,0.0101466166544876,0.0346412457653144,,,,traditional,,,,,,,,,,,,
TSLA,2025-05-29,S - Sale+OE,0.0022422455584705,1.989264722335084,,-0.0349546834678316,-0.0349546834678316,-0.0349546834678316,-0.0349546834678316,,traditional,,,,,,,,,,,,
TXN,2024-11-13,S - Sale+OE,1.2127113509465296e-05,0.9683304368087832,,-0.0231009094499122,-0.0008067509100257997,-0.0565375195821758,,,traditional,,,,,,,,,,,,
TXN,2024-11-26,S - Sale+OE,0.0002762535602165,0.9366081446691394,,-0.0193801082495272,-0.0181676031013637,-0.0902698929244273,-0.1256734774132334,,traditional,,,,,,,,,,,,
TXN,2025-02-05,S - Sale,-5.262198246767209e-05,0.9450741210775466,-0.08339507561321591,0.0084913052299549,-0.0039914778864527,-0.0036801929677738993,,,traditional,,,,,,,,,,,,
TXN,2025-02-19,S - Sale,-7.359584754333508e-05,0.9305333320413074,,0.09560338823335851,0.11163603746363791,0.10983053418738521,0.08327773891310032,,traditional,,,,,,,,,,,,
TXN,2025-02-20,S - Sale+OE,-2.1203651494816232e-05,0.932276586398209,0.049651778937106,0.0541846941631908,,,,,traditional,,,,,,,,,,,,
TXN,2025-02-25,S - Sale+OE,-0.0003135816134454,0.955673000079212,,-0.0014045761220148993,,,,,traditional,,,,,,,,,,,,
TXN,2025-02-27,S - Sale+OE,-0.0003188678082204,0.8730510669688493,,0.0001837365810094995,,,,,traditional,,,,,,,,,,,,
TXN,2025-03-03,S - Sale+OE,-9.227484486715436e-05,0.8658473622317617,,0.020240530476248398,0.0024501794023785994,-0.045961614305831205,-0.038563628030293805,,traditional,,,,,,,,,,,,
VZ,2025-01-29,S - Sale,0.000469870521676,-0.1530187706260024,0.051602417666576,,,,,,traditional,,,,,,,,,,,,
VZ,2025-01-30,S - Sale,0.0004385268219402,-0.1503024842303966,,,,,,,traditional,,,,,,,,,,,,
VZ,2025-01-31,S - Sale,0.0004496162626595,-0.1473337208556638,,-0.0028828257489605,,,,,traditional,,,,,,,,,,,,
VZ,2025-02-05,S - Sale,0.0005189284665096,-0.1554810015371745,,,,,,,traditional,,,,,,,,,,,,
VZ,2025-02-06,S - Sale,0.0004280412196038,-0.1638831610544243,,-0.0084876616295089,0.006945371765783099,0.0211977031320509,0.0628310811363987,,traditional,,,,,,,,,,,,
VZ,2025-02-27,S - Sale,0.0004964443908973,-0.1684120309079901,0.066111270145579,-0.0047737676617947995,-0.015734494100244897,0.0551564536658036,0.003128247495870996,0.06923951764144998,traditional,,,,,,,,,,,,
VZ,2025-04-24,S - Sale,0.0006895735611454,-0.2410777467128847,-0.051144323072632406,-0.0101718497858489,0.014201384314886701,,,,traditional,,,,,,,,,,,,
VZ,2025-04-25,S - Sale+OE,0.0007496013148185,-0.2473707731567845,0.028728372352662204,-0.0186472956959948,0.030516314496033897,0.022248736334020993,,,traditional,,,,,,,,,,,,
VZ,2025-05-01,S - Sale,0.001013193936423,-0.2374467275096621,,-0.001935874353596401,0.0016552544804927984,,,,traditional,,,,,,,,,,,,
VZ,2025-05-08,S - Sale,0.0004981194287148,-0.13960496476406,,-0.0058745133152696,-0.0206771317109092,0.010680607504728297,-0.013045305982075001,,traditional,,,,,,,,,,,,
VZ,2025-05-09,S - Sale+OE,0.000671254917426,-0.0675332066257388,,-0.0006683193973415,-0.0273324481596635,0.016582849753589,-0.010362215653714892,,traditional,,,,,,,,,,,,
AAPL,2024-11-19,S - Sale,,,-0.050007,0.0037123076923076,0.0042662861395126005,0.0229872861395126,0.029202136139512596,-0.02080486386048739,llm,mistral-small-3.2-24b,with_formula,0.000949,0.987654,0.0004425011001341,0.7746384139684408,-0.03290501096427519,-0.0037861375430925004,-0.0023912656111071996,0.0192033554020457,0.0349560034938249,0.0020509925295496972
AAPL,2024-12-18,S - Sale,,,0.006422999999999998,0.017739,0.019206000000000004,0.021701,-0.022997999999999998,-0.016575,llm,mistral-small-3.2-24b,with_formula,0.001122,0.850321,0.0004351126615368,0.729336515237182,0.0313894860706595,0.0114538796721506,0.017776365086237804,0.019318191780120002,-0.0282476050208757,0.0031418810497838012
AAPL,2025-02-04,S - Sale+OE,,,-0.037970000000000004,0.004528,-0.007854,0.033913,0.079123,0.041153,llm,mistral-small-3.2-24b,with_formula,0.001234,0.890123,0.0010994606000943,0.7481412529507987,-0.048282561522890205,0.005822908338586099,-0.010752067193812501,0.0382488031359968,0.07086435193017039,0.02258179040728018
AAPL,2025-04-03,S - Sale+OE,,,0.043429999999999996,-0.058704,-0.125101,-0.07329,-0.045179,-0.0017489999999999925,llm,mistral-small-3.2-24b,with_formula,0.001623,0.923456,0.0008252254212551,0.6571389218859174,0.0430620956656949,-0.0895469581532317,-0.1642785032225342,-0.08040748965258021,-0.05232696198612952,-0.009264866320434616
AAPL,2025-04-25,S - Sale,,,0.016611000000000008,-0.00812,-0.00033000000000000043,-0.087065,,,llm,mistral-small-3.2-24b,with_formula,0.001239,0.987654,0.0005910140175471,0.6803740488594671,0.037376674058906906,-0.0048205287568939,0.0062275022819333,-0.0760226757235221,,
AAPL,2025-05-14,S - Sale,,,,-0.013328,-0.031988,-0.073996,-0.06577900000000002,,llm,mistral-small-3.2-24b,with_formula,0.000923,0.987654,0.0001004232523448,0.931722145062702,,-0.012185681384989199,-0.0300512217128339,-0.07323252615827411,-0.06397270803744831,
ADBE,2024-12-10,S - Sale,,,0.054825000000000006,-0.010134,-0.161146,-0.183342726,-0.182443726,-0.12761872600000002,llm,mistral-small-3.2-24b,with_formula,0.000312,0.987654,-0.0018593717174123,0.8305695870802862,0.08587211177714349,-0.0052085028903178995,-0.1527742457531145,-0.1689202484004443,-0.15925872101235905,-0.07338660923521549
ADBE,2025-01-28,S - Sale+OE,,,0.040155,-0.006526,-0.016292,-0.021644,0.012198000000000004,0.05235299999999999,llm,mistral-small-3.2-24b,with_formula,0.0006306532012109,0.9200141282200622,-0.0018593413402468,0.8706723718361598,0.06613554335138849,-0.0024005980866991005,-0.007861026299652199,-0.0041803080013606,0.044531901212282496,0.110667444563671
ADBE,2025-01-30,P - Purchase,,,0.049833999999999996,-0.009241999999999998,-0.004851999999999999,-0.014945,0.014637825634351911,0.06447182563435191,llm,mistral-small-3.2-24b,with_formula,0.000729,0.9562,-0.0018656451325165,0.8537523747991954,0.06884842313476248,-0.0054519096137904,0.0033300231266415996,-0.0018250195860237007,0.04307010791423431,0.1119185310489968
ADBE,2025-03-21,P - Purchase,,,-0.047898,-0.011118,0.009476,0.00643,-0.038231999999999995,-0.08613,llm,mistral-small-3.2-24b,with_formula,0.000907,0.982345,-0.0008857861317949,0.7252068744365043,-0.04911422916658338,-0.0089342573852582,0.0161252399239736,0.007039125457790797,-0.040341398066935,-0.08945562723351837
ADBE,2025-05-06,S - Sale,,,0.018503,0.014664,-0.0015859999999999993,0.014929,0.014237000000000001,0.032740000000000005,llm,mistral-small-3.2-24b,with_formula,0.001122,0.923456,-0.0012785028093136,0.781771273072353,0.0540698356584474,0.01742057600197,0.0071759533093413005,0.0444525244706918,0.0475837929950531,0.1016536286535005
ADI,2024-11-04,S - Sale,,,-0.0433437,-0.04552,-0.050008,-0.101464,-0.087716,-0.13105970000000003,llm,mistral-small-3.2-24b,with_formula,0.000923,0.923456,-0.0002398212538514,1.2014812332581266,-0.025471965441898305,-0.047817197033040604,-0.0639233711655606,-0.11294204551365442,-0.09369738613642901,-0.11916935157832728
ADI,2024-11-05,S - Sale+OE,,,-0.004677782222940699,-0.030848999999999998,-0.04805827471108,-0.1058359334788716,-0.046346258710261885,-0.05102404093320257,llm,mistral-small-3.2-24b,with_formula,0.0006307004591413,0.920010730920041,-0.0001955977651487,1.198428871378849,0.004630372553348899,-0.041713681973973,-0.0623849281215713,-0.11235013392049169,-0.05378394365792548,-0.049153571104576604
ADI,2024-12-12,S - Sale+OE,,,-0.032647999999999996,0.0021010000000000004,-0.019835,-0.0031190000000000002,0.011896,-0.020752000000000007,llm,mistral-small-3.2-24b,with_formula,0.000823,0.952411,-0.000478999688521,1.1572532647826128,-0.03645270837773319,0.004861994790760601,-0.0177116568742746,0.0052076792784977,0.026891929035087497,-0.009560779342645693
ADI,2025-01-03,S - Sale+OE,,,0.014305936170213897,0.00167,0.030989000000000003,0.016994000000000002,0.03581000000000001,0.0501159361702139,llm,mistral-small-3.2-24b,with_formula,0.001234,0.987654,-0.0002250779267932,1.179760474693016,0.016750954994884198,-0.0016129993500772,0.0309870985894172,0.021301619392143402,0.0345901330158594,0.05134108801074361
ADI,2025-02-27,S - Sale+OE,,,0.15332755988845434,-0.002666,0.013973,,,,llm,mistral-small-3.2-24b,with_formula,0.000923,0.923456,-0.0005780058703118,1.1065385358478537,0.17077989908498967,-0.0006511362514875999,0.020983343016522202,,,
ADI,2025-03-05,S - Sale+OE,,,,,,,,,llm,mistral-small-3.2-24b,with_formula,0.0006307692307692,0.92027397260274,-0.000566606646969,1.1155738839800518,,,,,,
ADI,2025-03-12,S - Sale,,,,,,,,,llm,mistral-small-3.2-24b,with_formula,0.002133,0.9506,-0.0006787699741999,1.103140139903158,,,,,,
ADI,2025-03-13,S - Sale,,,,0.004173,0.020196,,,,llm,mistral-small-3.2-24b,with_formula,0.001234,0.987654,-0.0008612116476176,1.103706727104452,,0.005192918482831299,0.0245283334017323,,,
ADI,2025-03-20,S - Sale,,,,-0.029945,-0.012235999999999999,,,,llm,mistral-small-3.2-24b,with_formula,0.001234,0.987654,-7.203271318789338e-05,1.1105863548844206,,-0.028625125102278402,-0.014143164763436602,,,
ADI,2025-03-26,S - Sale,,,,0.0025810000000000004,-0.004482000000000001,-0.102119,-0.071668,,llm,mistral-small-3.2-24b,with_formula,0.001234,0.987654,0.000103559921262,1.1014758618851546,,0.006281482482304901,0.002566182593394101,-0.08119929003992031,-0.0671480410961702,
ADI,2025-04-02,S - Sale+OE,,,-0.024905295652174003,-0.045732,-0.042832999999999996,-0.04753999999999999,-0.028529,-0.053434295652174,llm,mistral-small-3.2-24b,with_formula,0.000732,0.923456,8.800346985695382e-06,1.096278722158024,-0.0238767158679813,-0.0357712154987298,-0.02215827829467821,-0.04250131248813621,-0.01894758987623901,-0.04282430574422029
ADI,2025-04-17,S - Sale,,,-0.07082799999999999,0.003076,0.014328999999999998,0.038048,0.041091,-0.029736999999999996,llm,mistral-small-3.2-24b,with_formula,0.001234,0.987654,-0.0005597414640808,1.0864552526242974,-0.051695529610303485,0.0038721713992996,0.016106216336146503,0.0358449929142884,0.045449607467020106,-0.006245922143283376
ADI,2025-05-02,S - Sale+OE,,,-0.026494000000000004,0.011189,0.030535,0.090026,0.027594,0.0010999999999999899,llm,mistral-small-3.2-24b,with_formula,0.001123,0.987654,-0.0005787091611489,1.0964801958421453,0.023648758743499504,0.0090826826742306,0.032128912923059694,0.08771258225629819,0.029125000701643103,0.05277375944514259
ADI,2025-05-08,S - Sale,,,0.04255400000000001,0.027372999999999998,0.05978699999999999,0.05167499999999999,0.007878,0.050432000000000005,llm,mistral-small-3.2-24b,with_formula,0.000923,0.987654,-0.0005252447905012,1.1745278117794486,0.03345411247035677,0.026355902472089597,0.048590959540915,0.0396611304004549,-0.0006616758462349071,0.03279243662412187
ADP,2024-11-08,S - Sale+OE,,,-0.012923,-0.001252,0.006542,-0.0020139999999999993,0.010800999999999998,-0.002121999999999998,llm,mistral-small-3.2-24b,with_formula,0.000932,0.9206,0.0011140914110052,0.0908055485792724,0.024039262698088804,-0.0015894348663942,0.0044113267678286,-0.0283440874164857,-0.007305892249814906,0.016733370448273895
ADP,2025-01-03,S - Sale,,,-0.007430783150183204,-0.0103165959595959,,,,,llm,mistral-small-3.2-24b,with_formula,0.000923,0.852131,0.0008400829577889,0.1815273931299116,-0.02801310273380335,0.0029935209632175,,,,
ADP,2025-01-07,S - Sale+OE,,,,,,,,,llm,mistral-small-3.2-24b,with_formula,0.001123,0.890214,0.0007706379815011,0.1815537928255725,,,,,,
ADP,2025-01-08,S - Sale+OE,,,,0.01163,0.019949,,,,llm,mistral-small-3.2-24b,with_formula,0.001123,0.987654,0.0008135899602861,0.1866137777061493,,0.0113912148506022,0.0079312156624314,,,
ADP,2025-01-14,S - Sale+OE,,,,,,,,,llm,mistral-small-3.2-24b,with_formula,0.000923,0.952131,0.0008125625202409,0.1858538523907708,,,,,,
ADP,2025-01-15,S - Sale+OE,,,,0.001651999999999999,-0.009891,-0.020678000000000002,,,llm,mistral-small-3.2-24b,with_formula,0.000636,0.850612,0.0007728210159063,0.1880433314052355,,0.0110200022717547,0.0072397735619308,0.004200226550058699,,
ADP,2025-02-12,S - Sale+OE,,,,-0.001093,-0.013317,0.017435,0.084253,,llm,mistral-small-3.2-24b,with_formula,0.001234,0.987654,0.0008050201001712,0.2026396639181168,,0.0097648331908543,0.0014628862499127,0.0118650937414518,0.028196454852842494,
ADP,2025-03-12,S - Sale+OE,,,0.064479,0.0006389999999999998,-0.0013200000000000017,-0.004498000000000001,0.0496423170985092,0.1141213170985092,llm,mistral-small-3.2-24b,with_formula,0.000932,0.9502,0.0010339978666491,0.1537667070193839,-0.060518811457282704,-0.0073205434071599,0.012165878611658399,0.004029525421488201,0.03727351727635167,-0.023245294180931037
ADP,2025-04-02,S - Sale,,,0.016414999999999992,0.039099,0.015349000000000002,0.011139000000000003,0.008712000000000001,0.025127000000000017,llm,mistral-small-3.2-24b,with_formula,0.001123,0.852142,0.0012501425728384,0.1720446220129814,0.031380090274796,0.0025390855888588,-0.070350240394443,-0.023113059342454098,-0.047857308061574594,-0.016477217786778593
ADP,2025-04-14,S - Sale+OE,,,0.07966147306230059,-0.010828,0.004563999999999999,-0.040085027656039204,-0.05394302765603921,0.02571844540626141,llm,mistral-small-3.2-24b,with_formula,0.000630653,0.920696,0.0008869909252588,0.2109410912409068,0.009883702623591398,-0.0078823976774056,-0.0189937508737844,-0.0287841030769187,-0.013379545534752802,-0.003495842911161397
ADP,2025-05-14,S - Sale+OE,,,-0.006676000000000001,0.016484608092928,0.0332493858707057,0.051295385870705694,0.0470933858707057,0.0404173858707057,llm,mistral-small-3.2-24b,with_formula,0.000923,0.9506,0.001381899129935,0.3657782927727088,-0.018092632797406603,0.020036758211994167,0.037684852417773765,0.03551652929681946,0.03644876646175956,0.018356133664352965
AMAT,2025-02-25,S - Sale,,,-0.03360199999999999,0.010308,-0.03968000000000001,-0.020255000000000006,-0.0019080000000000026,-0.03550999999999997,llm,mistral-small-3.2-24b,with_formula,0.000923,0.982636,-0.0020130867527665,1.6967673915005976,0.006867042230233204,0.0225554475141124,-0.0152219845112237,0.0393685178864262,0.08584739419083791,0.0927144364210711
AMAT,2025-04-03,S - Sale,,,-0.031103999999999996,-0.030034,0.0072790000000000025,0.041483000000000006,0.0318959568945494,0.0007919568945494084,llm,mistral-small-3.2-24b,with_formula,0.000923,0.987654,-0.0022061362452214,1.659021151458678,-0.013007406722115,0.0539246572889327,0.1095405306167125,0.0844855349585698,0.09197671980819971,0.07896931308608471
AMAT,2025-04-07,P - Purchase,,,-0.0686972151147068,0.037509,0.073044,0.044397,0.080861,0.012163784885293205,llm,mistral-small-3.2-24b,with_formula,0.001123,0.987654,-0.0019281652631331,1.6432305032479673,0.042140744463049606,0.0547362253977849,0.030412649495071598,0.0292506816175713,0.029104008755352802,0.0712447532184024
AMZN,2024-11-05,S - Sale,,,0.048887,,,,,,llm,mistral-small-3.2-24b,with_formula,0.000318,0.9876,-8.967525249826698e-05,1.0960506534042356,0.0539116976931777,,,,,
AMZN,2024-11-06,S - Sale,,,,0.009875,,,,,llm,mistral-small-3.2-24b,with_formula,0.000318,0.952341,-0.00014474798893,1.0969404338022886,,0.0037219896749143,,,,
AMZN,2024-11-08,S - Sale,,,,-0.009503,,,,,llm,mistral-small-3.2-24b,with_formula,0.00063,0.950214,-3.298659084212738e-05,1.09893926153048,,-0.0098573726521123,,,,
AMZN,2024-11-12,S - Sale,,,,0.03662,,,,,llm,mistral-small-3.2-24b,with_formula,0.000923,0.950214,-3.0135860190326505e-05,1.0959023575831548,,0.0387775556903185,,,,
AMZN,2024-11-14,S - Sale,,,,-0.026178,-0.03246,-0.070941,,,llm,mistral-small-3.2-24b,with_formula,0.000318,0.987654,1.3182341998795367e-05,1.0895095875790244,,-0.022856020288518297,-0.030804719622588097,-0.0687616746373089,,
AMZN,2024-11-19,S - Sale+OE,,,0.04456299999999999,-0.0033350000000000003,-0.034435,,,,llm,mistral-small-3.2-24b,with_formula,0.000949,0.987654,8.364982738990077e-05,1.088706285186431,0.05302579463263611,-0.0043075753694717,-0.035159535379174,,,
AMZN,2024-12-04,S - Sale,,,,0.020165,,,,,llm,mistral-small-3.2-24b,with_formula,0.000318,0.9826,0.0002872084069816,1.1110327724516953,,0.019959263320561,,,,
AMZN,2024-12-06,S - Sale,,,,0.02078,,,,,llm,mistral-small-3.2-24b,with_formula,0.000923,0.923456,0.0003412775078467,1.117893010884488,,0.0199883994507882,,,,
AMZN,2024-12-11,S - Sale,,,,0.006623,0.0107143209874712,0.004748320987471201,-0.0069176790125287995,,llm,mistral-small-3.2-24b,with_formula,0.000635,0.987654,0.0001544737539333,1.1186488370759489,,0.0049038158187572,0.006830371230645199,0.005500530748528701,-0.005263253045285998,
AMZN,2025-02-14,S - Sale,,,-0.021270999999999998,-0.011221,-0.021765,-0.045928,,,llm,mistral-small-3.2-24b,with_formula,0.000923,0.987654,0.0001829872401593,1.1052370006717729,-0.020681399855139504,-0.0120145748704271,-0.0229721404626849,-0.0433383052761698,,
AMZN,2025-02-19,S - Sale+OE,,,-0.06258799999999999,-0.012922,-0.025903999999999996,,,,llm,mistral-small-3.2-24b,with_formula,0.000318,0.987654,0.0001447516687707,1.1128479663492872,-0.0683680376306968,-0.0125472186177064,-0.021021601085717198,,,
AMZN,2025-03-05,S - Sale,,,,-0.0026449999999999998,-0.0007721231550949989,0.009070876844905002,0.019937876844905004,,llm,mistral-small-3.2-24b,with_formula,0.000318,0.956,0.0003057059741336,1.0662536629230084,,-0.0028167590723454,0.0008697488314667028,-0.00026109573064229865,0.005831855099895401,
AMZN,2025-04-03,S - Sale,,,-0.0055309999999999995,-0.014952,0.003925000000000001,-0.005959999999999998,-0.0246983013092802,-0.030229301309280195,llm,mistral-small-3.2-24b,with_formula,0.000923,0.987654,9.876834369629328e-05,1.077334626623379,-0.007821429058022598,-0.004553273431374502,0.015999972105232296,-0.0028820643561394037,-0.0248331604887304,-0.032654589546753
AMZN,2025-05-05,S - Sale,,,-0.02222,-0.010412000000000001,0.018001779230769198,,,,llm,mistral-small-3.2-24b,with_formula,0.000923,0.987654,0.000324513130931,1.1333352116379976,-0.0352886144434257,-0.0087139201390708,0.017976736741394,,,
AMZN,2025-05-14,S - Sale,,,,-0.035246,-0.03830603337587249,-0.040049033375872484,-0.04028303337587249,,llm,mistral-small-3.2-24b,with_formula,0.000923,0.987654,8.516349924708852e-05,1.074911677207732,,-0.0354252634115163,-0.0365755275787142,-0.0351356745506229,-0.03706523827614447,
AMZN,2025-05-19,S - Sale+OE,,,-0.0071719999999999996,-0.0042592421204325995,,,,,llm,mistral-small-3.2-24b,with_formula,0.000923,0.980612,-8.04758410865299e-05,1.068769422787029,-0.012622092446786502,-0.0034005010087682,,,,
AMZN,2025-05-23,S - Sale+OE,,,,-0.000909,-0.001494,-0.0008680000000000001,-0.0008680000000000001,,llm,mistral-small-3.2-24b,with_formula,0.000312,0.987654,0.0001356763184093,1.0833673767741463,,0.0002673448174792,-0.0024550483136165,-0.002035266626179951,-0.002035266626179951,
ANET,2024-11-06,S - Sale+OE,,,,0.021459,-0.058827000000000004,-0.087269,-0.03103999999999999,,llm,mistral-small-3.2-24b,with_formula,0.000842,0.912356,0.0011803450989071,1.6828953727050893,,-0.0142887186691086,-0.0979732240223102,-0.107007712511964,-0.07013866135684022,
ANET,2024-11-08,S - Sale,,,,-0.071806,-0.08339700000000001,-0.12467800000000001,,,llm,mistral-small-3.2-24b,with_formula,0.000312,0.987654,0.0012599988364086,1.6890345906805542,,-0.073702743728144,-0.0858300881235829,-0.1148373415899809,,
ANET,2024-11-25,S - Sale,,,,-0.004950999999999999,-0.014773999999999997,,,,llm,mistral-small-3.2-24b,with_formula,0.000923,0.987654,0.0007418317266119,1.670769113514273,,-0.011549311712256299,-0.022954744500368496,,,
ANET,2024-12-04,S - Sale,,,,0.018005,0.0071670000000000015,,,,llm,mistral-small-3.2-24b,with_formula,0.000923,0.923456,0.0008333655412808,1.6487746930001688,,0.010526282798978201,-0.002504232176587299,,,
ANET,2024-12-10,S - Sale+OE,,,0.069517,-0.00419,0.048659999999999995,0.06696,0.05834500000000001,0.127862,llm,mistral-small-3.2-24b,with_formula,0.000765,0.952341,0.0005252028470818,1.6441868698638324,0.0470157800475954,-0.0133455950039247,0.0425700902301404,0.0747724894706233,0.0670386012247638,0.1140543812723592
ANET,2024-12-11,S - Sale,,,,0.008209000000000001,0.083187,0.08099200000000001,0.07282400000000001,,llm,mistral-small-3.2-24b,with_formula,0.000765,0.923456,0.0004507379127048,1.6452940376477665,,0.0010073272393725007,0.066110166170998,0.0825422253567657,0.08133952637804469,
ANET,2025-01-06,S - Sale,,,0.014524000000000007,0.007956000000000001,0.015165000000000001,0.039043,,,llm,mistral-small-3.2-24b,with_formula,0.000630653,0.987654321,0.0007781428068155,1.6177593805759165,0.025038528980805694,0.010746735106136,0.028214251997365998,0.042822542298365504,,
ANET,2025-01-08,S - Sale+OE,,,0.057955,0.001706,-0.0041730000000000005,0.031641,-0.058759,-0.0008039999999999922,llm,mistral-small-3.2-24b,with_formula,0.000765,0.950321,0.0009059650755034,1.6048969621809726,0.046978858532792295,0.0018915171030887,0.007380046180152901,0.021489715491605003,-0.07855630273546968,-0.03157744420267738
ANET,2025-01-23,S - Sale,,,,-0.0027729999999999994,-0.15225899999999998,-0.068861,,,llm,mistral-small-3.2-24b,with_formula,0.000869,0.9006,0.0008693687630442,1.5962104543537283,,-0.002370535096185701,-0.1487367553116434,-0.06270984814120709,,
ANET,2025-02-05,S - Sale,,,,0.018994999999999998,0.064232,-0.066764,,,llm,mistral-small-3.2-24b,with_formula,0.000923,0.987654,0.0010858703999143,1.567163581687534,,0.0131602525166698,0.0595516997233771,-0.0846943477378875,,
ANET,2025-02-10,S - Sale+OE,,,0.028859000000000006,-0.019543576,-0.125987576,-0.152886576,-0.199413576,-0.17055457600000004,llm,mistral-small-3.2-24b,with_formula,0.000602,0.980612,0.0009524262913552,1.5675948979603551,0.01773315962563132,-0.0249715325105345,-0.1451409162393363,-0.17305336896257123,-0.19054205092208584,-0.17280889129645455
ANET,2025-02-18,S - Sale,,,,-0.02652199999999999,,,,,llm,mistral-small-3.2-24b,with_formula,0.0003205626847582,0.9806602217237016,0.0012455236797628,1.5261529243692966,,-0.029819905700143007,,,,
ANET,2025-02-21,S - Sale,,,,-0.027553,,,,,llm,mistral-small-3.2-24b,with_formula,0.000739,0.9502,0.0014832938683011,1.5274384913152723,,-0.0172655677926525,,,,
ANET,2025-02-25,S - Sale,,,,,,,,,llm,mistral-small-3.2-24b,with_formula,0.000602,0.980611,0.0014339550817876,1.5215197676418115,,,,,,
ANET,2025-02-26,S - Sale,,,,0.012553999999999996,,,,,llm,mistral-small-3.2-24b,with_formula,0.000387,0.987654,0.0004391535434142,1.715264307228406,,0.0302260771777342,,,,
ANET,2025-02-28,S - Sale,,,,2.9e-05,,,,,llm,mistral-small-3.2-24b,with_formula,0.000312,0.987654,0.0007091845719991,1.7262914563369145,,-0.0127396880856385,,,,
ANET,2025-03-05,S - Sale,,,,-0.000614,-0.050339999999999996,0.009894,0.024509,,llm,mistral-small-3.2-24b,with_formula,0.000306,0.9806,0.0013009134471699,1.6978105656907598,,0.0040652757537106,-0.0237460840406784,0.017552655603783905,0.0007709490807934049,
ANET,2025-03-10,S - Sale+OE,,,-0.14709699999999998,-0.009561,0.027782,0.025876000000000003,-0.013483,-0.16058000000000003,llm,mistral-small-3.2-24b,with_formula,0.001123,0.987654,0.0013205226864556,1.684160252502969,-0.0962618407054132,0.0185012264145064,0.0379229302535265,0.032080109107575694,-0.00046435149570481227,-0.096726192201118
ANET,2025-04-03,S - Sale,,,-0.010839369000000007,-0.091295,0.006187999999999999,,,,llm,mistral-small-3.2-24b,with_formula,0.001234,0.987654,-0.0001358442261905,1.737299954299239,-0.0246597038239473,-0.0026971917852929,0.11173260372218369,,,
ANET,2025-04-24,S - Sale,,,,0.060674,0.09129699999999999,0.185257,,,llm,mistral-small-3.2-24b,with_formula,0.000765,0.9562,0.0006471690996386,1.7093230582180865,,0.0290709807867773,0.056097076232134196,0.1269309518317109,,
ANET,2025-05-05,S - Sale,,,,0.014929000000000001,-0.04577835375279359,-0.0019563537527935992,,,llm,mistral-small-3.2-24b,with_formula,0.001123,0.987654,0.0002657920504109,1.7150609977139388,,0.024344102499621798,-0.046300382136364004,-0.05030738591291009,,
ANET,2025-05-08,S - Sale+OE,,,0.11678500000000003,-0.010626,0.052165,0.030711999999999996,-0.0026719999999999973,0.11411299999999999,llm,mistral-small-3.2-24b,with_formula,0.000869,0.9562,0.000667363230599,1.6832368651083909,0.04780495003903921,-0.0185445833645338,0.00023427454187960328,-0.0278133103337238,-0.0611147410881694,-0.013309791049130194
ANET,2025-05-23,S - Sale,,,,-0.014794,-0.015350999999999998,-0.07507,-0.07507,,llm,mistral-small-3.2-24b,with_formula,0.000630652,0.920605,-0.0001312934302679,1.411248825090195,,-0.0005036904435529,-0.010426022695597299,-0.0771917214177906,-0.0771917214177906,
APP,2024-11-14,S - Sale,,,0.635837,0.051571,0.136712,,,,llm,mistral-small-3.2-24b,with_formula,0.000766,0.987654,0.0052496788412725,1.790826633407075,0.5266060746157786,0.0660967520480322,0.12780086233131538,,,
APP,2024-11-25,S - Sale+OE,,,,-0.019239000000000003,-0.0014710000000000018,0.09016200000000002,,,llm,mistral-small-3.2-24b,with_formula,0.001,0.999,0.005645434092628,1.7787373733261114,,-0.036543263629009,-0.030733319203220998,0.02386597479608371,,
APP,2024-11-26,S - Sale,,,,0.026632999999999997,,,,,llm,mistral-small-3.2-24b,with_formula,0.000923,0.987654,0.0056515485356384,1.780479745603594,,0.0162876745605475,,,,
APP,2024-11-29,S - Sale,,,,0.015774,,,,,llm,mistral-small-3.2-24b,with_formula,0.001129,0.987654,0.0058637167303406,1.7815661121738136,,0.0043241523029613,,,,
APP,2024-12-02,S - Sale,,,,,,,,,llm,mistral-small-3.2-24b,with_formula,0.001123,0.987654,0.0059638743420886,1.753180256328443,,,,,,
APP,2024-12-03,S - Sale,,,,0.078258,,,,,llm,mistral-small-3.2-24b,with_formula,0.001123,0.987654,0.0056299355231269,1.7307127827252755,,0.0550183116373581,,,,
APP,2024-12-05,S - Sale,,,,0.065112,,,,,llm,mistral-small-3.2-24b,with_formula,0.000629,0.987654,0.0056697197226424,1.784389787610534,,0.050905439669666805,,,,
APP,2024-12-11,S - Sale,,,,,,,,,llm,mistral-small-3.2-24b,with_formula,0.001923,0.950612,0.008221144185201,1.9660650247586071,,,,,,
APP,2024-12-23,S - Sale,,,,-0.020446000000000002,-0.024792213528928304,0.01907978647107169,-0.04234721352892829,,llm,mistral-small-3.2-24b,with_formula,0.0006308232,0.982354,0.0087896627510719,1.868425733715308,,-0.058543249166952804,-0.0662811872201503,-0.02896786685736631,-0.1294227754685066,
APP,2025-02-24,S - Sale,,,0.15994899999999998,-0.067701,-0.19129799999999997,-0.355978,,,llm,mistral-small-3.2-24b,with_formula,0.000335,0.987654,0.0067722007687919,2.023796673133366,0.06332330605601874,-0.0546826514883293,-0.1944562247664855,-0.3439905898789989,,
APP,2025-03-04,S - Sale+OE,,,0.006899000000000009,-0.068605,-0.192171,-0.075168,0.05973300000000001,0.066632,llm,mistral-small-3.2-24b,with_formula,0.001123,0.987654,0.0070955386584878,2.0121794269739866,-0.015617065671433186,-0.0946811543293582,-0.2123377521939615,-0.10614271748983711,-0.03854509634745279,-0.05416216201888602
APP,2025-03-12,S - Sale,,,,0.062643,0.15830300000000003,0.18989667955204134,0.07275809493879286,,llm,mistral-small-3.2-24b,with_formula,0.001123,0.987654,0.0071549065059788,2.0043976937703687,,0.0558816364239738,0.1076218326347484,0.11165039943988911,0.024323741565797308,
APP,2025-05-14,S - Sale+OE,,,0.253898,,,,,,llm,mistral-small-3.2-24b,with_formula,0.001866,0.923456,0.0075052981272725,1.9661744026846537,0.0420723461536686,,,,,
APP,2025-05-21,S - Sale,,,,,,,,,llm,mistral-small-3.2-24b,with_formula,0.000630653,0.852600732,0.0076859356894311,1.9661635903302104,,,,,,
APP,2025-05-28,S - Sale,,,,0.010204999999999999,0.036124,0.036124,0.036124,,llm,mistral-small-3.2-24b,with_formula,0.000826,0.987654,0.0083857525463368,1.9807877986041984,,-0.005313047783206799,0.015540673191688,0.015540673191688,0.015540673191688,
AVGO,2024-12-19,S - Sale,,,0.3556081316630203,-0.021612000000000003,0.042135,,,,llm,mistral-small-3.2-24b,with_formula,0.00063,0.980213,-0.0001510243394622,1.9911397204135064,0.342172913892254,-0.030578552750377103,0.010064485430792797,,,
AVGO,2024-12-26,S - Sale,,,,,,,,,llm,mistral-small-3.2-24b,with_formula,0.000381,0.982612,-0.0001202341383622,1.9957851866094027,,,,,,
AVGO,2024-12-27,S - Sale,,,,3.7e-05,-0.020643,,,,llm,mistral-small-3.2-24b,with_formula,0.000622,0.9836,-0.0001396459597374,1.9919851437491312,,0.015109761700362,0.0157421915338148,,,
AVGO,2025-01-06,S - Sale,,,,-0.009951999999999999,,,,,llm,mistral-small-3.2-24b,with_formula,0.000923,0.987654,-0.0003282534484855,2.022808761490833,,-0.0024774598754650004,,,,
AVGO,2025-01-08,S - Sale,,,,0.002677,,,,,llm,mistral-small-3.2-24b,with_formula,0.000925,0.987654,-0.0001894988798736,2.029831214813775,,0.0042444968720819,,,,
AVGO,2025-01-10,S - Sale,,,,-0.005804,-0.010703,0.024229,-0.062015000000000015,,llm,mistral-small-3.2-24b,with_formula,0.0009843,0.9854,-0.0001355374495015,2.0270029875195474,,0.0113444922854949,-0.009080830499271202,0.019746496917052,-0.06362246620414042,
AVGO,2025-03-26,S - Sale,,,0.010942999999999994,-0.062965,,,,,llm,mistral-small-3.2-24b,with_formula,0.00063,0.98261,0.001179301538653,2.1253687945412967,0.006200253519858482,-0.036072934237047403,,,,
AVGO,2025-03-28,S - Sale,,,,0.009922,0.010431,0.025359,,,llm,mistral-small-3.2-24b,with_formula,0.001234,0.987654,0.0013333760925836,2.1445308770504266,,0.0399216314029665,0.019310700253336498,0.1643983928376448,,
AVGO,2025-04-15,S - Sale,,,,,,,,,llm,mistral-small-3.2-24b,with_formula,0.000875,0.987654,0.0017665449448465,2.0661213592724774,,,,,,
AVGO,2025-04-16,S - Sale,,,,-0.013066000000000001,-0.015812,0.042136999999999994,0.06440100000000001,,llm,mistral-small-3.2-24b,with_formula,0.000875,0.987654,0.0018108713849512,2.063314822112365,,0.017301322996472697,0.040181307453798,-0.007984302770594504,-0.016756543843241004,
AVGO,2025-05-16,S - Sale,,,0.09318699999999999,-0.022422,-0.0004250455237253016,0.0015419544762746984,0.0381220706378908,0.1313090706378908,llm,mistral-small-3.2-24b,with_formula,0.001123,0.987654,0.0017909778576958,1.7517040673035646,0.0011359558988127006,-0.028167384979913,0.002379444060856698,0.006949467498529897,0.021723091631911193,0.022859047530723896
CRM,2024-11-04,S - Sale,,,0.020263,-0.004047,0.031246,0.070339,0.1046997387996996,0.1249627387996996,llm,mistral-small-3.2-24b,with_formula,0.000923,0.952431,-0.000248527255371,0.9298815992442904,0.027466839384122504,-0.00028625259204589915,0.0383815839264717,0.0799724852720679,0.1179251722880918,0.1453920116722143
CRM,2024-11-06,S - Sale+OE,,,0.017820000000000003,0.0023066447949117,0.0978886447949117,0.08003526979491171,,,llm,mistral-small-3.2-24b,with_formula,0.00063070045914,0.920054030607233,-0.0001753096989101,0.9355011445671852,0.021419566052209495,0.0029161495298715995,0.09922487580694309,0.08138286488155538,,
CRM,2024-11-22,S - Sale+OE,,,,0.016961,,,,,llm,mistral-small-3.2-24b,with_formula,0.001234,0.987654,-0.0002770926964248,0.89949663550629,,0.0173800670630538,,,,
CRM,2024-11-25,S - Sale+OE,,,,-0.005600999999999999,-0.046028,0.024132000000000015,-0.006844999999999988,,llm,mistral-small-3.2-24b,with_formula,0.001234,0.987654,-0.0002576834425506,0.8998753954055991,,-0.004056499930459999,-0.0440812019341176,0.031193956027011714,0.003184999619109811,
CRM,2024-11-26,S - Sale,,,0.09466400000000001,-0.026607,-0.035752,0.028207000000000003,-0.00036499999999999727,0.094299,llm,mistral-small-3.2-24b,with_formula,0.000923,0.952341,-0.0003515724977992,0.901614338169446,0.10984320970560808,-0.025971651960864296,-0.0331398973194351,0.03720688079216361,0.012411078413836112,0.12225428811944423
CRM,2024-12-23,S - Sale+OE,,,,-0.019521,,,,,llm,mistral-small-3.2-24b,with_formula,0.000306,0.9206,0.0001614372080237,0.8923692468241196,,-0.0188309407098182,,,,
CRM,2024-12-27,S - Sale,,,,0.004612,0.013129,-0.025401,-0.030479,,llm,mistral-small-3.2-24b,with_formula,0.000634,0.9234,0.0002981803310695,0.8970473215871051,,0.0034999078058427,0.0094982612874772,-0.028307735045619502,-0.0385665758730173,
CRM,2025-01-03,S - Sale+OE,,,,-0.009937,-0.021601000000000002,-0.025578000000000004,,,llm,mistral-small-3.2-24b,with_formula,0.000634,0.9506,-2.635818219171135e-05,0.8894448980828692,,-0.0089251028648756,-0.020576870038213204,-0.026470691721718606,,
CRM,2025-01-16,S - Sale+OE,,,,0.004335,0.004584,,,,llm,mistral-small-3.2-24b,with_formula,0.000306,0.9206,-3.7801157870828565e-05,0.9242811564395343,,0.004954216136283,0.0060569841388322,,,
CRM,2025-01-23,S - Sale+OE,,,,0.0057350000000000005,0.091707,0.045553,,,llm,mistral-small-3.2-24b,with_formula,0.000923,0.923456,-8.127316365346771e-05,0.9005166504849329,,0.0064322763095435,0.0926114370791149,0.046258008079035,,
CRM,2025-02-19,S - Sale+OE,,,,-0.027976,,,,,llm,mistral-small-3.2-24b,with_formula,0.000312,0.987654,-0.0002515244884514,0.880372172078046,,-0.0282972842735525,,,,
CRM,2025-02-24,S - Sale+OE,,,,,,,,,llm,mistral-small-3.2-24b,with_formula,0.000322,0.952133,-0.0001422340603642,0.8653767385948379,,,,,,
CRM,2025-02-25,S - Sale+OE,,,,0.00671,-0.012385,,,,llm,mistral-small-3.2-24b,with_formula,0.000634,0.923456,-0.0001275006555759,0.8649070758380595,,0.0065436172912223,-0.0136988655759102,,,
CRM,2025-02-26,S - Sale,,,-0.092858,-0.011533,-0.009547,-0.037822,-0.014055000000000005,-0.106913,llm,mistral-small-3.2-24b,with_formula,0.000457,0.987654,0.0002729662571678,0.793362304141848,-0.10336473024368041,-0.016210236855474697,-0.014866904178145297,-0.044384510159353095,-0.029004036379597687,-0.13236876662327812
CRM,2025-03-03,P - Purchase,,,-0.049120000000000004,-0.0061860000000000005,-0.016447,-0.0095829999999999,-0.0038549999999998997,-0.0529749999999999,llm,mistral-small-3.2-24b,with_formula,0.000634,0.952345,0.0002401486885094,0.813387558676909,-0.059617154363915806,-0.011745349192999,-0.0240967819637291,-0.023051577757148497,-0.014685162056003096,-0.07430231641991891
CRM,2025-03-04,S - Sale+OE,,,,-0.014270999999999999,-0.030092,-0.018897,,,llm,mistral-small-3.2-24b,with_formula,0.001623,0.923456,0.0005584581342912,0.7750422399743675,,-0.013116494655353498,-0.0308050993701574,-0.025495995754733804,,
CRM,2025-03-18,S - Sale+OE,,,,-0.0020630000000000006,-0.00047700000000000054,,,,llm,mistral-small-3.2-24b,with_formula,0.000634861,0.92002,0.0002226015206704,0.7834851347600564,,-0.002915186328404499,-0.00043248042646219895,,,
CRM,2025-03-25,S - Sale+OE,,,,-0.002821,-0.010962,-0.025130999999999997,-0.035713999999999996,,llm,mistral-small-3.2-24b,with_formula,0.001234,0.8921,0.0001668063515016,0.7937531935793903,,-0.004906285153202,-0.0191192129933963,-0.0500122413247616,-0.056893478876245795,
CRM,2025-03-27,S - Sale,,,-0.010556999999999993,-0.007741,-0.014092,-0.016319,-0.02704,-0.037597,llm,mistral-small-3.2-24b,with_formula,0.000923,0.987654,0.0001226916392967,0.7937136992762823,-0.010544636904483599,-0.0141259750911732,-0.0193022221151142,-0.044802452548800595,-0.04539730933327531,-0.055941946237758916
CRM,2025-04-04,P - Purchase,,,-0.021144000000000003,0.000499,-7.000000000007001e-06,-0.024095107960201007,-0.0043582375124394945,-0.025502237512439505,llm,mistral-small-3.2-24b,with_formula,0.000926,0.923456,-3.138493767899074e-05,0.7993087964475066,-0.03334548754193982,-0.0101633746765275,0.0093308808575823,-0.016327854589668497,0.009474547729021503,-0.023870939812918317
CRM,2025-04-17,S - Sale,,,-0.027477,-0.009068,-0.02493,0.008231999999999998,,,llm,mistral-small-3.2-24b,with_formula,0.001234,0.987654,0.0011676845104391,0.7714745781440344,-0.0544678370925561,-0.010514578622896,-0.028353352326989198,0.015757644311630802,,
CRM,2025-04-24,S - Sale+OE,,,-0.033859,0.029487,0.022361,0.019414999999999998,-0.0005459999999999987,-0.03440499999999999,llm,mistral-small-3.2-24b,with_formula,0.001123,0.987654,0.0008974189003735,0.7785124202242164,-0.0370561581974857,0.035699719675482,0.0301200695690693,0.031765698371211695,0.0314696701055786,-0.0055864880919071
CRM,2025-05-05,S - Sale,,,,0.00967,0.0037750000000000006,-0.003873140681858499,-0.0455221406818585,,llm,mistral-small-3.2-24b,with_formula,0.000923,0.987654,0.0008898833963658,0.8331423178900497,,0.0053950349903737005,-0.0007186177273175963,-0.0030632729020493975,-0.05362094489329519,
CRM,2025-05-15,S - Sale+OE,,,-0.011372,-0.002101,-0.010038,,,,llm,mistral-small-3.2-24b,with_formula,0.001234,0.987654,0.0004064496614847,0.8038422087743965,0.0010049385705119009,-0.0021093038879842997,-0.0106562988943921,,,
CRM,2025-05-23,S - Sale+OE,,,,-0.026898,-0.034775,-0.074333,-0.074333,,llm,mistral-small-3.2-24b,with_formula,0.000634,0.950123,0.0005611232369005,0.8385081788067141,,-0.0285149340768202,-0.0353403000726524,-0.0758470030413086,-0.0758470030413086,
CRM,2025-05-28,S - Sale,,,-0.08126599999999999,-0.035744368767123204,-0.038369368767123206,-0.038369368767123206,-0.038369368767123206,-0.11963536876712319,llm,mistral-small-3.2-24b,with_formula,0.000316,0.982642,0.0006716058779824,0.8411724286653361,-0.07803366580319031,-0.0375281608043879,-0.0412826464482239,-0.0412826464482239,-0.0412826464482239,-0.11931631225141419
CRWD,2024-11-08,S - Sale,,,0.021771,-0.003098,0.048584,,,,llm,mistral-small-3.2-24b,with_formula,0.000823,0.9206,8.199959268207185e-05,1.355010556494922,0.009450615556669893,-0.003567178550997,0.0535726814167607,,,
CRWD,2024-11-15,S - Sale,,,,2e-05,0.023152,0.057486,,,llm,mistral-small-3.2-24b,with_formula,0.00072,0.950231,6.268494216795301e-05,1.3427958548585788,,0.0078832771176277,0.026866591532685294,0.05963304201899938,,
CRWD,2024-12-02,S - Sale+OE,,,0.008493000000000011,-0.0028530000000000005,,,,,llm,mistral-small-3.2-24b,with_formula,0.000824,0.987654,-0.0005684758921738,1.3222866373424398,0.026121103789285505,-0.0054077959904692005,,,,
CRWD,2024-12-04,S - Sale,,,,0.031403,-0.0018760000000000027,0.018268999999999997,,,llm,mistral-small-3.2-24b,with_formula,0.000306,0.9806,-0.0006164791321902,1.320442152750048,,0.0288077786909282,-0.0032021161467355,0.027638751186783602,,
CRWD,2024-12-06,S - Sale+OE,,,,-0.005472,-0.019774904000000003,0.034510096,,,llm,mistral-small-3.2-24b,with_formula,0.000306,0.9806,-0.0006324086970476,1.3271094291969066,,-0.0078928336136815,-0.023435592887334593,0.03785385903525281,,
CRWD,2024-12-16,S - Sale,,,,0.015482,0.0055538275606993965,,,,llm,mistral-small-3.2-24b,with_formula,0.000903,0.980629,-0.0003405853484053,1.3272597618514794,,0.012972011098993399,0.013958298455800898,,,
CRWD,2024-12-18,S - Sale+OE,,,,-0.031081,-0.021076000000000004,-0.036936000000000004,-0.011136000000000009,,llm,mistral-small-3.2-24b,with_formula,0.000312,0.987654,-0.0002330631999588,1.3247608804438462,,-0.018047306648015203,-0.014364077763314703,-0.028769071573709004,0.00282346295396183,
CRWD,2024-12-26,S - Sale,,,,-0.014972000000000001,-0.030827,,,,llm,mistral-small-3.2-24b,with_formula,0.000312,0.987654,-0.0002774494361354,1.3151258688632392,,-0.008719611553925,-0.017069603353346695,,,
CRWD,2025-01-03,S - Sale,,,,0.016777,0.023095000000000004,-0.005944999999999994,,,llm,mistral-small-3.2-24b,with_formula,0.000312,0.987654,-0.0007148068048825,1.3271679454693537,,0.0108770186322428,0.0219058563013422,0.0013455528291643985,,
CRWD,2025-01-16,S - Sale,,,,-0.020482,-0.0002480000000000017,0.013885,0.13991699999999999,,llm,mistral-small-3.2-24b,with_formula,0.000334,0.9006,-0.0004154956528183,1.3171740248813184,,-0.021177293552708098,-0.0028966878781286967,0.008595922360973104,0.140205490851795,
CRWD,2025-02-06,S - Sale,,,0.12393658645700559,0.016856,,,,,llm,mistral-small-3.2-24b,with_formula,0.000924,0.987654,-0.0003999360244548,1.3515186215763384,0.1234951736543939,0.0227548135564148,,,,
CRWD,2025-02-11,S - Sale,,,,0.009718,0.030963,,,,llm,mistral-small-3.2-24b,with_formula,0.000923,0.984612,-0.0003597179471223,1.3482306280593654,,0.0183852746070281,0.032896468400749106,,,
CRWD,2025-02-18,S - Sale,,,,,,,,,llm,mistral-small-3.2-24b,with_formula,0.000312,0.987654,-0.0001384757449036,1.3572635697620643,,,,,,
CRWD,2025-02-19,S - Sale,,,,-0.038704,-0.110174,-0.091336,,,llm,mistral-small-3.2-24b,with_formula,0.000306,0.9806,-0.0003785674396263,1.3433061092657836,,-0.036523937529413096,-0.09429045904585309,-0.065714073407007,,
CRWD,2025-03-04,S - Sale,,,,-0.054813999999999995,-0.12567399999999998,-0.03484900000000002,,,llm,mistral-small-3.2-24b,with_formula,0.0008205031,0.980606289,0.000350566995001,1.350434918497951,,-0.0596221287957466,-0.12400522528121169,-0.026396156310292785,,
CRWD,2025-03-17,S - Sale,,,,0.039954,0.023443,,,,llm,mistral-small-3.2-24b,with_formula,0.000923,0.987654,0.0008570875826888,1.335684698453828,,0.0437819690405774,0.0181800488775036,,,
CRWD,2025-03-25,S - Sale,,,,0.013350078078857599,0.006444078078857598,,,,llm,mistral-small-3.2-24b,with_formula,0.001234,0.987654,0.0002777455728399,1.3731209850116084,,0.019038059081204102,0.024030848099852203,,,
CRWD,2025-04-02,S - Sale,,,,0.009483000000000002,0.0005070000000000005,,,,llm,mistral-small-3.2-24b,with_formula,0.000771,0.9236,0.0005225696683759,1.355899635147429,,0.028395750528516,0.039218388652578,,,
CRWD,2025-04-08,S - Sale,,,,0.0653,0.0864735901809709,,,,llm,mistral-small-3.2-24b,with_formula,0.000306,0.952345,-0.0004762244052227,1.3350331393225392,,0.0323241838179098,0.0636522287286223,,,
CRWD,2025-04-10,S - Sale+OE,,,0.05546037202848951,0.022462999999999997,0.055543999999999996,0.042948,0.11006465399999998,0.16552502602848954,llm,mistral-small-3.2-24b,with_formula,0.000824,0.982345,9.863483081094496e-05,1.342957204079782,0.0707976460224893,0.0303566277983172,0.061582188393990704,0.0601785913832316,0.1025073522663832,0.1733049982888725
CRWD,2025-04-16,S - Sale,,,,-0.012556999999999999,-0.021761,,,,llm,mistral-small-3.2-24b,with_formula,0.000923,0.987654,0.0003766507086839,1.3689103424978248,,-0.0011306191777236008,-0.0010025042068981008,,,
CRWD,2025-04-22,S - Sale,,,,0.013398000000000002,0.0760087368462965,,,,llm,mistral-small-3.2-24b,with_formula,0.0006307007925041,0.9820009765625,0.0008252247589246,1.3480880213041404,,-0.0090115881902555,0.0348713758078452,,,
CRWD,2025-04-28,S - Sale,,,,0.009054636999999999,,,,,llm,mistral-small-3.2-24b,with_formula,0.001123,0.987654,0.0003653260422428,1.3057068001525232,,0.0078346099435944,,,,
CRWD,2025-05-02,S - Sale,,,,0.005069,,,,,llm,mistral-small-3.2-24b,with_formula,0.001123,0.987654,0.0002358478289614,1.3032768802721133,,0.0002616344206617,,,,
CRWD,2025-05-06,S - Sale,,,,-0.04156580228022,-0.08020680228022001,-0.08014533628022,-0.02059033628022,,llm,mistral-small-3.2-24b,with_formula,0.000312,0.987654,0.0002677008340589,1.2828837200710614,,-0.040207883532875896,-0.08221242283245339,-0.1044429805170245,-0.0366632145234195,
CRWD,2025-05-28,S - Sale,,,0.0334591159369636,-0.027407,0.0029405104799492994,0.0029405104799492994,0.0029405104799492994,0.03639962641691291,llm,mistral-small-3.2-24b,with_formula,0.0006307004591413,0.9200143612805306,0.0014554811112137,1.2910046755095392,-0.007946196194821991,-0.0299219366336443,0.00017856477388570116,0.00017856477388570116,0.00017856477388570116,-0.007767631420936297
CSCO,2024-11-19,S - Sale,,,0.0125354435820143,-0.0066672307692308,,,,,llm,mistral-small-3.2-24b,with_formula,0.000306,0.9806,0.0003419770731157,0.3568335442880688,0.023111525339445948,-0.0006382023622311002,,,,
CSCO,2024-11-21,S - Sale,,,,0.015773021050416797,0.0243150210504168,0.015943021050416797,,,llm,mistral-small-3.2-24b,with_formula,0.000939,0.987654,0.0003420870012962,0.3575760085694047,,0.016851875546715002,0.0306782342844093,0.022774797918722802,,
CSCO,2024-12-02,S - Sale,,,,-0.007341,,,,,llm,mistral-small-3.2-24b,with_formula,0.000355,0.987654,0.0002391882934507,0.359159911464058,,-0.0008179455614466108,,,,
CSCO,2024-12-06,S - Sale,,,,-0.009589772282132,-0.03992008349723421,,,,llm,mistral-small-3.2-24b,with_formula,0.000351,0.9826,0.0003351011360253,0.3769135323696711,,-0.0055530383529555,-0.031744731515723296,,,
CSCO,2024-12-12,S - Sale,,,,0.005646,-0.0037240000000000007,0.020599,0.04308546726722011,,llm,mistral-small-3.2-24b,with_formula,0.000621,0.950123,0.0003513616354214,0.3760451165048673,,0.0018539207682554005,-0.0039972589138207,0.0051166394985795,0.0196740126419891,
CSCO,2025-02-18,S - Sale,,,0.0689718853089511,-0.0011220000000000002,0.011189,,,,llm,mistral-small-3.2-24b,with_formula,0.000355,0.9206,0.000780484536072,0.374132288377038,0.0725212993596937,-0.0025574598370586,-0.0074428042567334,,,
CSCO,2025-02-24,S - Sale,,,,0.028779,,,,,llm,mistral-small-3.2-24b,with_formula,0.000985,0.9856,0.0010097392659373,0.3684686516716691,,0.0121533996580583,,,,
CSCO,2025-02-27,S - Sale,,,,0.012308999999999999,0.026763,0.039439,,,llm,mistral-small-3.2-24b,with_formula,0.001234,0.8567,0.000697505751482,0.4028174422227572,,0.0037241665425804004,0.0010882270612077478,0.011592651049781948,,
CSCO,2025-03-12,S - Sale,,,,-0.010554000000000001,-0.017949000000000003,-0.027125999999999997,0.013085999999999999,,llm,mistral-small-3.2-24b,with_formula,0.000621,0.987654,0.0010093115457291,0.402543968733376,,-0.0155697528970783,-0.0089636750091035,-0.022101392584995702,0.0029841211660595994,
CSCO,2025-05-20,S - Sale,,,0.0206137495868639,0.004837999999999999,0.009075,,,,llm,mistral-small-3.2-24b,with_formula,0.000923,0.850123,0.0012655414953818,0.6228737723085215,0.0324012213071354,-0.0026763788917854,-0.002169184062651,,,
CSCO,2025-05-29,S - Sale,,,,-0.00527,-0.00527,-0.00527,-0.00527,,llm,mistral-small-3.2-24b,with_formula,0.000923,0.980612,0.0012883849821955,0.6250269494529335,,-0.007741590555348999,-0.007741590555348999,-0.007741590555348999,-0.007741590555348999,
DELL,2024-11-19,S - Sale+OE,,,0.10610173039195879,-0.024281999999999998,0.048181,-0.024329000000000003,,,llm,mistral-small-3.2-24b,with_formula,0.000630652,0.987654321,0.0010950129114003,1.7273675863656313,0.0942791506921471,-0.0333186122480928,0.0361814912428138,-0.10152130015161509,,
DELL,2024-11-26,S - Sale,,,0.059812,-0.139697,-0.12303399999999999,,,,llm,mistral-small-3.2-24b,with_formula,0.000923,0.987654,0.0009491511170613,1.7050968742897243,0.010266476056401198,-0.1417312289511404,-0.1309788852095479,,,
DELL,2024-12-04,S - Sale,,,,-0.014832999999999999,,,,,llm,mistral-small-3.2-24b,with_formula,0.001234,0.987654,0.0015078540254222,1.6804376879790466,,-0.025843138664324,,,,
DELL,2024-12-11,S - Sale,,,,0.009557,-0.002509,-0.0021640000000000027,0.007153999999999998,,llm,mistral-small-3.2-24b,with_formula,0.001234,0.987654,0.0013556347349413,1.65474331022064,,-0.0006284788016510008,-0.025052959353334903,-0.009579775048556099,0.00010085572206020021,
DELL,2024-12-17,S - Sale+OE,,,,-0.017507,0.0012349999999999965,0.007619925571342598,0.060336692571342596,,llm,mistral-small-3.2-24b,with_formula,0.0003001636703187,1.0,0.0012132624363358,1.6678028687933306,,0.006617008069866401,0.016428584070541,0.0123394704322777,0.055730881781736304,
DELL,2025-01-24,S - Sale+OE,,,,0.000603,-0.07789199999999999,-0.071488,-0.0013750000000000082,,llm,mistral-small-3.2-24b,with_formula,0.000383,0.952411,-0.0010805977166343,1.5367659272077296,,0.0044063458111931,-0.0620708965076477,-0.0686886997723285,-0.004594482671886099,
DELL,2025-02-20,S - Sale+OE,,,0.12300299999999999,-0.001624,-0.036250000000000004,-0.09579000000000001,-0.11154,0.011462999999999997,llm,mistral-small-3.2-24b,with_formula,0.000383,0.9826,-0.0016675873655596,1.5170766729424696,0.1358073195545178,0.015803632162967617,-0.001943921699292684,-0.05284446492132879,-0.02031113962400807,0.1154961799305097
DELL,2025-04-01,S - Sale,,,0.008730999999999997,0.026567999999999998,-0.119424,-0.046060999999999984,0.008852000000000014,0.01758300000000002,llm,mistral-small-3.2-24b,with_formula,0.001122,0.987654,-0.0019148113625332,1.5668744105565953,0.035917553692160105,0.0221486570336442,-0.05173536819602251,-0.01513189615102531,0.08246932976155188,0.11838688345371198
DELL,2025-05-16,S - Sale,,,0.06845299999999999,0.024876,0.021996,0.029492054545454602,0.005238054545454597,0.0736910545454546,llm,mistral-small-3.2-24b,with_formula,0.000923,0.987654,-0.0014052857814753,1.50623440728527,0.0354106799925797,0.0235654561974589,0.0346081501296461,0.0497931402422699,0.017793737387311798,0.053204417379891504
EBAY,2024-11-06,S - Sale,,,-0.088257,-0.034739,-0.029740000000000003,-0.019395,0.01157800000000001,-0.07667899999999996,llm,mistral-small-3.2-24b,with_formula,0.001234,0.987654,0.0021683226983956,0.2296420237862992,-0.1107584789211615,-0.0061759944710734,-0.004232580819793,-0.021383106415622802,0.016175366988520998,-0.09458311193264049
EBAY,2024-11-19,S - Sale+OE,,,-0.053797000000000005,-0.019452,0.015451999999999999,-0.004462000000000004,-0.007863000000000002,-0.06166,llm,mistral-small-3.2-24b,with_formula,0.0019,0.9231,0.0019609582793363,0.2200650450611658,-0.045690064125559,-0.0155967819155371,0.0195466611264184,0.014732356377100197,0.026195646269587296,-0.019494417855971696
EBAY,2024-11-27,S - Sale,,,0.052767,-0.007662,-0.039605,,,,llm,mistral-small-3.2-24b,with_formula,0.001234,0.891234,0.0020428802245819,0.2107162155688298,0.03406779531735,-0.012775500999149,-0.034248873864695,,,
EBAY,2024-12-05,S - Sale,,,,-0.0053089999999999995,-0.011160999999999997,-0.022826999999999997,-0.10470900000000001,,llm,mistral-small-3.2-24b,with_formula,0.001823,0.950247,0.0019376500080405,0.2984602318343958,,-0.0010268648184481003,-0.007734242818508701,-0.0075403356581971994,-0.0234597165833729,
EBAY,2024-12-17,S - Sale+OE,,,-0.074434,0.03686,0.040681,0.011029999999999998,0.005446999999999999,-0.068987,llm,mistral-small-3.2-24b,with_formula,0.000938,0.912345,0.0018613335419952,0.2711740225460642,-0.05546421585843471,0.0142118437364709,0.0220504534092609,-0.0215966326992586,-0.0305146652990234,-0.08597888115745811
EBAY,2025-01-06,S - Sale,,,-0.011323000000000003,0.031625,0.09483699999999998,0.072847,0.03499,0.023667000000000014,llm,mistral-small-3.2-24b,with_formula,0.001234,0.987654,0.0017993687423046,0.2321747949556976,-0.047169162981462606,0.0231504075982517,0.0716521906873335,0.0496793440821214,0.0300903026090621,-0.0170788603724005
EBAY,2025-01-17,S - Sale+OE,,,0.048881999999999995,0.002237,-0.052507,0.015176000000000009,-0.009360999999999998,0.039520999999999994,llm,mistral-small-3.2-24b,with_formula,0.001823,0.950214,0.001345167539786,0.2333667912459258,0.02992979308427173,0.0125008286067655,-0.029850668336500602,0.0197842757811592,0.013858654769006799,0.04378844785327851
EBAY,2025-02-05,S - Sale,,,0.020855999999999996,0.0006879999999999998,0.014915000000000001,0.017579,0.080996,0.101852,llm,mistral-small-3.2-24b,with_formula,0.000123,0.987654,0.0007636388161505,0.2672226329759393,0.017210533782530596,0.004803679232315,0.0155186875026724,0.0322313825107169,0.0560107545712621,0.07322128835379269
EBAY,2025-02-19,S - Sale+OE,,,0.032891,-0.0003939999999999994,0.038329,-0.016182000000000002,0.061057999999999994,0.093949,llm,mistral-small-3.2-24b,with_formula,0.000312,0.952341,0.0011197864335716,0.3001899650145926,0.035549564981257206,-0.0057737274240281,0.0098626954073857,-0.0617007782061406,-0.0365535271807711,-0.0010039621995139025
EBAY,2025-03-05,S - Sale,,,0.043605,0.029877,0.067285,0.015270999999999993,,,llm,mistral-small-3.2-24b,with_formula,0.001923,0.950214,0.001395318759008,0.2479411048602548,-0.0147996805425392,0.0180772369758023,0.029457520184327898,-0.01810497833986159,,
EBAY,2025-03-18,S - Sale+OE,,,0.016853999999999994,0.00024199999999999916,-0.023575,0.011375,0.020377,0.03723099999999999,llm,mistral-small-3.2-24b,with_formula,0.000724,0.987654,0.0013208979673365,0.2470645747239045,-0.0411361802517174,-0.004477131647934601,-0.028825141188380102,-0.0080712130896287,-0.08194902761285809,-0.1230852078645755
EBAY,2025-03-20,S - Sale,,,,-0.029249999999999998,-0.046551999999999996,0.009344000000000005,,,llm,mistral-small-3.2-24b,with_formula,0.000938,0.9206,0.0014313735384543,0.2305742304481004,,-0.0245377737115525,-0.0257542059269893,-0.004755165330393801,,
EBAY,2025-04-03,S - Sale,,,,0.041014999999999996,,,,,llm,mistral-small-3.2-24b,with_formula,0.001923,0.950214,0.0012422568734506,0.2995888488763552,,-0.0425732963374664,,,,
EBAY,2025-04-07,S - Sale,,,,-0.025449,-0.032758999999999996,0.015505000000000001,-0.025707,,llm,mistral-small-3.2-24b,with_formula,0.000938,0.9206,0.0016565380804108,0.2836688538680419,,-0.0441810618243832,0.005731168019500601,0.03254451388308251,0.029163011169981306,
EBAY,2025-04-17,S - Sale+OE,,,0.036451,0.011357,0.02032,-0.025902,,,llm,mistral-small-3.2-24b,with_formula,0.001923,0.923456,0.0012785715684143,0.358950430494961,-0.006911392389111806,0.0112439682747749,0.020259481463896403,0.0047383698761858046,,
EBAY,2025-05-05,S - Sale+OE,,,,0.041204000000000005,0.015138000000000006,,,,llm,mistral-small-3.2-24b,with_formula,0.001123,0.987654,0.0015242896740695,0.3559447718943892,,0.0283161552121751,0.006999055029140201,,,
EBAY,2025-05-06,S - Sale,,,0.01362299999999999,-0.0035129999999999988,,,,,llm,mistral-small-3.2-24b,with_formula,0.001123,0.987654,0.0012798775430218,0.4088036196427294,0.0305522587512015,-0.007955524230322801,,,,
EBAY,2025-05-08,S - Sale,,,,-0.024436,-0.08513100000000001,-0.06060622050420172,,,llm,mistral-small-3.2-24b,with_formula,0.000927,0.9271,0.0010094819096615,0.4153824005798329,,-0.009898940939365698,-0.041566209663734,-0.010737301732066402,,
EBAY,2025-05-13,S - Sale+OE,,,,-0.022989999999999997,0.012139000000000004,,,,llm,mistral-small-3.2-24b,with_formula,0.000306,0.980612,0.0012038592126763,0.3855869451203673,,-0.0115447398676127,0.0232818283695813,,,
EBAY,2025-05-22,S - Sale,,,,0.010695,-0.005194000000000001,0.0094739807964179,0.0094739807964179,,llm,mistral-small-3.2-24b,with_formula,0.000630700795172,0.9000512511200146,0.0015301675891552,0.3881732858100091,,0.0044895661561342,0.0006196259919090995,0.01183110608736897,0.01183110608736897,
EBAY,2025-05-23,S - Sale+OE,,,,0.0063,-0.005289,0.0047724845690767,0.0047724845690767,,llm,mistral-small-3.2-24b,with_formula,0.000312,0.952341,0.00153242277747,0.3867602842601705,,-0.0008675763514222,-0.0048108799246149,0.0064935174270274,0.0064935174270274,
GOOGL,2024-11-01,S - Sale,,,0.036977,-0.006537,,,,,llm,mistral-small-3.2-24b,with_formula,0.000635,0.950123,0.0003516100690487,0.9102552675653396,0.0550560628274251,-0.0065820273327593,,,,
GOOGL,2024-11-04,S - Sale,,,,-0.019346000000000002,,,,,llm,mistral-small-3.2-24b,with_formula,0.000805,0.9206,0.0002449709998855,0.9048655168235712,,-0.0194305047001396,,,,
GOOGL,2024-11-06,S - Sale,,,,,,,,,llm,mistral-small-3.2-24b,with_formula,0.000923,0.923456,1.3111807582082485e-07,0.9252432337022444,,,,,,
GOOGL,2024-11-07,S - Sale,,,,-0.007817999999999999,,,,,llm,mistral-small-3.2-24b,with_formula,0.001234,0.987654,-0.0001153234206971,0.91979653175209,,-0.0037096894986396005,,,,
GOOGL,2024-11-12,S - Sale,,,,-0.006196999999999999,-0.015747,,,,llm,mistral-small-3.2-24b,with_formula,0.00093,0.95231,-3.2024216387627614e-05,0.9216020154316068,,-0.004729250775213601,-0.014193391132208799,,,
GOOGL,2024-11-18,S - Sale,,,,0.022146,,,,,llm,mistral-small-3.2-24b,with_formula,0.000630653,0.982425,-0.000187385803431,0.9272491522871632,,0.0175535505385238,,,,
GOOGL,2024-11-21,S - Sale,,,,-0.068695,-0.05413700000000001,-0.05911100000000001,,,llm,mistral-small-3.2-24b,with_formula,0.001923,0.923456,-6.553217740188109e-05,0.9212261283626942,,-0.066260000477218,-0.0480768856344536,-0.05110287997720871,,
GOOGL,2024-12-02,S - Sale,,,,0.00020699999999999972,-0.0011859999999999996,,,,llm,mistral-small-3.2-24b,with_formula,0.000923,0.987654,0.0001549355704264,0.9082926795827196,,0.0014666801336654994,0.003152590849718899,,,
GOOGL,2024-12-10,S - Sale,,,,0.094638,,,,,llm,mistral-small-3.2-24b,with_formula,0.001923,0.923456,-9.576762148564115e-05,0.9174563829974652,,0.0974173996468313,,,,
GOOGL,2024-12-13,S - Sale,,,,-0.012284,,,,,llm,mistral-small-3.2-24b,with_formula,0.001123,0.950214,-5.39212183316201e-05,0.9178666270395868,,-0.0121954839982276,,,,
GOOGL,2024-12-17,S - Sale,,,,-0.004795,0.0003190000000000007,-0.001619999999999999,,,llm,mistral-small-3.2-24b,with_formula,0.001123,0.923456,0.0002390576390767,0.8733991490266051,,-0.0087851269756044,-0.0014074468164243003,-0.0019183425992467997,,
GOOGL,2025-01-02,S - Sale,,,,,,,,,llm,mistral-small-3.2-24b,with_formula,0.000923,0.950214,0.0001366366786181,0.882820825674334,,,,,,
GOOGL,2025-01-03,S - Sale,,,,-0.003796,0.013774000000000002,,,,llm,mistral-small-3.2-24b,with_formula,0.000923,0.952341,0.0001613430076049,0.8792442324088722,,-0.0032482871476486,0.014063701480565502,,,
GOOGL,2025-01-13,S - Sale,,,,-0.00638,,,,,llm,mistral-small-3.2-24b,with_formula,0.001123,0.987654,0.0006594223495333,0.8935653027423296,,-0.0082748663677973,,,,
GOOGL,2025-01-15,S - Sale,,,,0.0020749999999999996,0.002998,0.0003510000000000006,,,llm,mistral-small-3.2-24b,with_formula,0.001623,0.9206,0.0008039728537437,0.9180516618015176,,0.0015802128674671,0.0029361254535818,0.005952433983788998,,
GOOGL,2025-01-30,S - Sale,,,,,,,,,llm,mistral-small-3.2-24b,with_formula,0.001923,0.923456,0.000762631636426,0.9630879774527044,,,,,,
GOOGL,2025-01-31,S - Sale,,,,0.015376,,,,,llm,mistral-small-3.2-24b,with_formula,0.000923,0.987654,0.0006450187779447,0.9656285297849574,,0.0177014283589025,,,,
GOOGL,2025-02-03,S - Sale,,,,0.010434,-0.08769300000000001,-0.10868156893588171,,,llm,mistral-small-3.2-24b,with_formula,0.000687,0.987654,0.0006596170625578,0.964512178589642,,0.0091356525525485,-0.0907003318029525,-0.10965484558167532,,
GOOGL,2025-02-19,S - Sale,,,,,,,,,llm,mistral-small-3.2-24b,with_formula,0.000312,0.987654,0.0003792788694122,0.9601673779917764,,,,,,
GOOGL,2025-02-20,S - Sale,,,,,,,,,llm,mistral-small-3.2-24b,with_formula,0.00063,0.98461,0.0003991329221787,0.9609167684261292,,,,,,
GOOGL,2025-02-21,S - Sale,,,,-0.004868,-0.022049999999999997,,,,llm,mistral-small-3.2-24b,with_formula,0.000806,0.9806,0.0004349926724908,0.9482086240406652,,-0.0061630415975879,-0.0245641529399885,,,
GOOGL,2025-02-28,S - Sale,,,,-0.005512,,,,,llm,mistral-small-3.2-24b,with_formula,0.000312,0.987654,0.0002721579515759,0.95557705150401,,-0.0053144264407109,,,,
GOOGL,2025-03-03,S - Sale,,,,0.030067,0.052064,,,,llm,mistral-small-3.2-24b,with_formula,0.00063,0.98261,0.0003706090977051,0.9596563846101428,,0.0321782543091675,0.052463948534328106,,,
GOOGL,2025-03-13,S - Sale,,,,-0.0067469999999999995,-0.022078999999999998,-0.017412999999999998,,,llm,mistral-small-3.2-24b,with_formula,0.00063,0.95,-0.0002180545480936,0.985271875877773,,-0.0152219123820549,-0.0302506931351751,-0.0246446318417733,,
GOOGL,2025-03-27,S - Sale,,,,-0.034914,,,,,llm,mistral-small-3.2-24b,with_formula,0.000923,0.980612,-0.000544819635315,0.942873791573877,,-0.034271185596072104,,,,
GOOGL,2025-03-31,S - Sale,,,,,,,,,llm,mistral-small-3.2-24b,with_formula,0.00037,0.950622,-0.0005239283890181,0.9379491143613558,,,,,,
GOOGL,2025-04-01,S - Sale,,,,-0.001614,,,,,llm,mistral-small-3.2-24b,with_formula,0.001123,0.987654,-0.0004936287107714,0.9323871448539084,,0.00031619129257080044,,,,
GOOGL,2025-04-04,S - Sale,,,,0.023482,0.01554,,,,llm,mistral-small-3.2-24b,with_formula,0.001234,0.987654,-0.000314324896896,0.9112073297008526,,0.0193528778368935,0.018894003410500397,,,
GOOGL,2025-04-14,S - Sale,,,,-0.010302,,,,,llm,mistral-small-3.2-24b,with_formula,0.000923,0.923456,-0.000396953682265,0.9234117161439978,,-0.009727757788744101,,,,
GOOGL,2025-04-18,S - Sale,,,,,0.001991,-0.0045249999999999995,,,llm,mistral-small-3.2-24b,with_formula,0.001823,0.923456,-0.0004124475096987,0.9250448536020957,,,0.0049327808759895,0.003807674155013099,,
GOOGL,2025-05-01,S - Sale,,,,0.002569,0.013104999999999999,,,,llm,mistral-small-3.2-24b,with_formula,0.001234,0.987654,-0.0004722945286821,0.9654012236622596,,0.004428427903219101,0.0160338756679829,,,
GOOGL,2025-05-09,S - Sale,,,,-0.010506,0.005375000000000001,,,,llm,mistral-small-3.2-24b,with_formula,0.0006307692307692,0.9202702702702704,-0.0003846318173579,0.8809310706794995,,-0.0095707002951093,0.0134837344946564,,,
GOOGL,2025-05-15,S - Sale,,,,0.0017559999999999997,-0.010619014232998002,,,,llm,mistral-small-3.2-24b,with_formula,0.001234,0.987654,-0.0004984951730686,0.8826300188607791,,0.0030996684798536003,-0.006027756178822898,,,
GOOGL,2025-05-23,S - Sale,,,,-0.004634,-0.001077,-0.0056229999999999995,-0.0056229999999999995,,llm,mistral-small-3.2-24b,with_formula,0.00063070045914,0.920013012420012,-0.0004609810837734,0.8788107760115738,,-0.0048303766769765,0.0020934788468136,-0.0011852187019470999,-0.0011852187019470999,
IBM,2024-11-08,S - Sale,,,-0.12010694195292768,0.00014,-0.003641,0.003620000000000001,0.07418690769086761,-0.0459200342620601,llm,mistral-small-3.2-24b,with_formula,0.000635,0.920312,0.0016086175880943,0.4220443490485572,-0.12044439346932509,-0.001847597115914,-0.010771972844288701,-0.0191444906833113,0.051308096118679695,-0.0691362973506454
IBM,2024-11-13,P - Purchase,,,-0.14021799999999998,-0.0005950684563786998,0.010289931543621301,0.0660239315436213,0.06722363942149039,-0.07299436057850961,llm,mistral-small-3.2-24b,with_formula,0.000630864570056,0.9230076222093022,0.0015650127790732,0.4254470132197775,-0.1329521900602884,-0.008154863101387501,-0.008326376376372801,0.050599999299118306,0.057519503657389705,-0.07543268640289871
IBM,2025-02-28,P - Purchase,,,0.055764429894479196,-0.018692936,-0.008809936,0.070022064,0.006062063999999999,0.0618264938944792,llm,mistral-small-3.2-24b,with_formula,0.000357,0.9826,0.0009334989550297,0.3396511207997889,0.01585721394266039,-0.0096001866600699,-0.0113968709993303,0.029200935648085003,-0.035181432807312306,-0.019324218864651903
IBM,2025-03-03,S - Sale,,,0.050138,0.030814,0.068951,0.062558,0.027659000000000003,0.077797,llm,mistral-small-3.2-24b,with_formula,0.000923,0.923456,0.0016500688886761,0.3371925483365992,0.0066727472554586,0.009945901913787301,0.040221449788480905,-0.011072930021710095,-0.036913779798319474,-0.030241032542860872
INTC,2024-11-06,P - Purchase,,,0.03070420649824409,0.078515,0.033482,0.038176145813955495,0.0004641458139554924,0.031168352312199603,llm,mistral-small-3.2-24b,with_formula,0.0006306957,0.980606413,-0.0043213353963193,1.462805109656523,0.10363060269176949,0.0647160751841165,0.026098528087656794,0.0638108805419009,0.044724931584628896,0.14835553427639836
INTC,2024-11-08,S - Sale,,,0.0979076015370281,-0.002159,-0.049856,-0.030356692307692397,-0.09650417677527458,0.0014034247617534992,llm,mistral-small-3.2-24b,with_formula,0.0006306725663716,0.9820671255078344,-0.0045110221744416,1.4561496985880282,0.1518609553014642,0.0020586307833856,-0.028140773535977902,0.0159557203473897,-0.021032809654223102,0.13082814564724105
LRCX,2024-11-04,S - Sale,,,-0.126377,0.011760000000000001,-0.008942999999999996,-0.042963999999999995,-0.063255,-0.189632,llm,mistral-small-3.2-24b,with_formula,0.001123,0.987654,-0.0012581086356767,1.848269266108028,-0.08321868858083192,0.0038830421017937997,-0.052535204571959,-0.07414149322112251,-0.08317557942264392,-0.16639426800347587
LRCX,2025-02-21,S - Sale+OE,,,0.0691902788599337,-0.011981,-0.044594999999999996,-0.07455600000000001,-0.017272270575547307,0.0519180082843864,llm,mistral-small-3.2-24b,with_formula,0.000630700791421,0.920054617073012,-0.0022384217984809,1.7233778860714477,0.09525200527271568,0.0063813317781023,-0.002295600010455699,0.0015608470901667948,0.11932660616088617,0.21457861143360188
META,2024-11-01,S - Sale+OE,,,-0.033354999999999996,-0.008185,-0.039895,-0.035069,,,llm,mistral-small-3.2-24b,with_formula,0.001641,0.9306,0.0018732325685942,1.1781820731023869,-0.0476768512513875,-0.0120393101352208,-0.056495347173974995,-0.0617631711118933,,
META,2024-11-05,S - Sale,,,-0.038310278032258796,-0.022087669020000103,,,,,llm,mistral-small-3.2-24b,with_formula,0.000823,0.987654,0.0017363919748017,1.1787233388085547,-0.058897852630991,-0.0347790972548825,,,,
META,2024-11-07,S - Sale,,,,0.015646,0.006628,-0.015515,,,llm,mistral-small-3.2-24b,with_formula,0.000923,0.987654,0.0015929060568339,1.182994684106701,,0.0082905033956825,-0.0022059765583280996,-0.0229625314497263,,
META,2024-11-19,S - Sale+OE,,,,0.009673,-0.004208000000000001,0.009648999999999998,,,llm,mistral-small-3.2-24b,with_formula,0.000949,0.987654,0.0013038497223234,1.1791853396642158,,0.0064016380313224,-0.009849276206942401,-0.0013669361786981006,,
META,2024-11-21,S - Sale,,,,-0.012934000000000001,,,,,llm,mistral-small-3.2-24b,with_formula,0.000939,0.987654,0.0012419406811563,1.1955642870332277,,-0.0161594802445425,,,,
META,2024-11-26,S - Sale,,,,,,,,,llm,mistral-small-3.2-24b,with_formula,0.001234,0.987654,0.0011790435357986,1.1885576625535332,,,,,,
META,2024-11-27,S - Sale,,,,-0.001704,0.020009,,,,llm,mistral-small-3.2-24b,with_formula,0.001234,0.987654,0.0011936856428746,1.1930981260694538,,-0.0016782949598714,0.0157547070932787,,,
META,2024-12-05,S - Sale,,,,0.009695000000000002,0.008607000000000002,,,,llm,mistral-small-3.2-24b,with_formula,0.00063,0.950214,0.0011504494214605,1.20260424490588,,0.006554896861734501,0.007739358994743701,,,
META,2024-12-09,S - Sale+OE,,,,-0.0008579999999999994,,,,,llm,mistral-small-3.2-24b,with_formula,0.000923,0.987654,0.0010197203242414,1.170285760759694,,0.0011646556629394,,,,
META,2024-12-12,S - Sale,,,,-0.014425,-0.024233,,,,llm,mistral-small-3.2-24b,with_formula,0.000607,0.980611,0.0008824455030735,1.169976498003662,,-0.014995472030907599,-0.028119852690040102,,,
META,2024-12-16,S - Sale+OE,,,,-0.00969,,,,,llm,mistral-small-3.2-24b,with_formula,0.000912,0.9506,0.0008276574219017,1.172576137734619,,-0.0130386961743753,,,,
META,2024-12-19,S - Sale,,,,-0.028897,-0.013807999999999999,,,,llm,mistral-small-3.2-24b,with_formula,0.000632,0.950123,8.835062311850564e-05,1.0707721346461132,,-0.0301625716890205,-0.0171662251888067,,,
META,2024-12-23,S - Sale+OE,,,,0.015656,,,,,llm,mistral-small-3.2-24b,with_formula,0.000987,0.952312,6.045604735891634e-05,1.062931030770927,,0.013234793103968901,,,,
META,2024-12-30,S - Sale+OE,,,,-0.003252,0.012143000000000001,,,,llm,mistral-small-3.2-24b,with_formula,0.000823,0.987654,0.0001473039795703,1.0738191003104487,,-0.0017672203115782,0.0130651411327794,,,
META,2025-01-02,S - Sale,,,,0.0162851815,0.0463151815,,,,llm,mistral-small-3.2-24b,with_formula,0.000312,0.987654,8.72039341654736e-05,1.0729246467775493,,0.0149669861992171,0.0445160263320746,,,
META,2025-01-06,S - Sale+OE,,,,0.028382,,,,,llm,mistral-small-3.2-24b,with_formula,0.000602,0.9806,0.000213066008161,1.0676080212203334,,0.0292627951747586,,,,
META,2025-01-10,S - Sale,,,,0.023955,,,,,llm,mistral-small-3.2-24b,with_formula,0.00063,0.95,0.0002020608632414,1.0668714678919435,,0.0255902277130607,,,,
META,2025-01-13,S - Sale+OE,,,,-0.029328,,,,,llm,mistral-small-3.2-24b,with_formula,0.000923,0.987654,0.0002813146998792,1.0648556372450209,,-0.0294100732168587,,,,
META,2025-01-16,S - Sale,,,,-0.012374,-0.012681,,,,llm,mistral-small-3.2-24b,with_formula,0.000306,0.9806,0.0001792219497156,1.063589801697075,,-0.014012090229977299,-0.015027842475095799,,,
META,2025-01-21,S - Sale+OE,,,,,,,,,llm,mistral-small-3.2-24b,with_formula,0.00071,0.9826,9.145799109219548e-05,1.055776586100958,,,,,,
META,2025-01-22,S - Sale+OE,,,,0.017523,,,,,llm,mistral-small-3.2-24b,with_formula,0.000607,0.980611,9.400491482621182e-05,1.0544776474945468,,0.0161853395731492,,,,
META,2025-01-23,S - Sale,,,,0.040652,0.09127600000000001,,,,llm,mistral-small-3.2-24b,with_formula,0.000912,0.9506,5.731285591226024e-05,1.0535776115086244,,0.0408878537940869,0.0928052774049878,,,
META,2025-01-27,S - Sale+OE,,,,0.050960000000000005,,,,,llm,mistral-small-3.2-24b,with_formula,0.000903,0.9506,-7.841464951467746e-05,1.0398138504908787,,0.0520451968701115,,,,
META,2025-01-30,S - Sale,,,,0.018946,0.039034000000000006,,,,llm,mistral-small-3.2-24b,with_formula,0.000923,0.982636,8.33138563028278e-05,1.0162951280290535,,0.018788231965684098,0.0387441289135052,,,
META,2025-02-03,S - Sale+OE,,,,0.019707,,,,,llm,mistral-small-3.2-24b,with_formula,0.000923,0.923456,0.0001236214185387,1.0145291784483523,,0.0198779596402457,,,,
META,2025-02-06,S - Sale,,,,0.022067,0.023308,,,,llm,mistral-small-3.2-24b,with_formula,0.000923,0.982642,0.0002607033840549,1.0123097898397344,,0.0217478122041438,0.022321083251750102,,,
META,2025-02-10,S - Sale+OE,,,,0.0012849999999999997,,,,,llm,mistral-small-3.2-24b,with_formula,0.00063,0.92061,0.0001808341101832,1.0132737413021116,,0.0007270283762462002,,,,
META,2025-02-12,S - Sale+OE,,,,-0.0031200000000000004,0.004128,,,,llm,mistral-small-3.2-24b,with_formula,0.000923,0.987654,0.0003785925490601,0.9962388974677172,,-0.0039212928790801,0.0027794121682515995,,,
META,2025-02-13,S - Sale,,,,-0.003578999999999999,-0.030411,-0.051358999999999995,,,llm,mistral-small-3.2-24b,with_formula,0.000824,0.952341,0.0003171589458775,1.0001193039254055,,-0.004236666838267,-0.0328339166187906,-0.05441578950432149,,
META,2025-02-18,S - Sale+OE,,,,,,,,,llm,mistral-small-3.2-24b,with_formula,0.0006306532012159,0.9200107002050024,0.0003984217255349,1.0105546909592742,,,,,,
META,2025-02-19,S - Sale+OE,,,,-0.026535999999999997,,,,,llm,mistral-small-3.2-24b,with_formula,0.0006308645700063,0.922009554145854,0.0002232756145741,1.011976371194781,,-0.0267434708408161,,,,
META,2025-02-24,S - Sale+OE,,,,-0.013108000000000002,0.012580999999999998,-0.007272000000000001,-0.019942,,llm,mistral-small-3.2-24b,with_formula,0.000632,0.987654,9.3110437699303e-06,1.0153473444287695,,-0.012442260521649701,0.013417660973193399,-0.0050361598674303,-0.017811328551311595,
META,2025-02-26,S - Sale,,,,,,,,,llm,mistral-small-3.2-24b,with_formula,0.001123,0.987654,0.0005444583118161,0.95682530965379,,,,,,
META,2025-02-27,S - Sale,,,,,,,,,llm,mistral-small-3.2-24b,with_formula,0.000823,0.923456,0.0004828740026641,0.9622915440414674,,,,,,
META,2025-02-28,S - Sale,,,,-0.001092,,,,,llm,mistral-small-3.2-24b,with_formula,0.000312,0.987654,0.0005686422712159,0.9662402007182992,,-0.0012175660927647,,,,
META,2025-03-03,S - Sale,,,,,,,,,llm,mistral-small-3.2-24b,with_formula,0.00038,0.952,0.0006666400567107,0.9630630565801742,,,,,,
META,2025-03-04,S - Sale,,,,,,,,,llm,mistral-small-3.2-24b,with_formula,0.000312,0.987654,0.0007288675508245,0.9582495258579729,,,,,,
META,2025-03-05,S - Sale,,,,,,,,,llm,mistral-small-3.2-24b,with_formula,0.000303,0.9506,0.0008563063517299,0.947893096029052,,,,,,
META,2025-03-06,S - Sale,,,,-0.030359999999999998,-0.023420999999999997,,,,llm,mistral-small-3.2-24b,with_formula,0.000966,0.987654,0.0008447766979099,0.9456638746491646,,-0.030780789942832502,-0.024212060591185504,,,
META,2025-03-12,S - Sale,,,,,,,,,llm,mistral-small-3.2-24b,with_formula,0.001234,0.987654,0.0009337900972113,0.9195164844103448,,,,,,
META,2025-03-13,S - Sale,,,,-0.024176999999999997,-0.052512,,,,llm,mistral-small-3.2-24b,with_formula,0.001123,0.987654,0.0009990439146421,0.9185201676537212,,-0.0250133561423335,-0.0558332836397272,,,
META,2025-03-19,S - Sale,,,,,,,,,llm,mistral-small-3.2-24b,with_formula,0.001123,0.987654,0.0015394279236793,0.9082942013031706,,,,,,
META,2025-03-20,S - Sale,,,,0.018464,0.041904000000000004,,,,llm,mistral-small-3.2-24b,with_formula,0.000912,0.923456,0.0013224946218257,0.9124991437769312,,0.0164421799110285,0.0388210893496361,,,
META,2025-03-26,S - Sale,,,,,,,,,llm,mistral-small-3.2-24b,with_formula,0.001234,0.987654,0.0011064473809686,0.916225597245412,,,,,,
META,2025-03-27,S - Sale,,,,-0.026819,-0.017741,,,,llm,mistral-small-3.2-24b,with_formula,0.000923,0.982642,0.0011610364838829,0.9184723701714544,,-0.029262487310259704,-0.022257190095535305,,,
META,2025-04-02,S - Sale,,,,,,,,,llm,mistral-small-3.2-24b,with_formula,0.000823,0.9206,0.0011646818001372,0.9178303315500808,,,,,,
META,2025-04-03,S - Sale,,,,-0.026360999999999996,0.004736000000000004,,,,llm,mistral-small-3.2-24b,with_formula,0.000712,0.982636,0.0011864153047648,0.9201533000575296,,-0.0340921193979821,-0.006012729254111004,,,
META,2025-04-09,S - Sale,,,,,,,,,llm,mistral-small-3.2-24b,with_formula,0.001234,0.987654,0.0012702126430134,0.9465890348038132,,,,,,
META,2025-04-10,S - Sale,,,,-0.050036,-0.09681200000000001,,,,llm,mistral-small-3.2-24b,with_formula,0.000303,0.9806,0.0012828895575563,0.9507881571198132,,-0.0535494062109223,-0.10271166659703129,,,
META,2025-04-16,S - Sale,,,,,,,,,llm,mistral-small-3.2-24b,with_formula,0.000630758,0.984605,0.0009805660328019,0.9760264122223132,,,,,,
META,2025-04-17,S - Sale,,,,-0.000508,-0.0035249999999999986,,,,llm,mistral-small-3.2-24b,with_formula,0.000312,0.987654,0.0009530889323413,0.969224645024678,,-0.001374543453202,-0.006093232743042401,,,
META,2025-04-23,S - Sale,,,,,,,,,llm,mistral-small-3.2-24b,with_formula,0.000923,0.923456,0.0010514750033003,0.977618735410972,,,,,,
META,2025-04-24,S - Sale,,,,0.013959000000000001,0.021596000000000004,,,,llm,mistral-small-3.2-24b,with_formula,0.000923,0.987654,0.0009995193989969,0.9683191960874378,,0.0104633854798661,0.0171557821516068,,,
META,2025-04-30,S - Sale,,,,,,,,,llm,mistral-small-3.2-24b,with_formula,0.000912,0.8565,0.0007702247693821,0.9854149860389008,,,,,,
META,2025-05-01,S - Sale,,,,0.056889999999999996,,,,,llm,mistral-small-3.2-24b,with_formula,0.001234,0.987654,0.0008723949775928,0.9930575303340704,,0.053870116669152104,,,,
META,2025-05-06,S - Sale,,,,,,,,,llm,mistral-small-3.2-24b,with_formula,0.000312,0.987654,0.0008028758191545,1.028568008671101,,,,,,
META,2025-05-07,S - Sale,,,,,,,,,llm,mistral-small-3.2-24b,with_formula,0.001234,0.987654,0.0009844938155939,1.0296789189007909,,,,,,
META,2025-05-08,S - Sale,,,,-0.018511,0.02905,,,,llm,mistral-small-3.2-24b,with_formula,0.001123,0.987654,0.0009744251097022,1.026729611080837,,-0.020209937759602302,0.021831794684531197,,,
META,2025-05-14,S - Sale,,,,,,,,,llm,mistral-small-3.2-24b,with_formula,0.000912,0.9551,0.000614616467646,1.0776492872567185,,,,,,
META,2025-05-15,S - Sale,,,,-0.022109,-0.023796,,,,llm,mistral-small-3.2-24b,with_formula,0.000826,0.980612,0.0004769638488796,1.077289852180381,,-0.033556441779527005,-0.03573534877966461,,,
META,2025-05-19,S - Sale+OE,,,0.080139,-0.0019979999999999998,0.0015150000000000016,0.007976,0.008661,0.08880000000000002,llm,mistral-small-3.2-24b,with_formula,0.000966,0.9035,0.0006064640626545,1.0781673934706408,0.0395073474199025,-0.0024347842647988002,0.0028964876174069993,0.0043636768643374,0.011031358111243499,0.050538705531146005
META,2025-05-21,S - Sale,,,,,,,,,llm,mistral-small-3.2-24b,with_formula,0.000966,0.9034,0.0006341560578005,1.083441254199102,,,,,,
META,2025-05-22,S - Sale,,,,-0.006261999999999999,-0.0044989999999999995,,,,llm,mistral-small-3.2-24b,with_formula,0.0006307692307692,0.9006944444444444,0.0004530677140861,1.0811156918508975,,-0.0064340091631194,-0.0092052950974666,,,
META,2025-05-29,S - Sale,,,,0.005042,0.005042,0.005042,0.005042,,llm,mistral-small-3.2-24b,with_formula,0.001923,0.950214,0.0007673953196674,1.0768886434724638,,0.0037948510239697005,0.0037948510239697005,0.0037948510239697005,0.0037948510239697005,
MSFT,2024-11-12,S - Sale,,,-0.06556299999999998,0.017451,0.021123000000000003,0.008900000000000003,,,llm,mistral-small-3.2-24b,with_formula,0.001234,0.987654,-0.0002396479802947,0.8406915519447995,-0.049606797141585335,0.0205841446487416,0.0213760403768504,0.014971598706157602,,
MSFT,2024-11-25,S - Sale,,,,0.016097,0.0021960000000000018,,,,llm,mistral-small-3.2-24b,with_formula,0.001234,0.987654,-0.0002804854728888,0.8340543018879879,,0.0193459576297968,0.007386380392301898,,,
MSFT,2024-12-02,S - Sale,,,,0.0046289999999999006,,,,,llm,mistral-small-3.2-24b,with_formula,0.000312,0.923456,-0.000600588369641,0.8763094930852755,,0.0075233764517752995,,,,
MSFT,2024-12-05,S - Sale,,,,0.005850999999999999,,,,,llm,mistral-small-3.2-24b,with_formula,0.000923,0.912456,-0.0005643873598938,0.877000781238795,,0.0096112195032241,,,,
MSFT,2024-12-10,S - Sale,,,,-0.007695,-0.007023417,-0.014015416999999999,-0.036766056,,llm,mistral-small-3.2-24b,with_formula,0.000621,0.950621,-0.0006851027097291,0.8716378597539494,,-0.005101902005767,-0.002856983370132,-0.007840407937696602,-0.0279017649141628,
MSFT,2025-05-06,S - Sale,,,0.06661295877056099,-0.0008189999999999998,0.0006500000000000002,,,,llm,mistral-small-3.2-24b,with_formula,0.000630653,0.952702766,-0.0005430206434463,0.742625912844983,0.08974038043536049,-0.0009815628525104,0.0045191329149193,,,
MSFT,2025-05-16,S - Sale,,,,-0.002589,,,,,llm,mistral-small-3.2-24b,with_formula,0.001823,0.952412,-0.0005559254686082,0.7657271760689386,,-0.0008857761499737,,,,
MSFT,2025-05-20,S - Sale,,,,0.0032440000000000004,,,,,llm,mistral-small-3.2-24b,with_formula,0.000306,0.9806,-0.0006966569959014,0.7649688686937812,,0.0013339254605682998,,,,
MSFT,2025-05-22,S - Sale,,,,0.0018670000000000002,0.0008740000000000002,0.004378,0.004378,,llm,mistral-small-3.2-24b,with_formula,0.000312,0.952431,-0.0007066850305255,0.7656440370549102,,0.0016572139087615,0.0068338710428975,0.011667322528101199,0.011667322528101199,
MU,2024-12-26,S - Sale,,,-0.11900600000000001,0.0068579999999999995,-0.02315,0.025379,,,llm,mistral-small-3.2-24b,with_formula,0.000923,0.923456,-0.0001354901637394,1.7722718244881313,-0.1304077573326712,0.0204329059872905,0.008161096187910801,0.046602514092800106,,
MU,2025-01-10,S - Sale,,,,0.015378,0.034325999999999995,0.037066999999999996,-0.09307000000000001,,llm,mistral-small-3.2-24b,with_formula,0.001123,0.987654,-0.0005461291010495,1.76833553319388,,0.0286425538536561,0.038760209939145696,0.053817665895687,-0.0715034774194647,
MU,2025-02-19,S - Sale,,,0.167909,-0.030475,-0.075728,-0.07325400000000001,,,llm,mistral-small-3.2-24b,with_formula,0.000363,0.987654,-0.0019414308594193,1.7640074561279562,0.17754881835309216,-0.023240604666700502,-0.035966814957264205,-0.003977607482685899,,
MU,2025-03-05,S - Sale,,,,-0.007749000000000002,0.0024937689999999964,0.137864769,,,llm,mistral-small-3.2-24b,with_formula,0.000630652,0.920605,-0.00280498500043,1.790769515448409,,0.006759455827499001,0.0495050638267548,0.1815547835191526,,
MU,2025-03-18,S - Sale,,,,-0.007887000000000002,-0.085997,,,,llm,mistral-small-3.2-24b,with_formula,0.00112,0.987632,-0.0022023455419445,1.789612307191386,,-0.00034928664810629853,-0.0705071829450914,,,
MU,2025-03-27,S - Sale,,,,-0.008595,-0.011083,-0.095142,-0.05680000000000001,,llm,mistral-small-3.2-24b,with_formula,0.000630653,0.982031,-0.001892002390162,1.8109492998729428,,0.0219577681012807,0.017153185879085604,-0.0710225922475223,-0.0605113320376504,
MU,2025-05-06,S - Sale,,,0.04303839657858081,0.0332856557373737,0.0614324918029474,0.0864903058332504,0.07237597386603718,0.11541437044461798,llm,mistral-small-3.2-24b,with_formula,0.000636,0.980612,-0.0022528228983282,1.819469814716691,0.048309780270757,0.042605950844416,0.0665056474584562,0.08674929592424359,0.09524919031124648,0.1435589705820035
NOW,2024-11-06,S - Sale,,,0.050118853334540005,0.003904,0.022142000000000002,,,,llm,mistral-small-3.2-24b,with_formula,0.000923,0.923456,0.0005604456618592,1.0020585023590407,0.0446753269032914,-0.0007420573364723994,0.017228476712865502,,,
NOW,2024-11-14,S - Sale+OE,,,,-0.004435,,,,,llm,mistral-small-3.2-24b,with_formula,0.000635,0.987654,0.0004749425322239,1.009066404235706,,-0.0047365207365099,,,,
NOW,2024-11-18,S - Sale,,,,-0.005412999999999999,,,,,llm,mistral-small-3.2-24b,with_formula,0.000923,0.987654,0.0005519488119354,0.9981455544099368,,-0.0067755483025576995,,,,
NOW,2024-11-19,S - Sale+OE,,,,0.008232,0.041843,0.01804900000000001,0.05584500000000001,,llm,mistral-small-3.2-24b,with_formula,0.000949,0.987654,0.000517728653584,0.9977460505866876,,0.007228814443081199,0.0406910646754407,0.017324958405850695,0.054866868958929296,
NOW,2024-11-21,S - Sale,,,,0.034848000000000004,0.033032000000000006,,,,llm,mistral-small-3.2-24b,with_formula,0.000939,0.987654,0.0004744652642047,0.9885803171945372,,0.0335668992942953,0.032808980460378896,,,
NOW,2024-11-27,S - Sale,,,,-0.020928,-0.030981999999999996,,,,llm,mistral-small-3.2-24b,with_formula,0.000923,0.987654,0.0004114043186985,0.9948805356727976,,-0.0212983870230998,-0.033211333144307895,,,
NOW,2024-12-03,S - Sale,,,,0.053688,0.048536,0.04266299999999999,0.01749699999999999,,llm,mistral-small-3.2-24b,with_formula,0.001006,0.899278,0.0004134590015168,0.9811431367578562,,0.053200182946673,0.0472391728210933,0.039249541832837596,0.0157487128794266,
NOW,2025-01-17,S - Sale+OE,,,-0.003878999999999997,-0.000387,0.030136000000000003,0.075458,-0.05429199999999999,-0.05817099999999999,llm,mistral-small-3.2-24b,with_formula,0.001234,0.987654,0.0010198903468537,0.9905451635047428,-0.0152848800420201,-0.0024263837810149,0.0259808299685153,0.0698372370028155,-0.06213104821039399,-0.0774159282524141
NOW,2025-02-05,S - Sale,,,-0.044400999999999996,0.004910000000000001,0.006081000000000001,,,,llm,mistral-small-3.2-24b,with_formula,0.000923,0.950214,0.0010086152035146,0.9484755730207176,-0.05511122575028661,0.004433149517553199,0.004755218924426699,,,
NOW,2025-02-19,S - Sale+OE,,,,-0.025477,-0.036230000000000005,-0.011503999999999993,-0.07692126317675539,,llm,mistral-small-3.2-24b,with_formula,0.000306,0.9206,0.0010144205157304,0.9497889654318354,,-0.0280687212936637,-0.03979692132746809,-0.0196583804448997,-0.08861313218815031,
NOW,2025-02-21,S - Sale,,,,-0.008866,,,,,llm,mistral-small-3.2-24b,with_formula,0.000630864,0.982006632,0.0010949722774112,0.9635238605620668,,-0.0104852188435769,,,,
NOW,2025-02-25,S - Sale,,,,0.025698,,,,,llm,mistral-small-3.2-24b,with_formula,0.001234,0.987654,0.000992480401132,0.9562095806209808,,0.0241003504515606,,,,
NOW,2025-02-27,S - Sale,,,,-0.001359,,,,,llm,mistral-small-3.2-24b,with_formula,0.001234,0.890123,0.0013700066867634,0.912052348132093,,-0.0049927229337808,,,,
NOW,2025-03-03,S - Sale,,,,0.004011,-0.055477,-0.051743,-0.05713299999999999,,llm,mistral-small-3.2-24b,with_formula,0.000683,0.9206,0.0006886696683402,0.9237883488501732,,0.0007058183637940001,-0.0587515686022962,-0.05761132358743451,-0.06660513580707171,
NOW,2025-04-17,S - Sale+OE,,,0.047904,-0.031796,-0.038412999999999996,0.11887000000000002,0.128763,0.176667,llm,mistral-small-3.2-24b,with_formula,0.0021203,0.9841,0.0012719081039337,0.9293890378305862,0.029604739753757398,-0.0308449485528262,-0.0414302161931306,0.11611792647218391,0.12689681453415572,0.15650155428791312
NOW,2025-04-29,S - Sale,,,0.147604,0.012544999999999999,0.006874797777777797,0.010214797777777798,,,llm,mistral-small-3.2-24b,with_formula,0.000923,0.950214,0.0007376957831792,0.9338139815457416,0.138138639779237,0.012907447369129799,0.0065432825771013,0.008349889672696897,,
NOW,2025-05-09,S - Sale+OE,,,0.15140635777096798,0.0053338308648581,,,,,llm,mistral-small-3.2-24b,with_formula,0.000630652,0.987654,0.0008369624775665,1.00534945743822,0.1362225499550436,0.0048351395166185,,,,
NOW,2025-05-14,S - Sale+OE,,,,-0.010967000000000001,-0.026466000000000003,,,,llm,mistral-small-3.2-24b,with_formula,0.001,0.9,0.0007664003342308,1.005014718004227,,-0.0083581844498899,-0.0243559487459112,,,
NOW,2025-05-19,S - Sale,,,,-0.014084,-0.011673999999999999,,,,llm,mistral-small-3.2-24b,with_formula,0.001123,0.987654,0.0005498424646108,1.0046541031190437,,-0.0152085691920328,-0.012659354731261,,,
NOW,2025-05-20,S - Sale+OE,,,,0.006507,0.0026309999999999997,-0.009405,-0.009405,,llm,mistral-small-3.2-24b,with_formula,0.000861,0.923456,0.0005819882087201,1.003282860717233,,0.0060485267782009,0.0018282505442549,-0.0138177691080768,-0.0138177691080768,
NOW,2025-05-27,S - Sale,,,,-0.000711,,,,,llm,mistral-small-3.2-24b,with_formula,0.000923,0.950214,0.0017358717552415,1.069884306160908,,-0.007383173767147399,,,,
NOW,2025-05-29,S - Sale,,,,-0.011443,-0.011443,-0.011443,-0.011443,,llm,mistral-small-3.2-24b,with_formula,0.000923,0.987654,0.0016245338176447,1.0814434089218945,,-0.0140104713318663,-0.0140104713318663,-0.0140104713318663,-0.0140104713318663,
NVDA,2024-11-27,S - Sale,,,-0.06886500000000001,-0.005674,0.0006549999999999993,0.0021860000000000004,,,llm,mistral-small-3.2-24b,with_formula,0.001846,0.987654,0.0025985690933614,2.341245727060394,-0.11846991327586641,-0.0002403802060286,-0.0231891846324357,-0.0602351907534677,,
NVDA,2024-12-13,S - Sale,,,,-0.023607,,,,,llm,mistral-small-3.2-24b,with_formula,0.0006307692307692,0.920615527955202,0.0022223261919525,2.3011307363434046,,-0.0274823112762479,,,,
NVDA,2024-12-18,S - Sale,,,,0.036483,0.084221,0.06657700000000001,0.10195499999999999,,llm,mistral-small-3.2-24b,with_formula,0.000907,0.980612,0.0020964465155401,2.301194062687001,,0.0825290754892895,0.09965158886268921,0.0788935870207187,0.1192422278864025,
NVDA,2025-01-08,S - Sale,,,0.07752800000000001,-0.000659,-0.030622,-0.022414,-0.072361,0.005166999999999963,llm,mistral-small-3.2-24b,with_formula,0.000923,0.987654,0.0010290430295275,2.2125169826093654,0.0640354868594195,-1.7036836708993978e-05,-0.007245229375770195,-0.03995288681219209,-0.10320321245425232,-0.039167725594832795
NVDA,2025-03-12,S - Sale,,,-0.08659399999999998,0.070165,,,,,llm,mistral-small-3.2-24b,with_formula,0.001923,0.987654,0.000355177146388,2.22242783592808,0.06793892913626891,0.0786172450837674,,,,
NVDA,2025-03-17,S - Sale,,,,-0.037933999999999996,,,,,llm,mistral-small-3.2-24b,with_formula,0.000251,0.987654,0.0001266128313216,2.2239882382504983,,-0.020946748160261403,,,,
NVDA,2025-03-21,S - Sale,,,,-0.013164,,,,,llm,mistral-small-3.2-24b,with_formula,0.00112,0.987654,0.0003192565688278,2.240998698686794,,-0.0190285329872883,,,,
NVDA,2025-03-25,S - Sale,,,,-0.047651,-0.052028000000000005,-0.096804,-0.0037780000000000053,,llm,mistral-small-3.2-24b,with_formula,0.000923,0.987654,0.0003412878858207,2.23880318937992,,-0.0285991561559183,0.006812459086039099,0.08851786642318629,0.07504357260876629,
ORCL,2025-01-24,S - Sale+OE,,,0.100846,-0.010499,-0.10904799999999999,-0.056700999999999994,-0.053488999999999995,0.047356999999999996,llm,mistral-small-3.2-24b,with_formula,0.001328,0.9042,0.0012581280344123,0.988028296080478,0.0858476974828367,-0.011752985790443,-0.11398594092161951,-0.0645325574323826,-0.07089709984965473,0.014950597633181986
ORCL,2025-02-14,P - Purchase,,,-0.04173505,-0.002289,0.037960999999999995,0.011931999999999991,-0.037743,-0.07947805000000001,llm,mistral-small-3.2-24b,with_formula,0.0006307692307692,0.980204081632653,0.0005334373936307,0.9325666295400796,-0.0489592859501935,-0.0026010884217577,0.036910016117383704,0.007345678909464203,-0.051463636366004796,-0.1004229223161983
ORCL,2025-03-21,P - Purchase,,,-0.022538999999999997,-0.00962,-0.044991,-0.068015,-0.05957200000000001,-0.08211100000000002,llm,mistral-small-3.2-24b,with_formula,0.001123,0.987654,0.0010979587504589,1.1124475356095076,-0.024005989040983996,-0.0101177473486697,-0.0496608886799072,-0.0703449326651991,-0.0630543076096615,-0.08706029665064549
ORCL,2025-04-04,S - Sale,,,-0.01733099999999999,-0.007783,-0.01605,-0.033697000000000005,-0.030469,-0.04779999999999998,llm,mistral-small-3.2-24b,with_formula,0.000923,0.987654,0.0008632721102156,1.1693568653557356,-0.012542628861596607,0.0018714538338508,-0.026541627305758403,-0.04245565402225221,-0.04878113478791579,-0.0613237636495124
ORCL,2025-04-15,S - Sale+OE,,,-0.05970299999999999,-0.005638,-0.014307,-0.0013029999999999986,0.04722400000000001,-0.012478999999999995,llm,mistral-small-3.2-24b,with_formula,0.001123,0.987654,0.0010734591854799,1.1737221213855566,-0.049408323106055994,-0.0019734023753546002,-0.0103416636152077,-0.0166677933223112,0.0222481858894354,-0.0271601372166206
PLTR,2024-11-05,S - Sale,,,-0.01648016393442629,0.2784747310770933,,,,,llm,mistral-small-3.2-24b,with_formula,0.0003001630163016,1.0,0.0031281864199593,1.5033481463066278,-0.05515476623698271,0.2487147305357485,,,,
PLTR,2024-11-12,S - Sale,,,,0.007997999999999998,0.122754,,,,llm,mistral-small-3.2-24b,with_formula,0.00093,0.92061,0.0036205841986719,1.5122553883929295,,0.0058220181709338,0.1284092427574137,,,
PLTR,2024-11-15,S - Sale+OE,,,,0.133456,,,,,llm,mistral-small-3.2-24b,with_formula,0.000306,0.9806,0.0036117824402799,1.502313007853927,,0.1413574053606107,,,,
PLTR,2024-11-20,S - Sale+OE,,,,-0.025756,,,,,llm,mistral-small-3.2-24b,with_formula,0.00112,0.982345,0.0037016329438758,1.4992383100847446,,-0.032104920272104,,,,
PLTR,2024-11-27,S - Sale,,,,0.010355,-0.0019340000000000017,,,,llm,mistral-small-3.2-24b,with_formula,0.001234,0.987654,0.0038810388797625,1.4827988297500347,,0.0096366087432686,-0.019418864872167298,,,
PLTR,2024-12-03,S - Sale+OE,,,,0.036712999999999996,0.120055,,,,llm,mistral-small-3.2-24b,with_formula,0.001004,0.950629,0.003852918761508,1.5080061137206693,,0.0198278989734509,0.09369038291613571,,,
PLTR,2024-12-04,S - Sale,,,,6.499999999999909e-05,,,,,llm,mistral-small-3.2-24b,with_formula,0.000306,0.980612,0.0038236604804346,1.5136519685955578,,-0.011448958621867598,,,,
PLTR,2024-12-06,S - Sale,,,,0.054096,,,,,llm,mistral-small-3.2-24b,with_formula,0.0006303,0.987654,0.0048290054651811,1.6550456582669617,,0.0439659012961377,,,,
PLTR,2024-12-10,S - Sale,,,,-0.013778,0.0395548367397789,0.1171808367397789,0.09410383673977891,,llm,mistral-small-3.2-24b,with_formula,0.000306,0.9806,0.0052611444388262,1.6473373790407568,,-0.0342995304934701,0.012782800996808497,0.07703739804152049,0.015928899631103985,
PLTR,2024-12-13,S - Sale+OE,,,,0.038029,,,,,llm,mistral-small-3.2-24b,with_formula,0.001,0.9,0.0054092150008903,1.6324023498273867,,0.0318398006279336,,,,
PLTR,2024-12-16,S - Sale+OE,,,,-0.031262,0.077464,0.074661,0.07952000000000001,,llm,mistral-small-3.2-24b,with_formula,0.000923,0.987654,0.0053498330434904,1.6312023499566073,,-0.0478514871241254,0.06353450114396239,0.030132553133002796,0.010901507810792799,
PLTR,2025-01-10,S - Sale,,,,0.001255,-0.006661000000000002,0.023790999999999996,0.10686999999999999,,llm,mistral-small-3.2-24b,with_formula,0.001606,0.980612,0.0047981544477296,1.4445796257555648,,0.004512888652633,-0.022193809003407797,0.011891118470071902,0.0972250141635593,
PLTR,2025-02-05,S - Sale,,,0.44400899999999993,,,,,,llm,mistral-small-3.2-24b,with_formula,0.000923,0.950612,0.0051830382848275,1.4849731335126042,0.3721753457622524,,,,,
PLTR,2025-02-06,S - Sale,,,,0.101867,0.113007,,,,llm,mistral-small-3.2-24b,with_formula,0.000630567981207,0.920010730665221,0.0048095017637713,1.4505101490950256,,0.09672934077984639,0.09588527741120291,,,
PLTR,2025-02-13,S - Sale,,,,-0.003789,0.041033,-0.133275,,,llm,mistral-small-3.2-24b,with_formula,0.0003001256,0.980628,0.0044087789221679,1.502774476808464,,-0.022512744576897246,0.01781189026249165,-0.15525664341500306,,
PLTR,2025-03-05,S - Sale,,,,-0.028071,,,,,llm,mistral-small-3.2-24b,with_formula,0.0008,0.98,0.005783531576968,1.5185625760613457,,-0.033614356019382494,,,,
PLTR,2025-03-07,S - Sale,,,,0.04814,0.070351,0.108686,0.14419300000000002,,llm,mistral-small-3.2-24b,with_formula,0.000312,0.987654,0.0066905611380019,1.6009776541917384,,0.0373674523999922,0.0579484850937668,0.07039483602866552,0.05225132003605648,
PLTR,2025-03-14,S - Sale+OE,,,,0.057468,,,,,llm,mistral-small-3.2-24b,with_formula,0.00063,0.920619,0.0073219921299913,1.6188901395269764,,0.0336192944043773,,,,
PLTR,2025-03-19,S - Sale+OE,,,,0.025835999999999998,0.10278,0.031365000000000004,,,llm,mistral-small-3.2-24b,with_formula,0.000923,0.987654,0.0074548577028705,1.5966643714916384,,0.0092377364537936,0.0541730712590168,-0.015873586392725292,,
PLTR,2025-04-02,S - Sale+OE,,,,0.034172,0.023968000000000003,0.09542,0.181969,,llm,mistral-small-3.2-24b,with_formula,0.000923,0.923077,0.0067514762033746,1.62800092134566,,0.0582407321761805,0.0748666536166258,0.0671538560080269,0.13195321802755383,
PLTR,2025-04-03,S - Sale,,,0.088645,-0.046445,,,,,llm,mistral-small-3.2-24b,with_formula,0.000312,0.987654,0.0070167884572101,1.6541487975180096,-0.02477027508926151,0.022177880759886897,,,,
PLTR,2025-04-07,S - Sale,,,,0.065353,0.12033799999999997,0.20688199999999998,0.33596423694327276,,llm,mistral-small-3.2-24b,with_formula,0.0008,0.95,0.0068301355988035,1.7237480876999842,,0.066745667598441,0.027747794031903604,0.10739341553182909,0.1498847852746384,
PLTR,2025-05-05,S - Sale,,,0.22031499999999998,-0.107391,-0.044002,-0.02564819999999999,,,llm,mistral-small-3.2-24b,with_formula,0.001128,0.987654,0.0077400808436797,1.8050819376165,0.08411506446898678,-0.1110089101628584,-0.0807589350044075,-0.13735635873143728,,
PLTR,2025-05-12,P - Purchase,,,0.14495500000000003,0.03582814709773981,0.022971147097739803,-0.015940852902260196,0.0477701470977398,0.19272514709773983,llm,mistral-small-3.2-24b,with_formula,0.00063,0.980612,0.0078942331450333,1.7082346473931491,-0.0448417910620309,-0.026335697185380598,-0.0567153483110768,-0.1191160755052126,-0.09842469042669949,-0.1432664814887304
PYPL,2025-02-28,S - Sale,,,-0.0370029278691024,-0.011558,-0.017374,0.022146,0.031592999999999996,-0.005409927869102401,llm,mistral-small-3.2-24b,with_formula,0.000312,0.987654,0.0011219046802419,0.5922688725415,-0.0716997733396151,-0.0062703672806328,-0.0214900983782671,-0.0079868721980429,-0.002009546820884299,-0.0737093201604994
TSLA,2024-11-04,S - Sale+OE,,,0.16297898623076928,,,,,,llm,mistral-small-3.2-24b,with_formula,0.000907,0.980612,-0.0011219660588845,1.6402125307738058,0.18824202831952064,,,,,
TSLA,2024-11-05,S - Sale+OE,,,,0.139895,0.2347839393939393,,,,llm,mistral-small-3.2-24b,with_formula,0.000312,0.987654,-0.0012634615381821,1.6459580107902332,,0.1133987618335448,0.20057010462258762,,,
TSLA,2024-11-13,S - Sale+OE,,,,-0.043615,0.059045999999999994,,,,llm,mistral-small-3.2-24b,with_formula,0.000312,0.987654,-0.0017193904029924,1.6041945604489296,,-0.034466584431909406,0.08211768349289889,,,
TSLA,2024-11-19,S - Sale+OE,,,,-0.0008440821105263011,0.0279648078531083,-0.0036905919691138933,,,llm,mistral-small-3.2-24b,with_formula,0.000312,0.987654,-0.0018521153165302,1.6114003416982745,,-0.0013050409633036004,0.030265746151483097,-0.00015136115861510632,,
TSLA,2024-12-04,S - Sale+OE,,,,0.03945,,,,,llm,mistral-small-3.2-24b,with_formula,0.000306,0.980612,-0.0001339400914821,1.686708541997483,,0.0320587290975968,,,,
TSLA,2024-12-06,S - Sale+OE,,,,0.045139,,,,,llm,mistral-small-3.2-24b,with_formula,0.000923,0.987654,0.0004237868967013,1.797640298073807,,0.038418973065536,,,,
TSLA,2024-12-09,S - Sale+OE,,,,0.036068,0.110923,0.14387,0.11944584786447661,,llm,mistral-small-3.2-24b,with_formula,0.000306,0.980612,0.0004952235393392,1.799625929869615,,0.0448693837642016,0.1082702980964036,0.1616992660303712,0.1209996768856507,
TSLA,2025-01-08,S - Sale+OE,,,-0.08413499999999999,0.002018,0.03967,0.072394,0.00025099999999998734,-0.083884,llm,mistral-small-3.2-24b,with_formula,0.00063070045914,0.92001400140014,0.0021134767912973,1.8608521597623644,-0.13400781213577703,0.000388363662805,0.0548138160741163,0.053572879624732186,-0.038665534719022704,-0.1726733468547997
TSLA,2025-02-05,S - Sale+OE,,,-0.09019,-0.052713,-0.113927,-0.11112900000000002,-0.2080110222204969,-0.29820102222049694,llm,mistral-small-3.2-24b,with_formula,0.00063,0.920619,0.0031845852398431,1.991912208679897,-0.1419964489825224,-0.06631040876232369,-0.12916452053864308,-0.1550222680265353,-0.2288888346114003,-0.3708852835939227
TSLA,2025-02-10,S - Sale,,,-0.16379100000000002,-0.10003400000000001,-0.038519000000000005,-0.038693000000000005,-0.161813,-0.325604,llm,mistral-small-3.2-24b,with_formula,0.001123,0.987654,0.0032429105562625,1.987910491204445,-0.197454671818431,-0.1123171595280532,-0.0788196237771569,-0.0858990527470372,-0.1761618003558058,-0.37361647217423677
TSLA,2025-03-05,S - Sale+OE,,,-0.1291199999999999,,,,,,llm,mistral-small-3.2-24b,with_formula,0.000923,0.987654,0.0032390062808443,1.9587287915096905,-0.1061198011809408,,,,,
TSLA,2025-03-06,S - Sale+OE,,,,-0.040669,-0.11727000000000001,,,,llm,mistral-small-3.2-24b,with_formula,0.000806,0.980612,0.0031576435317873,1.9593351980461555,,-0.0280571846068011,-0.068694173070315,,,
TSLA,2025-03-12,S - Sale+OE,,,,0.053323,0.015481000000000002,0.063094,0.16482999999999998,,llm,mistral-small-3.2-24b,with_formula,0.001316,0.9846,0.0029137849028985,1.980472910027856,,0.0548879920986088,-0.017900067366304097,0.020515187611081398,0.12253992387022479,
TSLA,2025-04-09,S - Sale+OE,,,0.10098099999999999,0.074775,0.048048999999999994,0.036169,0.1679476750977778,0.2689286750977778,llm,mistral-small-3.2-24b,with_formula,0.000306,0.9806,0.001405937070397,2.1660895802441287,0.25699611020886615,-0.018813075132053398,-0.0802485563502216,-0.0574046271624008,-0.021287118218731294,0.23570899199013484
TSLA,2025-04-28,P - Purchase,,,0.019163,-0.0006419082991763999,-0.0453649082991764,-0.050105261921379,0.09378935607862099,0.112952356078621,llm,mistral-small-3.2-24b,with_formula,0.001623,0.987654,0.0025069834833001,2.271028453967452,-0.06403714490592058,0.0095099795719468,-0.0804777050294503,-0.09194254307007849,-0.05484713725269119,-0.11888428215861184
TSLA,2025-05-01,S - Sale+OE,,,0.0541849398797595,-0.012038,,,,,llm,mistral-small-3.2-24b,with_formula,0.000923,0.987654,0.002963611965834,2.26907026493284,-0.0627419628420582,-0.0564852485174533,,,,
TSLA,2025-05-05,S - Sale+OE,,,,-0.025816,,,,,llm,mistral-small-3.2-24b,with_formula,0.001123,0.987654,0.0035358446991681,2.154445777931695,,-0.014128566149295101,,,,
TSLA,2025-05-08,S - Sale+OE,,,,0.067098,,,,,llm,mistral-small-3.2-24b,with_formula,0.001123,0.987654,0.0033837823063024,2.1246838264109003,,0.0487064741640295,,,,
TSLA,2025-05-13,S - Sale+OE,,,,0.06690199999999999,0.07048399999999999,,,,llm,mistral-small-3.2-24b,with_formula,0.001122,0.987654,0.002926491620334,2.0284245179764886,,0.0368624290150191,0.0310870165410803,,,
TSLA,2025-05-20,S - Sale+OE,,,,-0.009277,0.008938,,,,llm,mistral-small-3.2-24b,with_formula,0.001646,0.9234,0.0020217162365398,2.005730673391361,,0.0101466166544876,0.0346412457653144,,,
TSLA,2025-05-29,S - Sale+OE,,,,-0.03055,-0.03055,-0.03055,-0.03055,,llm,mistral-small-3.2-24b,with_formula,0.000907,0.980612,0.0022422455584705,1.989264722335084,,-0.0349546834678316,-0.0349546834678316,-0.0349546834678316,-0.0349546834678316,
TXN,2024-11-13,S - Sale+OE,,,,-0.023315,-0.0008429999999999965,-0.057243,,,llm,mistral-small-3.2-24b,with_formula,0.000312,0.952143,1.2128821145525956e-05,0.9683298868173298,,-0.0231007824708101,-0.0008067709926919964,-0.0565373266598904,,
TXN,2024-11-26,S - Sale+OE,,,,-0.018847,-0.018482,-0.089755,-0.122882,,llm,mistral-small-3.2-24b,with_formula,0.000635,0.923456,0.0002762535913648,0.9366074325753632,,-0.0193799907503844,-0.0181675124145031,-0.0902698391838013,-0.1256734643942859,
TXN,2025-02-05,S - Sale,,,-0.10183900000000001,0.0068839999999999995,-0.0052640000000000004,-0.009950999999999998,,,llm,mistral-small-3.2-24b,with_formula,0.000635,0.950123,-5.262139305163571e-05,0.9450733250601676,-0.08339503334354362,0.0084913153764357,-0.0039915936440445,-0.0036803790447678996,,
TXN,2025-02-19,S - Sale,,,,0.09037300000000001,0.10694600000000001,0.10475000000000001,0.07261656899999999,,llm,mistral-small-3.2-24b,with_formula,0.00063,0.95,-7.359594729668649e-05,0.9305326944687552,,0.0956034045079346,0.1116360518814528,0.1098305179576984,0.08327772635800998,
TXN,2025-02-20,S - Sale+OE,,,0.041347999999999996,0.055325,,,,,llm,mistral-small-3.2-24b,with_formula,0.00063,0.92061,-2.1203185627264665e-05,0.932275958122542,0.049652030023072696,0.054184643148703,,,,
TXN,2025-02-25,S - Sale+OE,,,,-0.0023569999999999997,,,,,llm,mistral-small-3.2-24b,with_formula,0.001006,0.950622,-0.0003135806374387,0.9556723197235856,,-0.0014046092112317,,,,
TXN,2025-02-27,S - Sale+OE,,,,0.0012579999999999996,,,,,llm,mistral-small-3.2-24b,with_formula,0.000635,0.920612,-0.000318868637652,0.8730507369132721,,0.0001837413980774992,,,,
TXN,2025-03-03,S - Sale+OE,,,,0.023723,0.004819000000000001,-0.028754000000000005,-0.03227100000000001,,llm,mistral-small-3.2-24b,with_formula,0.001234,0.987654,-9.22749259276922e-05,0.8658470716856687,,0.0202405923010627,0.002450104391899199,-0.045961595745430295,-0.03856362866772499,
VZ,2025-01-29,S - Sale,,,0.029867000000000008,,,,,,llm,mistral-small-3.2-24b,with_formula,0.001234,0.987654,0.0004698716631889,-0.1530187997771298,0.0516027425739107,,,,,
VZ,2025-01-30,S - Sale,,,,,,,,,llm,mistral-small-3.2-24b,with_formula,0.001001,0.95,0.0004385271670358,-0.1503024732466972,,,,,,
VZ,2025-01-31,S - Sale,,,,0.000508,,,,,llm,mistral-small-3.2-24b,with_formula,0.001234,0.987654,0.000449616270017,-0.1473337033002945,,-0.0028829481445328,,,,
VZ,2025-02-05,S - Sale,,,,,,,,,llm,mistral-small-3.2-24b,with_formula,0.001234,0.897654,0.0005189294013912,-0.1554810780289151,,,,,,
VZ,2025-02-06,S - Sale,,,,0.002173999999999999,0.006514432077835499,-0.0007665679221645011,0.08663843207783549,,llm,mistral-small-3.2-24b,with_formula,0.001234,0.987654,0.0004280405287345,-0.1638833892300756,,-0.0084876724274617,0.0069452932341165004,0.02119765383769,0.06283104698835248,
VZ,2025-02-27,S - Sale,,,0.112315811722012,0.009600324210526298,0.0318286789164086,0.10535267891640859,0.08247836149705368,0.1947941732190657,llm,mistral-small-3.2-24b,with_formula,0.00082,0.95,0.0004964446017428,-0.1684123659518955,0.06611124267678471,-0.0047737854340237,-0.015734410785811496,0.0551564996295704,0.0031281208597671046,0.0692393635365518
VZ,2025-04-24,S - Sale,,,-0.0570344640516744,-0.055345,-0.035767295445073,,,,llm,mistral-small-3.2-24b,with_formula,0.000952,0.952341,0.0006895732082278,-0.2410780838044867,-0.051144277272256906,-0.010171816059268299,0.014201255389365902,,,
VZ,2025-04-25,S - Sale+OE,,,-0.070201,-0.031276,0.012857000000000002,-0.017341999999999996,,,llm,mistral-small-3.2-24b,with_formula,0.000952,0.9234,0.0007496006017672,-0.2473710220903484,0.028728404572659905,-0.0186472387406866,0.030516283949683802,0.0222486977522094,,
VZ,2025-05-01,S - Sale,,,,-0.032593000000000004,-0.009938000000000006,,,,llm,mistral-small-3.2-24b,with_formula,0.000923,0.850123,0.0010131934437342,-0.237447076797271,,-0.0019358590357551001,0.0016553118697124006,,,
VZ,2025-05-08,S - Sale,,,,-0.016130000000000002,-0.09437999999999999,-0.07666899999999999,-0.093663,,llm,mistral-small-3.2-24b,with_formula,0.000487,0.951238,0.0004981189219637,-0.1396053859163408,,-0.0058744811903468,-0.020677058770880802,0.010680605338522197,-0.0130452331983355,
VZ,2025-05-09,S - Sale+OE,,,,-3.9518e-05,-0.095093518,-0.05640707900000009,-0.07418362940227799,,llm,mistral-small-3.2-24b,with_formula,0.001923,0.9006,0.0006712543729112,-0.0675336444120804,,-0.0006683188337971,-0.0273323842377347,0.016582906213622697,-0.0103621508630767,
