ticker,event_date,event_type,alpha,beta,CAR_pre20_pre1,CAR_0_1,CAR_0_5,CAR_0_10,CAR_0_20,CAR_pre20_20,source,model,prompt_variant,llm_alpha,llm_beta,traditional_alpha,traditional_beta,traditional_CAR_pre20_pre1,traditional_CAR_0_1,traditional_CAR_0_5,traditional_CAR_0_10,traditional_CAR_0_20,traditional_CAR_pre20_20
AAPL,2024-11-19,S - Sale,0.0004425012294705,0.7746382965342219,-0.032905079911097715,-0.003786002142479,-0.0023911294184938,0.019203490522873897,0.034956012461609995,0.002050932550512294,traditional,,,,,,,,,,,,
AAPL,2024-12-18,S - Sale,0.0004351122437651,0.7293366078546528,0.0313894809881414,0.011453884764975799,0.0177763065735363,0.019318078403079503,-0.0282476554290525,0.0031418255590888997,traditional,,,,,,,,,,,,
AAPL,2025-02-04,S - Sale+OE,0.0010994602882374,0.7481413024998156,-0.04828249202320581,0.0058229111519046,-0.0107519993401358,0.0382488037994963,0.0708643560017108,0.022581863978504993,traditional,,,,,,,,,,,,
AAPL,2025-04-03,S - Sale+OE,0.0008252255011083,0.6571389022706867,0.043062094912994196,-0.0895469606246884,-0.1642785062558067,-0.08040749098094739,-0.052326963863302,-0.00926486895030781,traditional,,,,,,,,,,,,
AAPL,2025-04-25,S - Sale,0.0005910148930065,0.6803740013840581,0.03737666773691812,-0.0048205290324808,0.006227499553559301,-0.0760226799956072,-0.0636327631299341,-0.026256095393015995,traditional,,,,,,,,,,,,
AAPL,2025-05-14,S - Sale,0.0001004236108574,0.931722099169034,-0.0786795412215875,-0.012185681854617601,-0.0300512226518737,-0.07323252968064381,-0.0639727120657779,-0.14265225328736542,traditional,,,,,,,,,,,,
ADBE,2024-12-10,S - Sale,-0.0018593717174123,0.8305695870802862,0.08587211177714349,-0.0052085028903178995,-0.1527742457531145,-0.1689202484004443,-0.15925872101235905,-0.07338660923521549,traditional,,,,,,,,,,,,
ADBE,2025-01-28,S - Sale+OE,-0.0018593413402468,0.8706723718361598,0.06613554335138849,-0.0024005980866991005,-0.007861026299652199,-0.0041803080013606,0.044531901212282496,0.110667444563671,traditional,,,,,,,,,,,,
ADBE,2025-01-30,P - Purchase,-0.0018656451325165,0.8537523747991954,0.0688484231347625,-0.0054519096137904,0.0033300231266415996,-0.0018250195860237007,0.04307010791423431,0.1119185310489968,traditional,,,,,,,,,,,,
ADBE,2025-03-21,P - Purchase,-0.0008857861317949,0.7252068744365043,-0.04911422916658338,-0.0089342573852582,0.0161252399239736,0.007039125457790797,-0.040341398066935,-0.08945562723351837,traditional,,,,,,,,,,,,
ADBE,2025-05-06,S - Sale,-0.0012785028093136,0.781771273072353,0.0540698356584474,0.01742057600197,0.0071759533093413005,0.0444525244706918,0.0475837929950531,0.1016536286535005,traditional,,,,,,,,,,,,
ADI,2024-11-04,S - Sale,-0.0002398203386702,1.201481161628554,-0.025472042236713496,-0.0478172694222775,-0.0639233617115712,-0.1129419669756506,-0.0936973850673333,-0.11916942730404681,traditional,,,,,,,,,,,,
ADI,2024-11-05,S - Sale+OE,-0.0001955980029373,1.198428798960969,0.004630372309309195,-0.041713462106089304,-0.0623848435619965,-0.1123500486307563,-0.0537838555320688,-0.049153483222759614,traditional,,,,,,,,,,,,
ADI,2024-12-12,S - Sale+OE,-0.0004789988440493,1.1572533628507435,-0.0364527293055122,0.0048622089778092995,-0.017711588737540397,0.005207816663711403,0.026891911973905808,-0.00956081733160639,traditional,,,,,,,,,,,,
ADI,2025-01-03,S - Sale+OE,-0.0002250780792009,1.1797603119415814,0.0167507995721039,-0.0016129963201712,0.030987245988850602,0.0213016278258512,0.034590222177892704,0.05134102174999661,traditional,,,,,,,,,,,,
ADI,2025-02-27,S - Sale+OE,-0.0005780053325932,1.1065381168991484,0.1707799349442771,-0.0006512010316414001,0.0209833326637298,0.0268047341999973,-0.013828617769794601,0.15695131717448252,traditional,,,,,,,,,,,,
ADI,2025-03-05,S - Sale+OE,-0.0005666065133579,1.1155734032225193,0.195071044766335,-0.0007719746841199999,0.008515524769258,-0.042319889062546794,-0.046999520203499595,0.14807152456283543,traditional,,,,,,,,,,,,
ADI,2025-03-06,S - Sale,-0.0006366722717342,1.1127144973646126,0.19026405209318262,0.007124556050513,-0.0207429062403497,-0.040738210189234396,-0.0357821197240597,0.15448193236912292,traditional,,,,,,,,,,,,
ADI,2025-03-06,S - Sale+OE,-0.0006366722717342,1.1127144973646126,0.19026405209318262,0.007124556050513,-0.0207429062403497,-0.040738210189234396,-0.0357821197240597,0.15448193236912292,traditional,,,,,,,,,,,,
ADI,2025-03-12,S - Sale,-0.0006787694540452,1.1031394147744975,0.024376457754046895,-0.0158992268977032,-0.008366184173448598,-0.0391194556176592,-0.0387066108176224,-0.014330153063575508,traditional,,,,,,,,,,,,
ADI,2025-03-13,S - Sale,-0.0008612107355036,1.1037059897385908,-0.012304311551356695,0.0051929925178434005,0.024528395269448503,-0.013325165718696299,-0.0182663037993512,-0.030570615350707896,traditional,,,,,,,,,,,,
ADI,2025-03-20,S - Sale,-7.203195379071282e-05,1.1105858132026192,-0.0098464151225699,-0.028625198856798602,-0.014143295783623801,-0.012518982953206002,-0.010445903229666195,-0.02029231835223609,traditional,,,,,,,,,,,,
ADI,2025-03-26,S - Sale,0.0001035608059735,1.1014753919419658,-0.055352181906781386,0.0062814660479813995,0.0025663762913020996,-0.0811993077163504,-0.0671480186964136,-0.12250020060319498,traditional,,,,,,,,,,,,
ADI,2025-04-02,S - Sale+OE,8.800936263456518e-06,1.096278419498916,-0.0238765779612983,-0.0357712398739987,-0.022158304975708802,-0.0425014925280964,-0.018947600572824998,-0.04282417853412329,traditional,,,,,,,,,,,,
ADI,2025-04-17,S - Sale,-0.0005597405929389,1.0864547363660986,-0.05169550935942401,0.003872169872514,0.016106307231982503,0.035845016825214,0.045449554361803396,-0.006245954997620606,traditional,,,,,,,,,,,,
ADI,2025-05-02,S - Sale+OE,-0.0005787098872356,1.096479606361378,0.023648884067946095,0.0090826922867673,0.0321288376460784,0.0877126197677498,0.029125049606925177,0.05277393367487131,traditional,,,,,,,,,,,,
ADI,2025-05-08,S - Sale,-0.0005252451683019,1.1745272981165245,0.03345407690202072,0.026355987396173102,0.048591145258231,0.039661254384714205,-0.0006614804281431928,0.03279259647387754,traditional,,,,,,,,,,,,
ADP,2024-11-08,S - Sale+OE,0.0011140902782169,0.0908063213634697,0.024039300011723504,-0.0015894727410973,0.0044112875627816996,-0.0283441656111953,-0.007305869818797503,0.016733430192925995,traditional,,,,,,,,,,,,
ADP,2025-01-03,S - Sale,0.0008400828155916,0.181528116590281,-0.02801284411089671,0.002993281044492,0.002643685416911002,-0.0009714262068721974,0.0033211410521472003,-0.024691703058749518,traditional,,,,,,,,,,,,
ADP,2025-01-06,S - Sale+OE,0.0008207618285443,0.1802427880244957,-0.021898573883597255,-0.011681187160243401,-0.0154527909747203,0.0118692552221651,0.005056227342947898,-0.016842346540649363,traditional,,,,,,,,,,,,
ADP,2025-01-06,S - Sale,0.0008207618285443,0.1802427880244957,-0.021898573883597255,-0.011681187160243401,-0.0154527909747203,0.0118692552221651,0.005056227342947898,-0.016842346540649363,traditional,,,,,,,,,,,,
ADP,2025-01-07,S - Sale+OE,0.0007706364199318,0.1815544023741719,-0.035552127682679374,0.0185137899536281,0.003433176949093099,0.027263231877787498,0.039407240816855794,0.0038551131341764255,traditional,,,,,,,,,,,,
ADP,2025-01-08,S - Sale+OE,0.0008135888999994,0.1866143819570487,-0.010791776459129628,0.0113911999879198,0.0079314336810053,0.0198407756472664,0.0211181702606631,0.01032639380153348,traditional,,,,,,,,,,,,
ADP,2025-01-14,S - Sale+OE,0.0008125614630486,0.1858544441832303,-0.020888362566050474,0.005138230921931,0.011935075468320998,0.008772631450948701,0.0431268305174238,0.022238467951373332,traditional,,,,,,,,,,,,
ADP,2025-01-15,S - Sale+OE,0.0007728197283981,0.1880439372158839,-0.0155554017292355,0.0110199616984448,0.0072398159663379005,0.0042002296969468,0.026916741815552803,0.011361340086317298,traditional,,,,,,,,,,,,
ADP,2025-02-04,S - Sale,0.0008260614945179,0.2148030730371782,0.03764179039945499,-0.0021745356206224996,-0.0090473128965139,-0.0114779403479345,0.005562252176640369,0.043204042576095364,traditional,,,,,,,,,,,,
ADP,2025-02-04,S - Sale+OE,0.0008260614945179,0.2148030730371782,0.03764179039945499,-0.0021745356206224996,-0.0090473128965139,-0.0114779403479345,0.005562252176640369,0.043204042576095364,traditional,,,,,,,,,,,,
ADP,2025-02-12,S - Sale+OE,0.00080502046764,0.2026396181376743,0.023961539251130107,0.009765077208746,0.0014629491961884004,0.011865120131556403,0.0281964783930639,0.052158017644194005,traditional,,,,,,,,,,,,
ADP,2025-03-12,S - Sale+OE,0.0010339977372912,0.1537665909681371,-0.0605190336742838,-0.007320384412402101,0.012165959693281398,0.004029630480056497,0.037273744219748675,-0.02324528945453512,traditional,,,,,,,,,,,,
ADP,2025-04-02,S - Sale,0.0012501418966202,0.1720446045510786,0.0313802057742449,0.0025390131159785997,-0.0703503457975926,-0.023113125082243405,-0.0478574068587882,-0.01647720108454329,traditional,,,,,,,,,,,,
ADP,2025-04-14,S - Sale+OE,0.000886992156711,0.2109413388147117,0.009883665549489292,-0.007882390124439401,-0.018993885853550503,-0.028784220170863906,-0.01337955486497161,-0.003495889315482295,traditional,,,,,,,,,,,,
ADP,2025-05-14,S - Sale+OE,0.0013818982849036,0.3657782698929662,-0.0180926055005905,0.020036762314202806,0.037684934070555606,0.03551662640901251,0.03644882914966831,0.018356223649077803,traditional,,,,,,,,,,,,
AMAT,2025-02-25,S - Sale,-0.0020130859426986,1.6967668189531304,0.006866916935308788,0.022555439630256198,-0.015222000597877101,0.0393685701499409,0.08584733870341239,0.09271425563872118,traditional,,,,,,,,,,,,
AMAT,2025-04-03,S - Sale,-0.0022061363915162,1.6590210812694377,-0.013007293269263698,0.0539245537431835,0.1095404926460393,0.08448543508093179,0.09197661503406038,0.07896932176479671,traditional,,,,,,,,,,,,
AMAT,2025-04-07,P - Purchase,-0.0019281656180105,1.6432303535060218,0.042140740846137,0.0547362897592074,0.030412660461365797,0.029250684147549603,0.029104026796155907,0.0712447676422929,traditional,,,,,,,,,,,,
AMZN,2024-11-05,S - Sale,-8.967525249826698e-05,1.0960506534042356,0.0539116976931777,0.0092451114207671,-0.0026822144634067995,0.006724969992667702,-0.0196755891522681,0.034236108540909596,traditional,,,,,,,,,,,,
AMZN,2024-11-06,S - Sale,-0.00014474798893,1.0969404338022886,0.065396889096667,0.0037219896749143,-0.0129951894048904,0.0036889123990711016,0.0026880519163217063,0.0680849410129887,traditional,,,,,,,,,,,,
AMZN,2024-11-08,S - Sale,-3.298659084212738e-05,1.09893926153048,0.06328149493961759,-0.0098573726521123,0.0218502312013307,-0.011671268303272303,-0.006120455699431001,0.05716103924018659,traditional,,,,,,,,,,,,
AMZN,2024-11-12,S - Sale,-3.0135860190326505e-05,1.0959023575831548,0.04795152939687749,0.0387775556903185,0.0161921208566149,-0.0296071854869651,0.015167313310487998,0.06311884270736548,traditional,,,,,,,,,,,,
AMZN,2024-11-14,S - Sale,1.3182341998795367e-05,1.0895095875790244,0.0940560045343482,-0.022856020288518297,-0.030804719622588097,-0.0687616746373089,-0.007564395729630996,0.0864916088047172,traditional,,,,,,,,,,,,
AMZN,2024-11-19,S - Sale+OE,8.364982738990077e-05,1.088706285186431,0.05302579463263611,-0.0043075753694717,-0.035159535379174,0.006240030366467801,0.0613751173754943,0.11440091200813039,traditional,,,,,,,,,,,,
AMZN,2024-11-25,S - Sale,-8.377902380529245e-05,1.0913211247960366,-0.0386474811369734,0.044171714652854896,0.0420397334363233,0.0747739091864796,0.0941455010791685,0.055498019942195095,traditional,,,,,,,,,,,,
AMZN,2024-11-25,S - Sale+OE,-8.377902380529245e-05,1.0913211247960366,-0.0386474811369734,0.044171714652854896,0.0420397334363233,0.0747739091864796,0.0941455010791685,0.055498019942195095,traditional,,,,,,,,,,,,
AMZN,2024-12-04,S - Sale,0.0002872084069816,1.1110327724516953,-0.019298831916037998,0.019959263320561,0.042515215357842,0.0368750646612996,0.036664252432548,0.017365420516510008,traditional,,,,,,,,,,,,
AMZN,2024-12-06,S - Sale,0.0003412775078467,1.117893010884488,0.0223755315464384,0.0199883994507882,0.023364251517457697,0.0263519489402715,0.0074080459637946,0.029783577510233007,traditional,,,,,,,,,,,,
AMZN,2024-12-11,S - Sale,0.0001544737539333,1.1186488370759489,0.0616363947254048,0.0049038158187572,0.006830371230645199,0.005500530748528701,-0.005263253045285998,0.05637314168011881,traditional,,,,,,,,,,,,
AMZN,2025-02-14,S - Sale,0.0001829872401593,1.1052370006717729,-0.020681399855139504,-0.0120145748704271,-0.0229721404626849,-0.0433383052761698,-0.030353799267572694,-0.051035199122712205,traditional,,,,,,,,,,,,
AMZN,2025-02-19,S - Sale+OE,0.0001447516687707,1.1128479663492872,-0.0683680376306968,-0.0125472186177064,-0.021021601085717198,0.0018622784183255012,0.010744778553497897,-0.05762325907719888,traditional,,,,,,,,,,,,
AMZN,2025-02-25,S - Sale,0.000129518397333,1.1117942081837322,-0.10836863713136731,0.0196110337759795,0.0229211691713354,-0.0013355848953634022,0.0034673756350774975,-0.1049012614962898,traditional,,,,,,,,,,,,
AMZN,2025-02-25,S - Sale+OE,0.000129518397333,1.1117942081837322,-0.10836863713136731,0.0196110337759795,0.0229211691713354,-0.0013355848953634022,0.0034673756350774975,-0.1049012614962898,traditional,,,,,,,,,,,,
AMZN,2025-03-05,S - Sale,0.0003057059741336,1.0662536629230084,-0.043097987528535,-0.0028167590723454,0.0008697488314667011,-0.00026109573064229865,0.005831855099895401,-0.037266132428639596,traditional,,,,,,,,,,,,
AMZN,2025-04-03,S - Sale,9.876834369629328e-05,1.077334626623379,-0.007821429058022598,-0.004553273431374502,0.015999972105232296,-0.0028820643561394037,-0.0248331604887304,-0.032654589546753,traditional,,,,,,,,,,,,
AMZN,2025-05-05,S - Sale,0.000324513130931,1.1333352116379976,-0.0352886144434257,-0.0087139201390708,0.017976736741394,0.007344852099500095,0.007346181357693793,-0.027942433085731896,traditional,,,,,,,,,,,,
AMZN,2025-05-14,S - Sale,8.516349924708852e-05,1.074911677207732,0.020384476974499802,-0.0354252634115163,-0.0365755275787142,-0.0351356745506229,-0.03706523827614447,-0.016680761301644666,traditional,,,,,,,,,,,,
AMZN,2025-05-19,S - Sale+OE,-8.04758410865299e-05,1.068769422787029,-0.012622092446786502,-0.0034005010087682,0.0045589811961202,0.0032289936693016,0.0034161873397698,-0.0092059051070167,traditional,,,,,,,,,,,,
AMZN,2025-05-23,S - Sale+OE,0.0001356763184093,1.0833673767741463,0.01204767097624599,0.0002673448174792,-0.0024550483136165,-0.002035266626179951,-0.002035266626179951,0.010012404350066055,traditional,,,,,,,,,,,,
ANET,2024-11-05,S - Sale+OE,0.0012580892473757,1.680381332307861,0.0021866070486776003,-0.0057126716514914,-0.0873083267360644,-0.1068781170015494,-0.0802344865531741,-0.0780478795044965,traditional,,,,,,,,,,,,
ANET,2024-11-05,S - Sale,0.0012580892473757,1.680381332307861,0.0021866070486776003,-0.0057126716514914,-0.0873083267360644,-0.1068781170015494,-0.0802344865531741,-0.0780478795044965,traditional,,,,,,,,,,,,
ANET,2024-11-06,S - Sale+OE,0.0011803450989071,1.6828953727050893,-0.025137586337645696,-0.0142887186691086,-0.0979732240223102,-0.107007712511964,-0.07013866135684022,-0.09527624769448591,traditional,,,,,,,,,,,,
ANET,2024-11-08,S - Sale,0.0012599988364086,1.6890345906805542,-0.0172201414962629,-0.073702743728144,-0.0858300881235829,-0.1148373415899809,-0.06288300387604688,-0.08010314537230978,traditional,,,,,,,,,,,,
ANET,2024-11-25,S - Sale,0.0007418317266119,1.670769113514273,-0.050156336509699,-0.011549311712256299,-0.022954744500368496,-0.015576929431509897,0.012977925014904808,-0.037178411494794214,traditional,,,,,,,,,,,,
ANET,2024-12-04,S - Sale,0.0008333655412808,1.6487746930001688,0.018205408091572495,0.010526282798978201,-0.002504232176587299,0.0387884207167859,0.045730363766910795,0.06393577185848329,traditional,,,,,,,,,,,,
ANET,2024-12-10,S - Sale+OE,0.0005252028470818,1.6441868698638324,0.0470157800475954,-0.0133455950039247,0.0425700902301404,0.0747724894706233,0.0670386012247638,0.1140543812723592,traditional,,,,,,,,,,,,
ANET,2024-12-11,S - Sale,0.0004507379127048,1.6452940376477665,0.028834919657731006,0.0010073272393725007,0.066110166170998,0.0825422253567657,0.08133952637804469,0.1101744460357757,traditional,,,,,,,,,,,,
ANET,2025-01-06,S - Sale,0.0007781428068155,1.6177593805759165,0.02503852898080569,0.010746735106136,0.028214251997365998,0.042822542298365504,0.0796330615139486,0.10467159049475429,traditional,,,,,,,,,,,,
ANET,2025-01-08,S - Sale+OE,0.0009059650755034,1.6048969621809726,0.046978858532792295,0.0018915171030887,0.007380046180152901,0.021489715491605003,-0.07855630273546968,-0.03157744420267738,traditional,,,,,,,,,,,,
ANET,2025-01-23,S - Sale,0.0008693687630442,1.5962104543537283,0.0826133960595147,-0.002370535096185701,-0.1487367553116434,-0.0627098481412071,-0.1179119241444002,-0.03529852808488551,traditional,,,,,,,,,,,,
ANET,2025-02-05,S - Sale,0.0010858703999143,1.567163581687534,-0.02428512875388511,0.0131602525166698,0.0595516997233771,-0.0846943477378875,-0.1459962703132183,-0.17028139906710338,traditional,,,,,,,,,,,,
ANET,2025-02-10,S - Sale+OE,0.0009524262913552,1.5675948979603551,0.017733159625631323,-0.0249715325105345,-0.1451409162393363,-0.17305336896257123,-0.19054205092208584,-0.17280889129645455,traditional,,,,,,,,,,,,
ANET,2025-02-18,S - Sale,0.0012455236797628,1.5261529243692966,-0.03048857872539671,-0.029819905700143007,-0.04598079465184911,-0.05051512334580201,-0.11984798975315411,-0.1503365684785508,traditional,,,,,,,,,,,,
ANET,2025-02-21,S - Sale,0.0014832938683011,1.5274384913152723,-0.14704868536514282,-0.0172655677926525,-0.0037948256525714985,-0.0598002307638552,-0.0509202604920852,-0.19796894585722805,traditional,,,,,,,,,,,,
ANET,2025-02-25,S - Sale,0.0014339550817876,1.5215197676418115,-0.173488072012095,0.0535104721855432,0.0343916347661402,-0.026269536716284705,0.020126647527642094,-0.15336142448445286,traditional,,,,,,,,,,,,
ANET,2025-02-26,S - Sale,0.0004391535434142,1.715264307228406,-0.1566802656556982,0.0302260771777342,-0.0129214528455425,-0.03110169980960657,0.04112297601566793,-0.11555728964003026,traditional,,,,,,,,,,,,
ANET,2025-02-28,S - Sale,0.0007091845719991,1.7262914563369145,-0.1689824841228354,-0.0127396880856385,-0.0429414976823898,-0.0639800282043021,-0.024053513834983997,-0.1930359979578194,traditional,,,,,,,,,,,,
ANET,2025-03-05,S - Sale,0.0013009134471699,1.6978105656907598,-0.1342130144086438,0.0040652757537106,-0.0237460840406784,0.017552655603783905,0.0007709490807934049,-0.13344206532785038,traditional,,,,,,,,,,,,
ANET,2025-03-10,S - Sale+OE,0.0013205226864556,1.684160252502969,-0.0962618407054132,0.0185012264145064,0.0379229302535265,0.032080109107575694,-0.00046435149570481227,-0.096726192201118,traditional,,,,,,,,,,,,
ANET,2025-04-03,S - Sale,-0.0001358442261905,1.737299954299239,-0.0246597038239473,-0.0026971917852929,0.11173260372218369,-0.01035754124021232,-0.034804166570964426,-0.0594638703949117,traditional,,,,,,,,,,,,
ANET,2025-04-09,S - Sale+OE,7.902226181319525e-05,1.7279334903432728,0.0743951537861776,-0.08645218912719971,-0.12028233685990881,-0.09726303658237961,-0.09021171582861368,-0.01581656204243609,traditional,,,,,,,,,,,,
ANET,2025-04-09,S - Sale,7.902226181319525e-05,1.7279334903432728,0.0743951537861776,-0.08645218912719971,-0.12028233685990881,-0.09726303658237961,-0.09021171582861368,-0.01581656204243609,traditional,,,,,,,,,,,,
ANET,2025-04-24,S - Sale,0.0006471690996386,1.7093230582180865,-0.037312220923760395,0.0290709807867773,0.056097076232134196,0.1269309518317109,0.0930069392959626,0.05569471837220221,traditional,,,,,,,,,,,,
ANET,2025-05-05,S - Sale,0.0002657920504109,1.7150609977139388,0.1005103070893723,0.024344102499621798,-0.046300382136364004,-0.05030738591291009,-0.06946410885347719,0.03104619823589509,traditional,,,,,,,,,,,,
ANET,2025-05-08,S - Sale+OE,0.000667363230599,1.6832368651083909,0.04780495003903921,-0.0185445833645338,0.00023427454187960328,-0.0278133103337238,-0.06111474108816939,-0.013309791049130194,traditional,,,,,,,,,,,,
ANET,2025-05-23,S - Sale,-0.0001312934302679,1.411248825090195,-0.050015209364438845,-0.0005036904435529,-0.010426022695597299,-0.0771917214177906,-0.0771917214177906,-0.12720693078222944,traditional,,,,,,,,,,,,
APP,2024-11-14,S - Sale,0.0052496788412725,1.790826633407075,0.5266060746157786,0.0660967520480322,0.12780086233131538,0.1489616967316596,0.16327251819522257,0.6898785928110012,traditional,,,,,,,,,,,,
APP,2024-11-22,S - Sale,0.0057185825750234,1.782699922513049,0.615412731092593,0.0387011406169709,0.0031705443176508964,-0.003918129666092705,-0.1178546555921052,0.4975580755004878,traditional,,,,,,,,,,,,
APP,2024-11-22,S - Sale+OE,0.0057185825750234,1.782699922513049,0.615412731092593,0.0387011406169709,0.0031705443176508964,-0.003918129666092705,-0.1178546555921052,0.4975580755004878,traditional,,,,,,,,,,,,
APP,2024-11-25,S - Sale+OE,0.005645434092628,1.7787373733261114,0.6822064653700043,-0.036543263629009,-0.030733319203220998,0.02386597479608371,-0.16853355296259298,0.5136729124074114,traditional,,,,,,,,,,,,
APP,2024-11-26,S - Sale,0.0056515485356384,1.780479745603594,0.6233174225400376,0.0162876745605475,0.020832982688435298,0.114467714640434,-0.0847614896929665,0.5385559328470713,traditional,,,,,,,,,,,,
APP,2024-11-29,S - Sale,0.0058637167303406,1.7815661121738136,0.075372887316877,0.0043241523029613,0.04632685851683999,-0.0448096508357059,-0.12321861880396107,-0.047845731487084,traditional,,,,,,,,,,,,
APP,2024-12-02,S - Sale,0.0059638743420886,1.753180256328443,0.09760317221114698,0.0517947142376404,0.0929743331516089,-0.12664840206909872,-0.08292801778102882,0.014675154430118194,traditional,,,,,,,,,,,,
APP,2024-12-03,S - Sale,0.0056299355231269,1.7307127827252755,0.0858984377375144,0.0550183116373581,0.1063431205426867,-0.1249312568678839,-0.07792539373563098,0.007973044001883397,traditional,,,,,,,,,,,,
APP,2024-12-05,S - Sale,0.0056697197226424,1.784389787610534,0.1499459713555592,0.050905439669666805,-0.1544619559792065,-0.1807591953993182,-0.17197724961849747,-0.022031278262938304,traditional,,,,,,,,,,,,
APP,2024-12-10,S - Sale,0.0083513138932192,1.964942977916268,-0.10093037892065612,-0.05576908639013681,-0.10269324747492231,-0.053877731739273314,-0.10345110640537891,-0.20438148532603503,traditional,,,,,,,,,,,,
APP,2024-12-10,S - Sale+OE,0.0083513138932192,1.964942977916268,-0.10093037892065612,-0.05576908639013681,-0.10269324747492231,-0.053877731739273314,-0.10345110640537891,-0.20438148532603503,traditional,,,,,,,,,,,,
APP,2024-12-11,S - Sale,0.008221144185201,1.9660650247586071,-0.17181978042095392,-0.0202660851969541,-0.008721161092929003,0.013305389825850802,-0.060515285679347094,-0.23233506610030102,traditional,,,,,,,,,,,,
APP,2024-12-12,S - Sale+OE,0.0081379687163072,1.9580459761020723,-0.1294860812232734,-0.046534653632161305,-0.0383859557944934,0.003229331281624899,-0.07019737108289409,-0.19968345230616746,traditional,,,,,,,,,,,,
APP,2024-12-12,S - Sale,0.0081379687163072,1.9580459761020723,-0.1294860812232734,-0.046534653632161305,-0.0383859557944934,0.003229331281624899,-0.07019737108289409,-0.19968345230616746,traditional,,,,,,,,,,,,
APP,2024-12-23,S - Sale,0.0087896627510719,1.8684257337153076,-0.11210584259356995,-0.058543249166952804,-0.0662811872201503,-0.02896786685736631,-0.12942277546850658,-0.24152861806207654,traditional,,,,,,,,,,,,
APP,2025-02-24,S - Sale,0.0067722007687919,2.023796673133366,0.06332330605601874,-0.0546826514883293,-0.1944562247664855,-0.3439905898789989,-0.2151115059870409,-0.15178819993102222,traditional,,,,,,,,,,,,
APP,2025-03-04,S - Sale+OE,0.0070955386584878,2.0121794269739866,-0.015617065671433186,-0.0946811543293582,-0.2123377521939615,-0.10614271748983711,-0.03854509634745279,-0.054162162018886045,traditional,,,,,,,,,,,,
APP,2025-03-12,S - Sale,0.0071549065059788,2.0043976937703687,-0.42329656853628445,0.0558816364239738,0.1076218326347484,0.1116503994398891,0.02432374156579732,-0.3989728269704872,traditional,,,,,,,,,,,,
APP,2025-05-14,S - Sale+OE,0.0075052981272725,1.9661744026846537,0.0420723461536686,-0.0345806077958849,-0.048967596331114506,-0.0743247009842663,-0.03705082512305881,0.005021521030609783,traditional,,,,,,,,,,,,
APP,2025-05-15,S - Sale,0.00757458963728,1.9649364375796217,0.036853067166554815,-0.0597841074969226,-0.0654992105172019,-0.07059096390554159,-0.03356921918027581,0.0032838479862790024,traditional,,,,,,,,,,,,
APP,2025-05-15,S - Sale+OE,0.00757458963728,1.9649364375796217,0.036853067166554815,-0.0597841074969226,-0.0654992105172019,-0.07059096390554159,-0.03356921918027581,0.0032838479862790024,traditional,,,,,,,,,,,,
APP,2025-05-21,S - Sale,0.0076859356894311,1.9661635903302104,0.023198549544403008,-0.0253232306800465,-0.0053997069274049,0.031151837339357197,0.031151837339357197,0.054350386883760204,traditional,,,,,,,,,,,,
APP,2025-05-22,S - Sale+OE,0.0078480695937363,1.9722965766493523,0.02730694554804118,-0.012773912527219,0.0058889776945307,0.023005071039828004,0.023005071039828004,0.050312016587869185,traditional,,,,,,,,,,,,
APP,2025-05-22,S - Sale,0.0078480695937363,1.9722965766493523,0.02730694554804118,-0.012773912527219,0.0058889776945307,0.023005071039828004,0.023005071039828004,0.050312016587869185,traditional,,,,,,,,,,,,
APP,2025-05-28,S - Sale,0.0083857525463368,1.9807877986041984,-0.026922689292231714,-0.005313047783206799,0.015540673191688,0.015540673191688,0.015540673191688,-0.011382016100543704,traditional,,,,,,,,,,,,
AVGO,2024-12-19,S - Sale,-0.0001510245620394,1.991140394042534,0.3421729072400738,-0.0305786058689864,0.010064382957143705,0.0500930337526556,0.0231299302879193,0.3653028375279931,traditional,,,,,,,,,,,,
AVGO,2024-12-26,S - Sale,-0.0001202351392945,1.99578591978406,0.35100330111581224,0.0400387945565197,0.0407121077228458,0.011827976011384606,0.0038387647951292,0.3548420659109416,traditional,,,,,,,,,,,,
AVGO,2024-12-27,S - Sale,-0.0001396460735073,1.991985854619899,0.3390743678137635,0.0151098459962412,0.0157423333735358,-0.021003322394196902,0.003066461420071793,0.34214082923383526,traditional,,,,,,,,,,,,
AVGO,2025-01-06,S - Sale,-0.0003282533306879,2.022809473072666,-0.005638592824949901,-0.002477498219797699,0.013370858276123901,0.018042738340700002,0.0211565273616236,0.015517934536673696,traditional,,,,,,,,,,,,
AVGO,2025-01-08,S - Sale,-0.000189499780971,2.029831877849259,0.019181940710970104,0.0042445043240925,0.0280369642222641,0.0242913004516732,-0.1045876442885145,-0.0854057035775444,traditional,,,,,,,,,,,,
AVGO,2025-01-10,S - Sale,-0.000135536536396,2.0270035738089707,0.053682482747537605,0.0113445815703541,-0.009080911798420098,0.019746577413463404,-0.0636225518091956,-0.00994006906165798,traditional,,,,,,,,,,,,
AVGO,2025-03-26,S - Sale,0.0011793006297356,2.125369245382785,0.006200207971960019,-0.036072983969384104,-0.004779267004020401,0.0765815001500738,0.11138653656823859,0.11758674454019859,traditional,,,,,,,,,,,,
AVGO,2025-03-28,S - Sale,0.0013333763897508,2.1445314033297724,-0.0928626662051313,0.0399216993349331,0.019310850902266898,0.1643984310058137,0.16715676503288096,0.0742940988277497,traditional,,,,,,,,,,,,
AVGO,2025-04-15,S - Sale,0.0017665454863852,2.066122170484612,0.09586605046075905,0.0399156315205635,0.0200412599531493,-0.005209767330298307,-0.026714724477334712,0.0691513259834244,traditional,,,,,,,,,,,,
AVGO,2025-04-16,S - Sale,0.0018108729204564,2.06331558337722,0.1050278222186994,0.0173013897394166,0.0401813182311435,-0.007984349479799598,-0.016756617805123997,0.0882712044135754,traditional,,,,,,,,,,,,
AVGO,2025-05-16,S - Sale,0.0017909778970052,1.75170502084336,0.0011357843315327031,-0.028167362751989,0.002379533477493201,0.006949514861808201,0.021723218059604102,0.022859002391136803,traditional,,,,,,,,,,,,
CRM,2024-11-04,S - Sale,-0.0002485260519726,0.929880966015328,0.027466471510268303,-0.0002860663834222,0.038381828417925604,0.07997269893158898,0.11792530867433867,0.14539178018460697,traditional,,,,,,,,,,,,
CRM,2024-11-06,S - Sale+OE,-0.0001753110686006,0.9355006263869596,0.021419561134295405,0.0029161918524337,0.0992248080285969,0.081382767593219,0.11254447425150038,0.13396403538579582,traditional,,,,,,,,,,,,
CRM,2024-11-22,S - Sale+OE,-0.0002770914998133,0.8994962508225997,0.102250377862273,0.0173800882391304,-0.0193938500741546,-0.0319463168059669,0.032047438669001796,0.13429781653127482,traditional,,,,,,,,,,,,
CRM,2024-11-25,S - Sale+OE,-0.0002576828388638,0.8998749950899376,0.1049454088854575,-0.0040565805046983,-0.044081207669520096,0.031193998783352418,0.003185076062682618,0.10813048494814011,traditional,,,,,,,,,,,,
CRM,2024-11-26,S - Sale,-0.0003515736661199,0.9016139480841596,0.10984326826856569,-0.0259715885094863,-0.033139981184120204,0.0372066423118302,0.012411003077946098,0.12225427134651182,traditional,,,,,,,,,,,,
CRM,2024-12-20,S - Sale+OE,1.714739464178639e-05,0.8937848316642397,0.0189164742512193,0.0128315139393453,-0.005743881168873,-0.0067795301045313,-0.03332676448371594,-0.014410290232496632,traditional,,,,,,,,,,,,
CRM,2024-12-20,S - Sale,1.714739464178639e-05,0.8937848316642397,0.0189164742512193,0.0128315139393453,-0.005743881168873,-0.0067795301045313,-0.03332676448371594,-0.014410290232496632,traditional,,,,,,,,,,,,
CRM,2024-12-23,S - Sale+OE,0.0001614375749192,0.8923682328180371,0.035307897085322094,-0.0188309759906121,-0.0228136448368121,-0.0263919057060325,-0.061062942961830596,-0.025755045876508505,traditional,,,,,,,,,,,,
CRM,2024-12-26,S - Sale+OE,0.0002110391900459,0.8975030526880984,-0.0637418497686205,-0.0040025952226661,0.0021796260992073997,-0.0169189455088301,-0.0491470034323714,-0.1128888532009919,traditional,,,,,,,,,,,,
CRM,2024-12-26,S - Sale,0.0002110391900459,0.8975030526880984,-0.0637418497686205,-0.0040025952226661,0.0021796260992073997,-0.0169189455088301,-0.0491470034323714,-0.1128888532009919,traditional,,,,,,,,,,,,
CRM,2024-12-27,S - Sale,0.0002981808816668,0.8970461862449604,-0.0666767361891864,0.0034998379631301,0.0094982001865058,-0.028307822688282504,-0.03856663345085421,-0.10524336964004061,traditional,,,,,,,,,,,,
CRM,2025-01-03,S - Sale+OE,-2.6356766349771785e-05,0.8894438385172407,-0.03796987431786861,-0.0089249997279469,-0.0205769919593865,-0.026470742633033898,-0.0225377456373474,-0.060507619955216,traditional,,,,,,,,,,,,
CRM,2025-01-16,S - Sale+OE,-3.780094955562277e-05,0.9242801273279077,-0.037903625403241895,0.00495423597485,0.006056932375436299,0.0183739717934078,0.07352608563533329,0.035622460232091396,traditional,,,,,,,,,,,,
CRM,2025-01-23,S - Sale+OE,-8.127236070218575e-05,0.9005155666024098,-0.026490115818357994,0.006432117705208,0.09261139201225271,0.046257935681860624,0.000531408709955398,-0.025958707108402597,traditional,,,,,,,,,,,,
CRM,2025-02-04,S - Sale+OE,-8.470463416346995e-05,0.908031239302952,0.0332356073075316,0.0115854935073877,-0.04477722904164871,-0.0652749155282512,-0.08770231171459889,-0.0544667044070673,traditional,,,,,,,,,,,,
CRM,2025-02-04,S - Sale,-8.470463416346995e-05,0.908031239302952,0.0332356073075316,0.0115854935073877,-0.04477722904164871,-0.0652749155282512,-0.08770231171459889,-0.0544667044070673,traditional,,,,,,,,,,,,
CRM,2025-02-19,S - Sale+OE,-0.0002515239118905,0.8803710684654722,-0.08642259741132491,-0.0282972154675455,-0.0296509511446068,-0.042506897458017404,-0.044609312907718704,-0.13103191031904357,traditional,,,,,,,,,,,,
CRM,2025-02-24,S - Sale+OE,-0.000142234686219,0.8653756089952731,-0.09297167521714868,0.009791498413295501,-0.0077564537487883976,-0.011171834563316699,-0.017251216727846696,-0.11022289194499539,traditional,,,,,,,,,,,,
CRM,2025-02-25,S - Sale+OE,-0.0001274996510133,0.8649059443854696,-0.0901904129434151,0.0065436627075437,-0.013699037963539202,-0.0341895764027846,-0.021067336807357,-0.1112577497507721,traditional,,,,,,,,,,,,
CRM,2025-02-26,S - Sale,0.0002729660495307,0.7933611151786093,-0.10336478875414629,-0.0162101405250356,-0.014866870706409501,-0.044384699540980704,-0.029004153538656492,-0.1323689422928028,traditional,,,,,,,,,,,,
CRM,2025-03-03,P - Purchase,0.0002401503187457,0.8133863030727626,-0.0596174084167616,-0.011745142302861201,-0.024096846827525102,-0.0230515628610531,-0.014684989286457197,-0.0743023977032188,traditional,,,,,,,,,,,,
CRM,2025-03-04,S - Sale+OE,0.0005584590739384,0.7750410260482901,-0.055289654113382006,-0.013116540909150601,-0.0308053270109509,-0.025496093929492602,-0.0245495178977953,-0.07983917201117731,traditional,,,,,,,,,,,,
CRM,2025-03-18,S - Sale+OE,0.0002226026767691,0.7834839358631493,-0.035023811996168046,-0.0029150234192467997,-0.0004322188370573998,-0.0192845741081737,-0.038173093729990504,-0.07319690572615854,traditional,,,,,,,,,,,,
CRM,2025-03-25,S - Sale+OE,0.0001668075141885,0.7937521933235006,-0.0016827324306784976,-0.0049061528975987995,-0.0191191163773469,-0.0500123024999817,-0.0568935122801043,-0.0585762447107828,traditional,,,,,,,,,,,,
CRM,2025-03-27,S - Sale,0.0001226918416247,0.7937127380344157,-0.010544647305927704,-0.0141260075488591,-0.0193023979459108,-0.044802634022193304,-0.0453975088095202,-0.0559421561154479,traditional,,,,,,,,,,,,
CRM,2025-04-04,P - Purchase,-3.138501284279582e-05,0.7993075221353338,-0.03334558383447186,-0.0101634739404262,0.009330979430826399,-0.016327895352234303,0.0094744849537617,-0.023871098880710144,traditional,,,,,,,,,,,,
CRM,2025-04-17,S - Sale,0.00116768454365,0.7714731581323939,-0.054468034021757095,-0.0105145040452762,-0.0283532572863174,0.0157577336571513,0.029090832110117402,-0.025377201911639696,traditional,,,,,,,,,,,,
CRM,2025-04-24,S - Sale+OE,0.0008974196845098,0.7785108360111541,-0.037056167323733104,0.0356997171157983,0.030120148452391,0.031765756687279496,0.031469924563525396,-0.005586242760207705,traditional,,,,,,,,,,,,
CRM,2025-05-05,S - Sale,0.0008898827422867,0.8331406776511464,0.013360896347674303,0.0053950184305704,-0.0007185444261972006,-0.0030631031857457983,-0.0536208192702515,-0.040259922922577185,traditional,,,,,,,,,,,,
CRM,2025-05-15,S - Sale+OE,0.00040644880209,0.8038415142416209,0.0010051682139231976,-0.0021093683201933,-0.010656296544216199,-0.047122349866807994,-0.09313481571466789,-0.09212964750074469,traditional,,,,,,,,,,,,
CRM,2025-05-23,S - Sale+OE,0.0005611221031829,0.8385073853046037,-0.020404011661377303,-0.0285148416698682,-0.0353402001435397,-0.07584703563308681,-0.07584703563308681,-0.09625104729446411,traditional,,,,,,,,,,,,
CRM,2025-05-28,S - Sale,0.0006716060450855,0.8411716428089668,-0.07803355573354209,-0.0375280977876582,-0.0412828257952821,-0.0412828257952821,-0.0412828257952821,-0.1193163815288242,traditional,,,,,,,,,,,,
CRWD,2024-11-08,S - Sale,8.199959268207185e-05,1.355010556494922,0.009450615556669893,-0.003567178550997,0.0535726814167607,0.0704679384730388,0.0667918926958585,0.07624250825252843,traditional,,,,,,,,,,,,
CRWD,2024-11-15,S - Sale,6.268494216795301e-05,1.3427958548585788,0.0954683517930123,0.0078832771176277,0.026866591532685294,0.05963304201899938,0.019311303452728093,0.11477965524574038,traditional,,,,,,,,,,,,
CRWD,2024-12-02,S - Sale+OE,-0.0005684758921738,1.3222866373424398,0.026121103789285505,-0.0054077959904692005,0.015365448258916,0.0159280730327949,0.0368170905227116,0.0629381943119971,traditional,,,,,,,,,,,,
CRWD,2024-12-04,S - Sale,-0.0006164791321902,1.320442152750048,-0.0003449030735295103,0.0288077786909282,-0.0032021161467355,0.027638751186783602,0.023019706824347508,0.022674803750817984,traditional,,,,,,,,,,,,
CRWD,2024-12-06,S - Sale+OE,-0.0006324086970476,1.3271094291969066,0.021302853129997606,-0.0078928336136815,-0.023435592887334593,0.03785385903525281,-0.0062947525893411824,0.01500810054065642,traditional,,,,,,,,,,,,
CRWD,2024-12-16,S - Sale,-0.0003405853484053,1.3272597618514794,-0.0398819354052793,0.012972011098993399,0.013958298455800898,-0.007478982816870202,0.005075175812105797,-0.0348067595931735,traditional,,,,,,,,,,,,
CRWD,2024-12-18,S - Sale+OE,-0.0002330631999588,1.3247608804438462,0.015752434634196597,-0.018047306648015203,-0.014364077763314703,-0.028769071573709004,0.00282346295396183,0.018575897588158433,traditional,,,,,,,,,,,,
CRWD,2024-12-26,S - Sale,-0.0002774494361354,1.3151258688632392,-0.010100773892155995,-0.008719611553925,-0.017069603353346695,0.011042604787905305,0.02976347740243801,0.019662703510282015,traditional,,,,,,,,,,,,
CRWD,2025-01-03,S - Sale,-0.0007148068048825,1.3271679454693537,-0.0009382606152771936,0.0108770186322428,0.0219058563013422,0.0013455528291643985,0.04295222747561609,0.04201396686033889,traditional,,,,,,,,,,,,
CRWD,2025-01-16,S - Sale,-0.0004154956528183,1.3171740248813184,0.0324270076037102,-0.021177293552708098,-0.0028966878781286967,0.008595922360973104,0.140205490851795,0.1726324984555052,traditional,,,,,,,,,,,,
CRWD,2025-02-06,S - Sale,-0.0003999360244548,1.3515186215763384,0.1234951736543939,0.0227548135564148,0.0388967650162549,0.0603335377230798,-0.002096182829098403,0.12139899082529548,traditional,,,,,,,,,,,,
CRWD,2025-02-11,S - Sale,-0.0003597179471223,1.3482306280593654,0.16977198951323713,0.0183852746070281,0.032896468400749106,-0.03383004590882599,-0.00713886709559719,0.1626331224176399,traditional,,,,,,,,,,,,
CRWD,2025-02-18,S - Sale,-0.0001384757449036,1.3572635697620643,0.0835102735157542,-0.0051702231418519,-0.06738413607450659,-0.05962088003047201,-0.18291485736599616,-0.09940458385024198,traditional,,,,,,,,,,,,
CRWD,2025-02-19,S - Sale,-0.0003785674396263,1.3433061092657836,0.11540017830754831,-0.036523937529413096,-0.09429045904585309,-0.065714073407007,-0.1181126347477172,-0.0027124564401689033,traditional,,,,,,,,,,,,
CRWD,2025-03-04,S - Sale,0.000350566995001,1.350434918497951,-0.02774202859302601,-0.0596221287957466,-0.12400522528121169,-0.026396156310292785,-0.008071354035956282,-0.03581338262898232,traditional,,,,,,,,,,,,
CRWD,2025-03-17,S - Sale,0.0008570875826888,1.335684698453828,0.008635325336765667,0.0437819690405774,0.0181800488775036,0.0261099720135909,0.0685439461246461,0.07717927146141176,traditional,,,,,,,,,,,,
CRWD,2025-03-25,S - Sale,0.0002777455728399,1.3731209850116084,-0.030835015349046212,0.019038059081204102,0.024030848099852203,0.063723684245417,0.1211972699137617,0.0903622545647155,traditional,,,,,,,,,,,,
CRWD,2025-04-02,S - Sale,0.0005225696683759,1.355899635147429,0.056374477813727605,0.028395750528516,0.039218388652578,0.09725540631080029,0.10403246289335312,0.16040694070708073,traditional,,,,,,,,,,,,
CRWD,2025-04-08,S - Sale,-0.0004762244052227,1.3350331393225392,0.0496617857592092,0.0323241838179098,0.0636522287286223,0.095567307814284,0.1344942867248453,0.18415607248405447,traditional,,,,,,,,,,,,
CRWD,2025-04-10,S - Sale+OE,9.863483081094496e-05,1.342957204079782,0.0707976460224893,0.0303566277983172,0.061582188393990704,0.0601785913832316,0.1025073522663832,0.1733049982888725,traditional,,,,,,,,,,,,
CRWD,2025-04-16,S - Sale,0.0003766507086839,1.3689103424978248,0.1383079005400741,-0.0011306191777236008,-0.0010025042068981008,0.0337450699002489,0.049420939332324804,0.1877288398723989,traditional,,,,,,,,,,,,
CRWD,2025-04-22,S - Sale,0.0008252247589246,1.3480880213041404,0.12079288313756151,-0.0090115881902555,0.0348713758078452,0.021766908058057498,-0.06071627983063761,0.0600766033069239,traditional,,,,,,,,,,,,
CRWD,2025-04-28,S - Sale,0.0003653260422428,1.3057068001525232,0.12948998110229612,0.0078346099435944,-0.009368820558207532,-0.033636202542491826,-0.10051249306830215,0.028977488033993963,traditional,,,,,,,,,,,,
CRWD,2025-05-02,S - Sale,0.0002358478289614,1.3032768802721133,0.05929026468194148,0.0002616344206617,-0.0237608380706014,-0.0768534046749348,-0.05966659138085118,-0.0003763266989097007,traditional,,,,,,,,,,,,
CRWD,2025-05-06,S - Sale,0.0002677008340589,1.2828837200710614,0.045199761127040196,-0.040207883532875896,-0.08221242283245339,-0.1044429805170245,-0.0366632145234195,0.008536546603620718,traditional,,,,,,,,,,,,
CRWD,2025-05-28,S - Sale,0.0014554811112137,1.2910046755095392,-0.007946196194821991,-0.0299219366336443,0.00017856477388570116,0.00017856477388570116,0.00017856477388570116,-0.007767631420936297,traditional,,,,,,,,,,,,
CSCO,2024-11-19,S - Sale,0.0003419783973173,0.3568324260101544,0.023111444150414648,-0.0006381745011127,0.016215283286358097,0.0221471236540517,0.006285194660544311,0.029396638810958966,traditional,,,,,,,,,,,,
CSCO,2024-11-21,S - Sale,0.0003420883181776,0.3575748663137754,0.027655306070714706,0.0168517700093781,0.030678322467505403,0.022774781110672503,-0.005325844201830803,0.022329461868883897,traditional,,,,,,,,,,,,
CSCO,2024-12-02,S - Sale,0.0002391892151695,0.3591588115277595,0.008701585736205497,-0.0008178064920539245,-0.001598830952234224,-0.02077819180823072,-0.021822557310653325,-0.013120971574447832,traditional,,,,,,,,,,,,
CSCO,2024-12-06,S - Sale,0.0003351018078416,0.3769123346879136,0.019438040676767396,-0.0055527732654243,-0.0317445846657229,-0.039469673802501104,-0.011293867015405405,0.008144173661362004,traditional,,,,,,,,,,,,
CSCO,2024-12-12,S - Sale,0.0003513622185222,0.3760439521481541,-0.007043740333162898,0.0018539208984941994,-0.003997181619062,0.0051166849315135,0.0196738759768311,0.012630135643668198,traditional,,,,,,,,,,,,
CSCO,2025-02-18,S - Sale,0.0007804855549993,0.374131519933329,0.07252119705879301,-0.0025573027950385,-0.007442741396245,0.0038451880227355025,-0.004902292029759397,0.06761890502903362,traditional,,,,,,,,,,,,
CSCO,2025-02-24,S - Sale,0.0010097400272663,0.3684679965838633,0.0318841233023328,0.012153325363142299,0.009945811087407498,0.010314744454365065,-0.03585434651365724,-0.003970223211324439,traditional,,,,,,,,,,,,
CSCO,2025-02-27,S - Sale,0.0006975066477992,0.4028170688343697,0.034846481664242104,0.0037243053259305003,0.0010884507439673035,0.011592804493687504,-0.0287420654636715,0.006104416200570608,traditional,,,,,,,,,,,,
CSCO,2025-03-12,S - Sale,0.0010093114698098,0.402543409500633,-0.0241333837899749,-0.0155697757657467,-0.008963697919195199,-0.022101400567731598,0.002984165936236302,-0.0211492178537386,traditional,,,,,,,,,,,,
CSCO,2025-05-20,S - Sale,0.0012655420011249,0.6228734826421587,0.0324011943007047,-0.0026764291283592,-0.002169296857643,-0.0208550686388872,-0.0208550686388872,0.011546125661817501,traditional,,,,,,,,,,,,
CSCO,2025-05-29,S - Sale,0.0012883855187629,0.62502667500212,0.003533748468142997,-0.0077416255905149,-0.0077416255905149,-0.0077416255905149,-0.0077416255905149,-0.004207877122371903,traditional,,,,,,,,,,,,
DELL,2024-11-19,S - Sale+OE,0.0010950130962405,1.7273683919189458,0.0942791672307979,-0.0333187643922378,0.0361815852410789,-0.10152136076712942,-0.18424955192168121,-0.0899703846908833,traditional,,,,,,,,,,,,
DELL,2024-11-26,S - Sale,0.0009491510585327,1.7050975029869435,0.010266452466055592,-0.1417312374603223,-0.13097883089995419,-0.2251751374350761,-0.29028076485513016,-0.2800143123890746,traditional,,,,,,,,,,,,
DELL,2024-12-04,S - Sale,0.0015078535833952,1.6804380498889129,-0.10014964298289872,-0.025843125630083702,-0.0420806941554833,-0.10694462471542951,-0.12155604588124391,-0.2217056888641426,traditional,,,,,,,,,,,,
DELL,2024-12-09,S - Sale+OE,0.0013897517930222,1.6514825330738163,-0.1967961796173648,-0.0417842657620512,-0.0519412482161519,-0.0672578845502825,-0.056319643732040396,-0.25311582334940524,traditional,,,,,,,,,,,,
DELL,2024-12-09,S - Sale,0.0013897517930222,1.6514825330738163,-0.1967961796173648,-0.0417842657620512,-0.0519412482161519,-0.0672578845502825,-0.056319643732040396,-0.25311582334940524,traditional,,,,,,,,,,,,
DELL,2024-12-11,S - Sale,0.0013556351867576,1.6547435549916971,-0.20505613420129304,-0.0006282884761725002,-0.0250528011477123,-0.009579591955553898,0.00010093451801140157,-0.2049551996832816,traditional,,,,,,,,,,,,
DELL,2024-12-17,S - Sale+OE,0.001213263446183,1.667802793762694,-0.2633744699180737,0.006616916772606799,0.016428597275641898,0.012339398161076898,0.055730865937480396,-0.20764360398059328,traditional,,,,,,,,,,,,
DELL,2025-01-08,S - Sale+OE,0.0006613807362142,1.6627257689097037,0.0588679655700126,-0.0159024556295802,-0.061896125604314595,-0.11658271670444258,-0.20068287594166317,-0.14181491037165062,traditional,,,,,,,,,,,,
DELL,2025-01-08,S - Sale,0.0006613807362142,1.6627257689097037,0.0588679655700126,-0.0159024556295802,-0.061896125604314595,-0.11658271670444258,-0.20068287594166317,-0.14181491037165062,traditional,,,,,,,,,,,,
DELL,2025-01-24,S - Sale+OE,-0.001080597217515,1.5367657212851429,-0.06282943142841681,0.0044062421765329,-0.06207098840191681,-0.06868862680810991,-0.004594427182815795,-0.06742385861123261,traditional,,,,,,,,,,,,
DELL,2025-02-20,S - Sale+OE,-0.0016675871217279,1.5170766463312877,0.1358073207717915,0.015803649734002653,-0.0019440187334844473,-0.05284455252429114,-0.020311159442327344,0.11549616132946416,traditional,,,,,,,,,,,,
DELL,2025-04-01,S - Sale,-0.0019148106582958,1.5668741379156177,0.035917753646250994,0.0221487597095418,-0.05173548943514689,-0.015131938927161488,0.08246931744356391,0.11838707108981489,traditional,,,,,,,,,,,,
DELL,2025-05-16,S - Sale,-0.0014052855000016,1.5062346261790975,0.035410556610995805,0.0235655449598582,0.0346081840144083,0.049793099509906194,0.017793720357363204,0.053204276968359006,traditional,,,,,,,,,,,,
EBAY,2024-11-06,S - Sale,0.0021683214709075,0.2296416286762295,-0.11075850102469394,-0.0061759811957108005,-0.004232549860549801,-0.021383123518063103,0.016175396465612495,-0.0945831045590814,traditional,,,,,,,,,,,,
EBAY,2024-11-19,S - Sale+OE,0.0019609582502743,0.2200648647464061,-0.0456900776031068,-0.015596681740178201,0.0195467735456236,0.014732434876428904,0.0261957624427196,-0.019494315160387195,traditional,,,,,,,,,,,,
EBAY,2024-11-27,S - Sale,0.0020428805490378,0.2107158704958434,0.03406774931226869,-0.0127754559601879,-0.0342489106025734,-0.0402054464940094,-0.046816435529565104,-0.012748686217296403,traditional,,,,,,,,,,,,
EBAY,2024-12-05,S - Sale,0.0019376497105887,0.2984597145161162,-0.013398259221686496,-0.0010269171762404003,-0.0077342679213173,-0.007540367215148797,-0.0234596650653784,-0.036857924287064886,traditional,,,,,,,,,,,,
EBAY,2024-12-17,S - Sale+OE,0.001861333507115,0.271173572316146,-0.055464150052307704,0.014211786429687501,0.0220501753990429,-0.0215966506016064,-0.0305146886891439,-0.08597883874145161,traditional,,,,,,,,,,,,
EBAY,2025-01-06,S - Sale,0.0017993692330005,0.2321746773003649,-0.0471692002758487,0.0231503466693362,0.0716522225073873,0.0496794003292128,0.030090234266408906,-0.017078966009439797,traditional,,,,,,,,,,,,
EBAY,2025-01-17,S - Sale+OE,0.0013451676503301,0.2333667329247649,0.02992983259704842,0.0125007759839142,-0.029850674446549597,0.019784173494072604,0.013858775435054304,0.04378860803210274,traditional,,,,,,,,,,,,
EBAY,2025-02-05,S - Sale,0.0007636391775284,0.2672228363332453,0.017210585121239404,0.0048038581816164,0.0155186256632607,0.0322313640209279,0.056010750923541894,0.0732213360447813,traditional,,,,,,,,,,,,
EBAY,2025-02-19,S - Sale+OE,0.0011197861122262,0.300190165569915,0.035549706199409295,-0.0057739439535961,0.0098624847513017,-0.0617007680437408,-0.03655356156140581,-0.0010038553619964863,traditional,,,,,,,,,,,,
EBAY,2025-03-05,S - Sale,0.0013953195441211,0.2479414229569014,-0.014799806995818999,0.0180772587279084,0.029457635294204896,-0.018104685728081504,-0.0179146642349784,-0.032714471230797404,traditional,,,,,,,,,,,,
EBAY,2025-03-18,S - Sale+OE,0.0013208971102848,0.2470650773547518,-0.041136084106007,-0.0044770885223674,-0.0288252791684411,-0.0080712994305905,-0.0819490206111169,-0.12308510471712392,traditional,,,,,,,,,,,,
EBAY,2025-03-20,S - Sale,0.0014313736952351,0.2305746467440904,0.05566245692928891,-0.024537956681567,-0.0257542008205828,-0.004755303923833502,-0.0932088979988424,-0.03754644106955351,traditional,,,,,,,,,,,,
EBAY,2025-04-03,S - Sale,0.0012422569039555,0.2995897131666826,0.031935755789913804,-0.042573101618529195,-0.0855991559246554,-0.03602245979514201,-0.012955525830797896,0.018980229959115903,traditional,,,,,,,,,,,,
EBAY,2025-04-07,S - Sale,0.0016565373967125,0.2836698707274619,-0.060991603319927395,-0.044180969720140906,0.005731024703668493,0.03254445049025159,0.02916281784690669,-0.03182878547302071,traditional,,,,,,,,,,,,
EBAY,2025-04-17,S - Sale+OE,0.0012785721319247,0.3589514837811329,-0.006911215462687194,0.0112438927310736,0.0202595641386816,0.004738155740091101,0.016094795756105597,0.0091835802934184,traditional,,,,,,,,,,,,
EBAY,2025-05-05,S - Sale+OE,0.0015242889993747,0.3559457988770145,-0.0054157737759141,0.028316114356437702,0.006998973730466405,-0.006442971833664303,0.010251474495943599,0.004835700720029493,traditional,,,,,,,,,,,,
EBAY,2025-05-06,S - Sale,0.001279877097292,0.4088044069348998,0.030552253107654297,-0.0079555898546811,-0.018324583831694198,-0.020053317859210797,-0.015024877322194197,0.015527375785460096,traditional,,,,,,,,,,,,
EBAY,2025-05-08,S - Sale,0.0010094830002332,0.4153831549535949,0.003431462362043546,-0.009898951908287098,-0.0415662580415018,-0.010737286688569497,-0.007650243611593023,-0.004218781249549489,traditional,,,,,,,,,,,,
EBAY,2025-05-13,S - Sale+OE,0.0012038585696625,0.3855875705367262,-0.038591755258719995,-0.0115446776356585,0.023281924505099104,0.028114327167646298,0.036813358020426096,-0.0017783972382938856,traditional,,,,,,,,,,,,
EBAY,2025-05-22,S - Sale,0.0015301685615397,0.3881739771720762,0.010657209898902698,0.0044895597206049,0.0006195680400325003,0.011831046674378003,0.011831046674378003,0.0224882565732807,traditional,,,,,,,,,,,,
EBAY,2025-05-23,S - Sale+OE,0.0015324235482548,0.3867609791691872,0.009679621463520204,-0.0008676111700259,-0.0048108867435001,0.0064934303656326,0.0064934303656326,0.016173051829152806,traditional,,,,,,,,,,,,
GOOGL,2024-11-01,S - Sale,0.0003516091640154,0.9102558535467448,0.05505599548099889,-0.0065820080213288,-0.013621828389284298,-0.007816038953662199,-0.0666013205392619,-0.011545325058263008,traditional,,,,,,,,,,,,
GOOGL,2024-11-04,S - Sale,0.0002449714018309,0.9048661781922092,0.0476360943319957,-0.0194304308636779,-0.010693403722667097,-0.0185309793090635,-0.0771643599983315,-0.029528265666335804,traditional,,,,,,,,,,,,
GOOGL,2024-11-06,S - Sale,1.3032356603744858e-07,0.9252439562163908,0.024203565611709492,0.022654381654117102,0.019183709748039304,0.004979381973163905,-0.0371678747922755,-0.012964309180566,traditional,,,,,,,,,,,,
GOOGL,2024-11-07,S - Sale,-0.0001153231480873,0.9197973227977244,0.052407760566672804,-0.0037094927022489014,0.0150327318554091,-0.006870113917805499,-0.041840757564111195,0.010567003002561609,traditional,,,,,,,,,,,,
GOOGL,2024-11-12,S - Sale,-3.202469018362468e-05,0.9216027671535564,0.05465329608996681,-0.004729200590848999,-0.0141933271430071,-0.0741327925636071,-0.052956860346472096,0.0016964357434947133,traditional,,,,,,,,,,,,
GOOGL,2024-11-18,S - Sale,-0.0001873869704808,0.9272499049206367,0.032223574909983795,0.0175534743410089,-0.05926003863342651,-0.0345452107022456,-0.0394452452227346,-0.0072216703127508065,traditional,,,,,,,,,,,,
GOOGL,2024-11-21,S - Sale,-6.553352259677998e-05,0.9212267242235384,-0.013186798073786102,-0.0662600470791911,-0.0480769371385504,-0.0511029118006465,0.060727753011273804,0.0475409549374877,traditional,,,,,,,,,,,,
GOOGL,2024-12-02,S - Sale,0.0001549345909651,0.9082933743862104,-0.06159442280213591,0.0014665483478471996,0.0031525050573418993,0.0988364163494203,0.11101630060499151,0.0494218778028556,traditional,,,,,,,,,,,,
GOOGL,2024-12-10,S - Sale,-9.576853236005722e-05,0.917456964092761,-0.04694612679891679,0.0974175493555675,0.0738021868115132,0.09978558125999219,0.10342169301555278,0.05647556621663599,traditional,,,,,,,,,,,,
GOOGL,2024-12-13,S - Sale,-5.392159734353364e-05,0.91786726359177,0.11552607192009781,-0.0121955059722967,0.0060351242540572,0.0214451051738521,0.017380258561918802,0.13290633048201658,traditional,,,,,,,,,,,,
GOOGL,2024-12-17,S - Sale,0.0002390573444195,0.873399951630901,0.10831668064285349,-0.0087851949409395,-0.0014075842602815991,-0.0019183265944068993,0.0118802631081916,0.12019694375104509,traditional,,,,,,,,,,,,
GOOGL,2025-01-02,S - Sale,0.0001366363803416,0.8828218436212161,0.011908930314888499,-0.0013652413134227,0.023571456374419,0.0204400240272306,0.0139895033186986,0.025898433633587105,traditional,,,,,,,,,,,,
GOOGL,2025-01-03,S - Sale,0.0001613404991967,0.8792453607564257,0.025764311664030794,-0.0032482731980823,0.014063906795332199,0.0162239060781331,0.007832473430420001,0.0335967850944508,traditional,,,,,,,,,,,,
GOOGL,2025-01-13,S - Sale,0.0006594200149981,0.8935662857441042,0.0070254739618110015,-0.0082747993504978,-0.0041523773137496,-0.015186576809111601,0.031103933223275003,0.038129407185086,traditional,,,,,,,,,,,,
GOOGL,2025-01-15,S - Sale,0.0008039717283146,0.9180526705637866,0.003326267052340199,0.0015801341872976006,0.0029359454049151003,0.0059522697250217,0.0457921502215212,0.04911841727386141,traditional,,,,,,,,,,,,
GOOGL,2025-01-30,S - Sale,0.0007626313392805,0.9630891698410808,-0.009355216123676102,0.042330575057469,0.051262459928943495,-0.048892003052139005,-0.0804587129481627,-0.0898139290718388,traditional,,,,,,,,,,,,
GOOGL,2025-01-31,S - Sale,0.0006450179267256,0.9656297540405772,0.011781193693489195,0.0177014070323444,-0.0485864118326502,-0.0769087220639832,-0.10368932105043062,-0.09190812735694143,traditional,,,,,,,,,,,,
GOOGL,2025-02-03,S - Sale,0.0006596166668177,0.9645133694531168,0.0316283421569284,0.009135754615793901,-0.09070032085156049,-0.1096547945652897,-0.12759091039969675,-0.09596256824276837,traditional,,,,,,,,,,,,
GOOGL,2025-02-19,S - Sale,0.0003792768040133,0.9601685910967536,-0.08209307393856019,0.007348453803960799,0.010501648030753,-0.020098679964614695,0.015870883805638905,-0.06622219013292129,traditional,,,,,,,,,,,,
GOOGL,2025-02-20,S - Sale,0.0003991325139576,0.9609180085724932,-0.1004451205843352,-0.0055811966160464,-0.0053792097205331,-0.027256830237451398,0.015244035560330205,-0.08520108502400499,traditional,,,,,,,,,,,,
GOOGL,2025-02-21,S - Sale,0.0004349913779024,0.9482099157899496,-0.11835768990014763,-0.0061631764886905,-0.0245641013869486,-0.023087574271244502,0.005037152413387803,-0.1133205374867598,traditional,,,,,,,,,,,,
GOOGL,2025-02-28,S - Sale,0.0002721567005903,0.9555784798896372,-0.049310248466584904,-0.0053144728886089,0.0249698158717131,0.0405977727419709,0.007989764842749499,-0.04132048362383539,traditional,,,,,,,,,,,,
GOOGL,2025-03-03,S - Sale,0.0003706064419107,0.9596579488320957,-0.05220819345902859,0.0321782468964215,0.052464045437307,0.0350307692114496,0.014099555497007496,-0.038108637962021116,traditional,,,,,,,,,,,,
GOOGL,2025-03-13,S - Sale,-0.0002180556350443,0.9852733553823454,0.026553051121366703,-0.015221964254352599,-0.0302507756751225,-0.024644768347935497,-0.0545113935217397,-0.027958342400373003,traditional,,,,,,,,,,,,
GOOGL,2025-03-27,S - Sale,-0.0005448197129397,0.9428751153413254,-0.024345393132823703,-0.034271078997781396,-0.022377063549713395,0.007806271736364102,0.019152008063231203,-0.005193385069592507,traditional,,,,,,,,,,,,
GOOGL,2025-03-31,S - Sale,-0.0005239283793058,0.9379503995924352,-0.05502739751225609,0.011888367679028,0.041471287761398704,0.0427511049573893,0.040477860865054505,-0.014549536647201605,traditional,,,,,,,,,,,,
GOOGL,2025-04-01,S - Sale,-0.0004936282600622,0.932388327404888,-0.042890873326685994,0.00031610256151800003,0.036975162552397495,0.048036016517324795,0.03719694914727739,-0.00569392417940861,traditional,,,,,,,,,,,,
GOOGL,2025-04-04,S - Sale,-0.0003143244104047,0.9112083895542588,-0.024138351026667393,0.0193529985536314,0.018894097573562897,0.03794833946851679,0.023520032511766296,-0.0006183185149011035,traditional,,,,,,,,,,,,
GOOGL,2025-04-14,S - Sale,-0.0003969531789278,0.9234127903003332,0.015780610165751496,-0.009727780916139501,-0.0126548541281845,-0.007342523577369699,-0.018054780535498,-0.002274170369746499,traditional,,,,,,,,,,,,
GOOGL,2025-04-18,S - Sale,-0.0004124478827236,0.9250459800236336,0.03828144042396961,,0.0049326096798052,0.0038075436695925004,-0.0596312934326563,-0.021349853008686706,traditional,,,,,,,,,,,,
GOOGL,2025-05-01,S - Sale,-0.0004722948875849,0.9654024672101308,-0.015675867684237812,0.0044284341890792,0.0160338296240491,-0.0589346355582452,-0.005353421560172593,-0.021029289244410408,traditional,,,,,,,,,,,,
GOOGL,2025-05-09,S - Sale,-0.0003846314785503,0.8809320910198394,-0.055704054965226894,-0.0095706353310739,0.0134836479749794,0.0186520029608,0.05522575567296829,-0.00047829929225860074,traditional,,,,,,,,,,,,
GOOGL,2025-05-15,S - Sale,-0.0004984947075226,0.8826311009476993,-0.04837003688835688,0.0030996355005528005,-0.006027748671597598,0.0418179309782387,0.0455360084625519,-0.0028340284258049973,traditional,,,,,,,,,,,,
GOOGL,2025-05-23,S - Sale,-0.0004609807407559,0.878811776188841,0.006084632879150608,-0.0048303977638765,0.002093515161137,-0.0011851393742585005,-0.0011851393742585005,0.004899493504892108,traditional,,,,,,,,,,,,
IBM,2024-11-08,S - Sale,0.0016086181239127,0.4220433922858979,-0.12044436616459729,-0.0018475225320407,-0.0107719023364639,-0.0191444443451586,0.05130801339585119,-0.06913635276874613,traditional,,,,,,,,,,,,
IBM,2024-11-13,P - Purchase,0.0015650133656277,0.4254461492023514,-0.13295221921905437,-0.0081549467112131,-0.0083264014416479,0.050599981621465694,0.057519503724422306,-0.0754327154946321,traditional,,,,,,,,,,,,
IBM,2025-02-28,P - Purchase,0.0009334991439824,0.3396509326099798,0.015857081693331002,-0.0096001222137038,-0.0113968087971944,0.029200990559409196,-0.0351813138486108,-0.019324232155279803,traditional,,,,,,,,,,,,
IBM,2025-03-03,S - Sale,0.0016500682673352,0.3371924065436423,0.006672752408820802,0.0099459614191473,0.0402215710774402,-0.011072994470129998,-0.03691377417577514,-0.03024102176695434,traditional,,,,,,,,,,,,
INTC,2024-11-06,P - Purchase,-0.0043213353963193,1.462805109656523,0.10363060269176949,0.0647160751841165,0.026098528087656794,0.0638108805419009,0.044724931584628896,0.14835553427639836,traditional,,,,,,,,,,,,
INTC,2024-11-08,S - Sale,-0.0045110221744416,1.4561496985880282,0.1518609553014642,0.0020586307833856,-0.028140773535977902,0.0159557203473897,-0.021032809654223106,0.1308281456472411,traditional,,,,,,,,,,,,
LRCX,2024-11-04,S - Sale,-0.0012581083081695,1.8482694017003491,-0.08321877792088071,0.0038830335287234,-0.0525351342386085,-0.0741414590570042,-0.08317567497541518,-0.16639445289629584,traditional,,,,,,,,,,,,
LRCX,2025-02-21,S - Sale+OE,-0.0022384218723444,1.723378308921927,0.095251878118501,0.0063814035774815,-0.002295473975005201,0.001560806674708995,0.11932664789760021,0.2145785260161012,traditional,,,,,,,,,,,,
META,2024-11-01,S - Sale+OE,0.0018732334260502,1.1781822393278298,-0.04767678489792811,-0.0120392976686496,-0.0564953287299651,-0.0617631270682616,-0.0911238883077083,-0.13880067320563635,traditional,,,,,,,,,,,,
META,2024-11-05,S - Sale,0.0017363920657315,1.178723454685927,-0.058897444848808704,-0.0347794693200469,-0.0267076045370948,-0.0588134107579289,-0.0728286115518291,-0.13172605640063784,traditional,,,,,,,,,,,,
META,2024-11-07,S - Sale,0.0015929052014203,1.1829946951115713,-0.06868001602032871,0.008290652556601701,-0.0022059387215100984,-0.0229624008889516,-0.032431567802465595,-0.10111158382279431,traditional,,,,,,,,,,,,
META,2024-11-19,S - Sale+OE,0.0013038508122799,1.1791853409989002,-0.0899705439171199,0.0064016624412523,-0.0098492616964959,-0.0013668256396473007,0.026867341075275497,-0.0631032028418444,traditional,,,,,,,,,,,,
META,2024-11-21,S - Sale,0.0012419408392028,1.1955645047456582,-0.07656061255654328,-0.0161594887080233,-0.003764789115274899,-0.007614497475266299,0.030894845356116,-0.04566576720042729,traditional,,,,,,,,,,,,
META,2024-11-26,S - Sale,0.0011790436111184,1.1885578439306466,-0.06777271364352108,0.0045961446541109,0.002579272847649,0.041476259796326104,0.0175580161468167,-0.05021469749670441,traditional,,,,,,,,,,,,
META,2024-11-27,S - Sale,0.001193686175683,1.193098337262929,-0.024810942489756904,-0.0016783571697765,0.0157548408535974,0.0349264445760791,0.00579889418963511,-0.0190120483001218,traditional,,,,,,,,,,,,
META,2024-12-04,S - Sale,0.0010922743207006,1.2004125367826863,0.028425113568355705,-0.023418397609073903,-0.019864638827956402,-0.0245467057602066,-0.05802436515333549,-0.0295992515849798,traditional,,,,,,,,,,,,
META,2024-12-04,S - Sale+OE,0.0010922743207006,1.2004125367826863,0.028425113568355705,-0.023418397609073903,-0.019864638827956402,-0.0245467057602066,-0.05802436515333549,-0.0295992515849798,traditional,,,,,,,,,,,,
META,2024-12-05,S - Sale,0.0011504491536227,1.2026041360865969,0.009358647932130704,0.0065548422437611996,0.007739290100592299,-0.008430975862922702,-0.0423293347069814,-0.0329706867748507,traditional,,,,,,,,,,,,
META,2024-12-09,S - Sale+OE,0.0010197204640243,1.1702858004279817,0.04140385484715631,0.0011646418637928004,-0.014216972954685898,-0.0253977684642136,-0.04407977646375559,-0.0026759216165992937,traditional,,,,,,,,,,,,
META,2024-12-11,S - Sale,0.0008831654535134,1.1714948094779385,0.0372456812904735,0.0038525964717911147,-0.023318776791156688,-0.05588330868788609,-0.04480104244730598,-0.007555361156832488,traditional,,,,,,,,,,,,
META,2024-12-11,S - Sale+OE,0.0008831654535134,1.1714948094779385,0.0372456812904735,0.0038525964717911147,-0.023318776791156688,-0.05588330868788609,-0.04480104244730598,-0.007555361156832488,traditional,,,,,,,,,,,,
META,2024-12-12,S - Sale,0.0008824465046194,1.169976598628736,0.04290811237301449,-0.014995294081393901,-0.028119748640399202,-0.055914258123566304,-0.04484757245712646,-0.0019394600841119581,traditional,,,,,,,,,,,,
META,2024-12-16,S - Sale+OE,0.000827657071493,1.1725762562646254,0.03168767023379386,-0.013038767534891998,-0.0406004428778477,-0.0388911672973316,-0.017291919195670937,0.014395751038122923,traditional,,,,,,,,,,,,
META,2024-12-18,S - Sale,-7.265021161471507e-05,1.0739253332408936,0.030379828516491708,0.0008740361106480002,-0.012989806505144901,-0.0105951726559833,0.033225505604055974,0.06360533412054765,traditional,,,,,,,,,,,,
META,2024-12-18,S - Sale+OE,-7.265021161471507e-05,1.0739253332408936,0.030379828516491708,0.0008740361106480002,-0.012989806505144901,-0.0105951726559833,0.033225505604055974,0.06360533412054765,traditional,,,,,,,,,,,,
META,2024-12-19,S - Sale,8.835081752677209e-05,1.0707719520242285,0.030594752725397658,-0.0301624503289755,-0.017166057482035802,-0.013917982877866804,0.017801892608865805,0.048396645334263466,traditional,,,,,,,,,,,,
META,2024-12-23,S - Sale+OE,6.045510066939616e-05,1.0629308251197571,-0.020938994129059703,0.0132348422693544,0.0164176485842361,0.0396363802960041,0.0739071767719323,0.0529681826428726,traditional,,,,,,,,,,,,
META,2024-12-26,S - Sale,0.000142774048742,1.070824272740546,-0.019954472477111598,0.0031400359250459003,0.0013191247413471003,0.0162088597624498,0.04319039419783861,0.023235921720727006,traditional,,,,,,,,,,,,
META,2024-12-26,S - Sale+OE,0.000142774048742,1.070824272740546,-0.019954472477111598,0.0031400359250459003,0.0013191247413471003,0.0162088597624498,0.04319039419783861,0.023235921720727006,traditional,,,,,,,,,,,,
META,2024-12-30,S - Sale+OE,0.0001473036205007,1.0738189971882393,-0.0225736301534047,-0.0017672022491216001,0.013065178336991497,0.031343404252232095,0.02601785110558545,0.003444220952180754,traditional,,,,,,,,,,,,
META,2025-01-02,S - Sale,8.72049615561199e-05,1.072924625066615,-0.04196557583091294,0.0149670012551496,0.044515964015982006,0.0592227722597046,0.02509501303271822,-0.016870562798194724,traditional,,,,,,,,,,,,
META,2025-01-06,S - Sale+OE,0.000213065932676,1.0676080784205195,-0.004411416683373802,0.0292627205208544,0.043628271129889,0.026292531312068997,0.049467408755773795,0.04505599207239999,traditional,,,,,,,,,,,,
META,2025-01-08,S - Sale,0.0002470366409427,1.0642426952346575,0.027034731145437103,-0.0112613857303687,0.005851286180615901,-0.017105563083935297,0.07156180196741589,0.09859653311285299,traditional,,,,,,,,,,,,
META,2025-01-08,S - Sale+OE,0.0002470366409427,1.0642426952346575,0.027034731145437103,-0.0112613857303687,0.005851286180615901,-0.017105563083935297,0.07156180196741589,0.09859653311285299,traditional,,,,,,,,,,,,
META,2025-01-10,S - Sale,0.0002020610952442,1.0668715343320818,0.046697834445834,0.0255901097815942,0.0084819728508978,-0.005596223220573302,0.10444911063457574,0.15114694508040974,traditional,,,,,,,,,,,,
META,2025-01-13,S - Sale+OE,0.0002813148180897,1.0648557092200386,0.057091755929392,-0.0294099679997915,-0.0315329776127392,-0.017003948592962104,0.08371543857910882,0.14080719450850082,traditional,,,,,,,,,,,,
META,2025-01-15,S - Sale,0.0002823586544553,1.0644730191247982,0.02910614700827391,0.0118313427431895,-0.002114375509009,0.0347587835848554,0.13260963333293663,0.16171578034121054,traditional,,,,,,,,,,,,
META,2025-01-15,S - Sale+OE,0.0002823586544553,1.0644730191247982,0.02910614700827391,0.0118313427431895,-0.002114375509009,0.0347587835848554,0.13260963333293663,0.16171578034121054,traditional,,,,,,,,,,,,
META,2025-01-16,S - Sale,0.0001792218212996,1.0635897228451985,0.04938127737151349,-0.014012067746874,-0.015027764137803,0.0232882060307118,0.120561734913119,0.16994301228463252,traditional,,,,,,,,,,,,
META,2025-01-21,S - Sale+OE,9.145821583333134e-05,1.055776542387412,0.028713473110056804,-0.0030454160349387,0.0377801834268007,0.116963293972418,0.1517328215274992,0.180446294637556,traditional,,,,,,,,,,,,
META,2025-01-22,S - Sale+OE,9.40039746790142e-05,1.0544778564438,0.027836356852857305,0.0161852655015274,0.0900703105274778,0.117812987582461,0.15959085874240692,0.1874272155952642,traditional,,,,,,,,,,,,
META,2025-01-23,S - Sale,5.731327525633696e-05,1.0535778064838692,0.0011634472195193976,0.0408878654945295,0.0928050994127773,0.1202069329336353,0.1696109546341231,0.17077440185364248,traditional,,,,,,,,,,,,
META,2025-01-27,S - Sale+OE,-7.84145454920238e-05,1.0398140188242162,0.024275198454132795,0.052045007529982805,0.0797800647855309,0.1039581066954307,0.12608591220457038,0.15036111065870322,traditional,,,,,,,,,,,,
META,2025-01-29,S - Sale,1.560254736698006e-05,1.022587226237018,0.08619953763547558,0.0213811826975682,0.0516275688193821,0.0687242807917576,0.044768830825980405,0.130968368461456,traditional,,,,,,,,,,,,
META,2025-01-29,S - Sale+OE,1.560254736698006e-05,1.022587226237018,0.08619953763547558,0.0213811826975682,0.0516275688193821,0.0687242807917576,0.044768830825980405,0.130968368461456,traditional,,,,,,,,,,,,
META,2025-01-30,S - Sale,8.33129310431447e-05,1.0162951676807672,0.09381274636036571,0.018788263144987202,0.0387441367808323,0.0597818160573331,0.017153815333356987,0.1109665616937227,traditional,,,,,,,,,,,,
META,2025-02-03,S - Sale+OE,0.0001236211106271,1.0145292013447,0.0956532435751824,0.0198779351189807,0.0407831041914496,0.037924702482325906,-0.004236384975584197,0.09141685859959818,traditional,,,,,,,,,,,,
META,2025-02-05,S - Sale,0.0001523903132581,1.0023624833044904,0.12271315760361459,0.0037353060151341993,0.014817858636887902,0.024929937553362497,-0.0375949786673284,0.0851181789362862,traditional,,,,,,,,,,,,
META,2025-02-05,S - Sale+OE,0.0001523903132581,1.0023624833044904,0.12271315760361459,0.0037353060151341993,0.014817858636887902,0.024929937553362497,-0.0375949786673284,0.0851181789362862,traditional,,,,,,,,,,,,
META,2025-02-06,S - Sale,0.0002607026344038,1.0123096922811623,0.12067192854473481,0.02174753755512,0.0223209630719005,0.0251419215678666,-0.015749487606725402,0.1049224409380094,traditional,,,,,,,,,,,,
META,2025-02-10,S - Sale+OE,0.0001808346119181,1.0132736452176618,0.15667848621033173,0.0007271803335018997,0.003769017666899099,-0.0513549470375427,-0.0330454555842725,0.1236330306260592,traditional,,,,,,,,,,,,
META,2025-02-12,S - Sale+OE,0.0003785925295628,0.996238863209381,0.15674755877986438,-0.003921259002168999,0.002779472071398701,-0.0477431509052679,-0.050438970986267304,0.10630858779359702,traditional,,,,,,,,,,,,
META,2025-02-13,S - Sale,0.0003171581271014,1.0001192638468677,0.1465637495014206,-0.004236602188229999,-0.032833818770178,-0.054415823068410495,-0.045648961910138,0.1009147875912826,traditional,,,,,,,,,,,,
META,2025-02-18,S - Sale+OE,0.000398421801014,1.010554672465669,0.06828714561813369,-0.047428954627321995,-0.050241630318072196,-0.038935213573040396,-0.07445626731279739,-0.006169121694663701,traditional,,,,,,,,,,,,
META,2025-02-19,S - Sale+OE,0.0002232759067224,1.0119763005407787,0.03385739559271811,-0.0267435394338119,-0.0314869283712775,-0.008762046375792799,-0.0285733192849897,0.0052840763077284005,traditional,,,,,,,,,,,,
META,2025-02-24,S - Sale+OE,9.310978924086328e-06,1.0153472032222708,-0.026818855711391296,-0.012441988136228599,0.013417697696885004,-0.005036081975765196,-0.017811305065553597,-0.0446301607769449,traditional,,,,,,,,,,,,
META,2025-02-26,S - Sale,0.0005444580159363,0.9568253295450884,-0.0430859730056551,0.0247713303996091,0.0287433985652362,-0.0101647938510891,-0.0455867594561995,-0.08867273246185459,traditional,,,,,,,,,,,,
META,2025-02-27,S - Sale,0.0004828731416585,0.9622915891716296,-0.025165085296388102,0.002281122207702,-0.0125494267815781,-0.0311198786352967,-0.0770316482955883,-0.1021967335919764,traditional,,,,,,,,,,,,
META,2025-02-28,S - Sale,0.000568642351456,0.9662403448009425,-0.0388619180099253,-0.0012175534006576,-0.005074867880368797,-0.041053414661193596,-0.07544565360140751,-0.11430757161133281,traditional,,,,,,,,,,,,
META,2025-03-03,S - Sale,0.0006666402249187,0.9630632870876412,-0.0355086113239452,-0.015174995177247401,-0.034293353018044,-0.0446646383573109,-0.0639991182089163,-0.0995077295328615,traditional,,,,,,,,,,,,
META,2025-03-04,S - Sale,0.0007288673953763,0.958249730553166,-0.0377029486040301,-0.0093249618758559,-0.0396345151696318,-0.046571972874216494,-0.054687654685954795,-0.09239060328998489,traditional,,,,,,,,,,,,
META,2025-03-05,S - Sale,0.0008563054609895,0.9478933216061748,-0.0671248745770412,-0.008622417301444099,-0.0269172216711537,-0.027568729483870305,-0.029334307987085813,-0.09645918256412703,traditional,,,,,,,,,,,,
META,2025-03-06,S - Sale,0.0008447757084266,0.9456641085643888,-0.045389504398588805,-0.0307809111218789,-0.024212246005141595,-0.0385895510321495,-0.046234347825523506,-0.09162385222411232,traditional,,,,,,,,,,,,
META,2025-03-12,S - Sale,0.0009337891436503,0.919516747599058,-0.0326543029918702,-0.0188806392801167,-0.022359824273253198,-0.038597588626837695,-0.043602993486022194,-0.07625729647789241,traditional,,,,,,,,,,,,
META,2025-03-13,S - Sale,0.0009990434808816,0.9185204087046916,-0.013636571333075706,-0.0250134128472733,-0.0558334366580421,-0.04977927624828351,-0.0677475964561266,-0.08138416778920232,traditional,,,,,,,,,,,,
META,2025-03-19,S - Sale,0.0015394284791348,0.9082944850368316,-0.0851817446454353,-0.0066108555378441005,0.0202992583804219,-0.011174331587270995,-0.0268565921084269,-0.11203833675386221,traditional,,,,,,,,,,,,
META,2025-03-20,S - Sale,0.00132249383819,0.9124994582407108,-0.0941809154033269,0.0164422295617522,0.03882106133685399,0.0018629499517554965,0.023458535875925293,-0.0707223795274016,traditional,,,,,,,,,,,,
META,2025-03-26,S - Sale,0.0011064487691066,0.9162258923710438,-0.044253021189396106,-0.0168798438077573,-0.0366252775150487,-0.0759531847830865,-0.115366385846665,-0.15961940703606112,traditional,,,,,,,,,,,,
META,2025-03-27,S - Sale,0.0011610369023895,0.9184726585107448,-0.0311832518731808,-0.0292624613265065,-0.0222572208269246,-0.0691462639869829,-0.11895535744901889,-0.15013860932219972,traditional,,,,,,,,,,,,
META,2025-04-02,S - Sale,0.0011646815119188,0.917830681867168,-0.05758502760838391,-0.048618388554622,-0.0262216970793602,-0.0381953069458061,-0.10348750278665901,-0.16107253039504288,traditional,,,,,,,,,,,,
META,2025-04-03,S - Sale,0.0011864159627449,0.920153745075512,-0.04070250063663561,-0.0340919639618983,-0.006012629237670801,-0.025608530892507905,-0.07521343655774632,-0.11591593719438188,traditional,,,,,,,,,,,,
META,2025-04-09,S - Sale,0.0012702121660878,0.9465895390858629,-0.0060816476784019,0.0032563954870553982,-0.0520370904664863,-0.08237093657945571,-0.0556317769785938,-0.0617134246569957,traditional,,,,,,,,,,,,
META,2025-04-10,S - Sale,0.0012828897046513,0.9507886730197196,0.0197734530663565,-0.0535494052018675,-0.102711707484196,-0.11339383758147731,-0.09732096278831531,-0.07754750972195879,traditional,,,,,,,,,,,,
META,2025-04-16,S - Sale,0.000980565644001,0.97602692720145,-0.1037476526127029,-0.009271307617267499,-0.0188892850496125,0.010706349508336398,0.05916783714360631,-0.0445798154690966,traditional,,,,,,,,,,,,
META,2025-04-17,S - Sale,0.0009530886285524,0.969225285415316,-0.10220217190792319,-0.0013744334921282,-0.0060932789957676,0.0191936138866869,0.0805334185985598,-0.021668753309363402,traditional,,,,,,,,,,,,
META,2025-04-23,S - Sale,0.0010514750438223,0.9776193065269988,-0.0855586855934132,0.011365639716881901,0.0288527533090705,0.0749462138521502,0.10980475096157269,0.024246065368159507,traditional,,,,,,,,,,,,
META,2025-04-24,S - Sale,0.0009995197657318,0.9683197926606966,-0.037940364570700706,0.0104633088234614,0.0171557317660295,0.0615387590226355,0.09440344299746609,0.05646307842676541,traditional,,,,,,,,,,,,
META,2025-04-30,S - Sale,0.0007702245033678,0.985415549408842,-0.08115921151637748,0.016836067513038,0.054884350093239706,0.036039235580377506,0.04124419178445859,-0.0399150197319189,traditional,,,,,,,,,,,,
META,2025-05-01,S - Sale,0.0008723945752023,0.9930580864110192,-0.06699732661291391,0.0538699395056143,0.05191271492835531,0.04484936551356341,0.05945656069574551,-0.007540765917168405,traditional,,,,,,,,,,,,
META,2025-05-06,S - Sale,0.0008028766482865,1.02856833121104,0.0707494972454663,0.0007021837604854007,-0.0191842678830969,-0.0140777754340544,-0.0133943269701548,0.0573551702753115,traditional,,,,,,,,,,,,
META,2025-05-07,S - Sale,0.0009844935318666,1.029679235928262,0.06253464839533959,0.0023658570969690984,0.025583465586754298,-0.0037733993371185034,-0.006004920718776405,0.0565297276765632,traditional,,,,,,,,,,,,
META,2025-05-08,S - Sale,0.0009744251966026,1.0267299167141697,0.07661937685628491,-0.0202097789143833,0.021831772889395997,-0.015832044291710003,-0.011763749615156305,0.06485562724112859,traditional,,,,,,,,,,,,
META,2025-05-14,S - Sale,0.0006146165852939,1.0776494912767678,0.0883638751860573,-0.0254397421054168,-0.0378407646475818,-0.0342793437878051,-0.0261664429374823,0.06219743224857499,traditional,,,,,,,,,,,,
META,2025-05-15,S - Sale,0.0004769642188014,1.0772900608123377,0.0924398470017778,-0.033556440527860096,-0.035735376574521194,-0.030034390296779297,-0.021363611352989295,0.07107623564878851,traditional,,,,,,,,,,,,
META,2025-05-19,S - Sale+OE,0.0006064640730133,1.078167612366104,0.039507398701437595,-0.0024348125556683,0.002896327580136699,0.004363667481705401,0.011031360711084702,0.050538759412522304,traditional,,,,,,,,,,,,
META,2025-05-21,S - Sale,0.0006341558380013,1.0834414861602948,0.043647781972562597,0.0101411033217379,0.005360167413245601,0.013277781912176802,0.013277781912176802,0.05692556388473939,traditional,,,,,,,,,,,,
META,2025-05-22,S - Sale,0.0004530686189752,1.0811159900762075,0.033250845369965004,-0.0064341092172431,-0.0092052643411036,0.002254881793052,0.002254881793052,0.035505727163017003,traditional,,,,,,,,,,,,
META,2025-05-29,S - Sale,0.0007673954187898,1.0768887872759287,-0.0023687965018998015,0.0037949149784784,0.0037949149784784,0.0037949149784784,0.0037949149784784,0.0014261184765785983,traditional,,,,,,,,,,,,
MSFT,2024-11-12,S - Sale,-0.0002396492689959,0.8406920505677986,-0.04960672538393206,0.0205840742374643,0.021375916868160497,0.014971547574971097,0.03199092581959959,-0.017615799564332457,traditional,,,,,,,,,,,,
MSFT,2024-11-25,S - Sale,-0.0002804850744897,0.8340546545203988,-0.010184344300845298,0.0193460272482965,0.007386376304647,0.0323088550498698,0.034846648133396094,0.02466230383255081,traditional,,,,,,,,,,,,
MSFT,2024-12-02,S - Sale,-0.000600589139285,0.8763098789957535,0.0269456308549659,0.0075233727299040005,0.020801612476382302,0.034660497818170294,0.02378990940122669,0.050735540256192604,traditional,,,,,,,,,,,,
MSFT,2024-12-05,S - Sale,-0.0005643880756309,0.8770011503764417,0.005950999342110999,0.009611147318171899,0.017864554547850797,0.0177417955930245,-0.0007723420547479081,0.0051786572873630966,traditional,,,,,,,,,,,,
MSFT,2024-12-10,S - Sale,-0.000685102350678,0.8716382313401967,0.043061158965052096,-0.0051019083545969,-0.0028569884337798,-0.007840343699888,-0.027901771575305406,0.015159387389746697,traditional,,,,,,,,,,,,
MSFT,2025-05-06,S - Sale,-0.0005430208047854,0.7426256587478656,0.0897403938006917,-0.0009815640343487,0.004519205660155,-0.007902478606630299,0.0043901928385452005,0.0941305866392369,traditional,,,,,,,,,,,,
MSFT,2025-05-16,S - Sale,-0.0005559256758343,0.7657266859124597,0.08466175870409301,-0.000885705669813,0.0106883926774603,0.012044746813562,0.0214501446001642,0.1061119033042572,traditional,,,,,,,,,,,,
MSFT,2025-05-20,S - Sale,-0.000696657656674,0.764968372364689,0.0930712653917449,0.0013338509061950003,0.0029662486149372,0.0129499094154109,0.0129499094154109,0.1060211748071558,traditional,,,,,,,,,,,,
MSFT,2025-05-22,S - Sale,-0.0007066849206139,0.7656435687020109,0.0246954608505189,0.0016572785078085,0.0068338788953328,0.011667394121707302,0.011667394121707302,0.036362854972226195,traditional,,,,,,,,,,,,
MU,2024-12-26,S - Sale,-0.0001354896314398,1.7722726319099158,-0.13040792284916752,0.0204330381595291,0.0081612575542503,0.0466026764682685,0.2032581825960392,0.07285025974687168,traditional,,,,,,,,,,,,
MU,2025-01-10,S - Sale,-0.0005461281225893,1.7683360424796777,0.12029327567612821,0.0286425733750823,0.0387603115331156,0.05381779630497539,-0.07150333571213362,0.04878993996399461,traditional,,,,,,,,,,,,
MU,2025-02-19,S - Sale,-0.0019414304780219,1.7640081590097758,0.1775489198351966,-0.0232406044701715,-0.0359668091528024,-0.003977553503208497,0.0996495838196572,0.27719850365485377,traditional,,,,,,,,,,,,
MU,2025-03-05,S - Sale,-0.0028049853760482,1.7907703173998,0.1677253682347226,0.0067594705343136,0.0495051634213198,0.1815546990227606,0.0854209216031912,0.2531462898379138,traditional,,,,,,,,,,,,
MU,2025-03-18,S - Sale,-0.0022023453481752,1.7896130690692045,0.2588393408683521,-0.00034918155648029983,-0.070507132462426,-0.08119659365767139,-0.11797517110210737,0.14086416976624472,traditional,,,,,,,,,,,,
MU,2025-03-27,S - Sale,-0.0018920023945854,1.8109501343041128,0.0836055776530699,0.0219575929644523,0.017153102385613,-0.07102256163094159,-0.060511317136097705,0.023094260516972193,traditional,,,,,,,,,,,,
MU,2025-05-06,S - Sale,-0.0022528224169955,1.8194698473485285,0.048309608942748196,0.0426059370063848,0.066505813839092,0.0867492713998592,0.0952492176033603,0.14355882654610852,traditional,,,,,,,,,,,,
NOW,2024-11-06,S - Sale,0.0005604456618592,1.0020585023590407,0.0446753269032914,-0.0007420573364723994,0.017228476712865502,0.0237730127353437,0.050660129056915304,0.0953354559602067,traditional,,,,,,,,,,,,
NOW,2024-11-12,S - Sale,0.0006300923819856,1.0038413657290677,0.07564387984081138,0.011520708587125101,0.0063235400435940016,0.0338823617978264,-0.0012985579124020988,0.07434532192840926,traditional,,,,,,,,,,,,
NOW,2024-11-12,S - Sale+OE,0.0006300923819856,1.0038413657290677,0.07564387984081138,0.011520708587125101,0.0063235400435940016,0.0338823617978264,-0.0012985579124020988,0.07434532192840926,traditional,,,,,,,,,,,,
NOW,2024-11-14,S - Sale+OE,0.0004749425322239,1.009066404235706,0.038927592303722405,-0.0047365207365099,-0.011537061765961,0.0235079447332986,0.0415953123493948,0.0805229046531172,traditional,,,,,,,,,,,,
NOW,2024-11-18,S - Sale,0.0005519488119354,0.9981455544099368,0.054584169120465605,-0.0067755483025576995,0.0280477635918179,0.0056295944857008996,0.0396652626150212,0.0942494317354868,traditional,,,,,,,,,,,,
NOW,2024-11-19,S - Sale+OE,0.000517728653584,0.9977460505866876,0.042390391413867495,0.007228814443081199,0.0406910646754407,0.017324958405850695,0.05486686895892929,0.0972572603727968,traditional,,,,,,,,,,,,
NOW,2024-11-21,S - Sale,0.0004744652642047,0.9885803171945372,0.0397536761687628,0.0335668992942953,0.032808980460378896,0.010477419462481397,0.056312075171614705,0.0960657513403775,traditional,,,,,,,,,,,,
NOW,2024-11-27,S - Sale,0.0004114043186985,0.9948805356727976,0.05882285730409001,-0.0212983870230998,-0.033211333144307895,0.013715347054855007,-0.009863940750110696,0.048958916553979305,traditional,,,,,,,,,,,,
NOW,2024-12-03,S - Sale,0.0004134590015168,0.9811431367578562,-0.010453856075755196,0.053200182946673,0.0472391728210933,0.039249541832837596,0.0157487128794266,0.005294856803671406,traditional,,,,,,,,,,,,
NOW,2025-01-17,S - Sale+OE,0.0010198903468537,0.9905451635047428,-0.0152848800420201,-0.0024263837810149,0.0259808299685153,0.0698372370028155,-0.06213104821039399,-0.0774159282524141,traditional,,,,,,,,,,,,
NOW,2025-02-05,S - Sale,0.0010086152035146,0.9484755730207176,-0.05511122575028661,0.004433149517553199,0.004755218924426699,-0.048888367965167996,-0.0733090232580509,-0.1284202490083375,traditional,,,,,,,,,,,,
NOW,2025-02-11,S - Sale+OE,0.000831168094994,0.9529773988273134,-0.07291268170121232,-0.037452825418215804,-0.053005170078844706,-0.0816715152347412,-0.05814451134264098,-0.1310571930438533,traditional,,,,,,,,,,,,
NOW,2025-02-11,S - Sale,0.000831168094994,0.9529773988273134,-0.07291268170121232,-0.037452825418215804,-0.053005170078844706,-0.0816715152347412,-0.05814451134264098,-0.1310571930438533,traditional,,,,,,,,,,,,
NOW,2025-02-12,S - Sale+OE,0.0007588717569701,0.9554621185945448,-0.09457840816664799,-0.0353958403053599,-0.042921315579074,-0.071235938314365,-0.04913236252215579,-0.1437107706888038,traditional,,,,,,,,,,,,
NOW,2025-02-12,S - Sale,0.0007588717569701,0.9554621185945448,-0.09457840816664799,-0.0353958403053599,-0.042921315579074,-0.071235938314365,-0.04913236252215579,-0.1437107706888038,traditional,,,,,,,,,,,,
NOW,2025-02-14,S - Sale,0.0009607043238709,0.956794593069186,-0.13379716983103648,-0.0077327276814094,-0.010431214942416299,-0.037704289580262396,-0.049506257874543505,-0.18330342770558,traditional,,,,,,,,,,,,
NOW,2025-02-14,S - Sale+OE,0.0009607043238709,0.956794593069186,-0.13379716983103648,-0.0077327276814094,-0.010431214942416299,-0.037704289580262396,-0.049506257874543505,-0.18330342770558,traditional,,,,,,,,,,,,
NOW,2025-02-19,S - Sale+OE,0.0010144205157304,0.9497889654318354,-0.16189080392716632,-0.0280687212936637,-0.03979692132746809,-0.0196583804448997,-0.08861313218815031,-0.25050393611531657,traditional,,,,,,,,,,,,
NOW,2025-02-21,S - Sale,0.0010949722774112,0.9635238605620668,-0.08056254479680011,-0.0104852188435769,0.012554466787036003,0.012101818011315804,-0.0492441545235019,-0.129806699320302,traditional,,,,,,,,,,,,
NOW,2025-02-25,S - Sale,0.000992480401132,0.9562095806209808,-0.0790590458511547,0.0241003504515606,0.0203703621858859,-0.0387876235356962,-0.02847408944378861,-0.1075331352949433,traditional,,,,,,,,,,,,
NOW,2025-02-27,S - Sale,0.0013700066867634,0.912052348132093,-0.0658758797546355,-0.0049927229337808,-0.0060007011474778,-0.0675537344067859,-0.05871612754797329,-0.12459200730260878,traditional,,,,,,,,,,,,
NOW,2025-03-03,S - Sale,0.0006886696683402,0.9237883488501732,-0.060957159362208004,0.0007058183637940001,-0.0587515686022962,-0.05761132358743451,-0.06660513580707171,-0.1275622951692797,traditional,,,,,,,,,,,,
NOW,2025-04-17,S - Sale+OE,0.0012719081039337,0.9293890378305862,0.029604739753757398,-0.0308449485528262,-0.0414302161931306,0.11611792647218391,0.12689681453415572,0.15650155428791312,traditional,,,,,,,,,,,,
NOW,2025-04-29,S - Sale,0.0007376957831792,0.9338139815457416,0.138138639779237,0.012907447369129799,0.006543282577101298,0.008349889672696897,-0.0151971097798855,0.12294152999935153,traditional,,,,,,,,,,,,
NOW,2025-05-09,S - Sale+OE,0.0008369624775665,1.00534945743822,0.1362225499550436,0.0048351395166185,-0.0173176602184747,-0.024342697420188398,-0.03853117860360669,0.09769137135143688,traditional,,,,,,,,,,,,
NOW,2025-05-14,S - Sale+OE,0.0007664003342308,1.005014718004227,0.11354680251797292,-0.0083581844498899,-0.0243559487459112,-0.0232219771447976,-0.0396406679996497,0.07390613451832319,traditional,,,,,,,,,,,,
NOW,2025-05-19,S - Sale,0.0005498424646108,1.0046541031190437,-0.005000442458747499,-0.0152085691920328,-0.012659354731261,-0.0268302677813379,-0.0282045215280386,-0.033204963986786094,traditional,,,,,,,,,,,,
NOW,2025-05-20,S - Sale+OE,0.0005819882087201,1.003282860717233,-0.019725042527144798,0.0060485267782009,0.0018282505442549,-0.0138177691080768,-0.0138177691080768,-0.0335428116352216,traditional,,,,,,,,,,,,
NOW,2025-05-27,S - Sale,0.0017358717552415,1.069884306160908,-0.0444342668387991,-0.007383173767147399,-0.0216084098944322,-0.0216084098944322,-0.0216084098944322,-0.06604267673323129,traditional,,,,,,,,,,,,
NOW,2025-05-29,S - Sale,0.0016245338176447,1.0814434089218945,-0.0429860637359375,-0.0140104713318663,-0.0140104713318663,-0.0140104713318663,-0.0140104713318663,-0.056996535067803805,traditional,,,,,,,,,,,,
NVDA,2024-11-27,S - Sale,0.0025985689656321,2.341245859645773,-0.118469903053636,-0.0002403343317437,-0.0231892920373127,-0.0602352421741429,-0.194921207396795,-0.31339111045043094,traditional,,,,,,,,,,,,
NVDA,2024-12-13,S - Sale,0.0022223264980324,2.301130751652276,-0.1659203409039771,-0.0274823068190015,-0.013628632514511102,0.0171149345255406,0.0512821198296749,-0.11463822107430222,traditional,,,,,,,,,,,,
NVDA,2024-12-18,S - Sale,0.0020964465298897,2.3011941686393342,-0.18598885609587787,0.08252920172692979,0.09965146294723959,0.0788934171590483,0.119242288868816,-0.06674656722706192,traditional,,,,,,,,,,,,
NVDA,2025-01-08,S - Sale,0.0010290433777292,2.2125169274199465,0.064035569566844,-1.7266607575576432e-05,-0.007245288555552977,-0.03995295161772088,-0.10320325325705998,-0.03916768369021596,traditional,,,,,,,,,,,,
NVDA,2025-03-12,S - Sale,0.00035517650795,2.2224279646974705,0.06793912363218331,0.0786172116423387,0.0482405330767688,0.0347001379142469,0.0088315137440222,0.07677063737620553,traditional,,,,,,,,,,,,
NVDA,2025-03-17,S - Sale,0.0001266128096093,2.2239884455194123,0.1242418168918931,-0.0209468258430756,-0.0371753879930106,-0.093580658529949,0.03185679456471188,0.156098611456605,traditional,,,,,,,,,,,,
NVDA,2025-03-21,S - Sale,0.0003192560486518,2.24099874858316,0.0911319974976322,-0.019028525585039,-0.0673238914750615,-0.040813007669003094,0.06854557694103292,0.1596775744386651,traditional,,,,,,,,,,,,
NVDA,2025-03-25,S - Sale,0.0003412881373798,2.238803126916931,0.055619845969771195,-0.0285991738827387,0.0068124377292361,0.08851784193451079,0.0750435548594671,0.13066340082923833,traditional,,,,,,,,,,,,
ORCL,2025-01-24,S - Sale+OE,0.001258127990962,0.9880286349687046,0.0858476833572616,-0.0117530707818683,-0.1139859252954197,-0.06453266257788481,-0.07089714946952229,0.014950533887739297,traditional,,,,,,,,,,,,
ORCL,2025-02-14,P - Purchase,0.0005334369498452,0.9325669769207412,-0.04895924497993939,-0.0026011123253526,0.0369099847029439,0.0073457372988869965,-0.0514636072218752,-0.1004228522018146,traditional,,,,,,,,,,,,
ORCL,2025-03-21,P - Purchase,0.0010979591827528,1.1124476723768448,-0.0240059066631653,-0.0101178136070442,-0.0496609880608181,-0.070344831657979,-0.06305428435002901,-0.0870601910131943,traditional,,,,,,,,,,,,
ORCL,2025-04-04,S - Sale,0.0008632716559291,1.1693572225379485,-0.012542555782708301,0.00187145308541,-0.026541714041568798,-0.0424557517537224,-0.0487811976291941,-0.06132375341190239,traditional,,,,,,,,,,,,
ORCL,2025-04-15,S - Sale+OE,0.0010734598916592,1.1737224582840096,-0.049408390014060395,-0.0019732688530542998,-0.0103416295773272,-0.016667873128392303,0.022248136299159997,-0.027160253714900398,traditional,,,,,,,,,,,,
ORCL,2025-05-06,S - Sale+OE,0.0005130010438907,1.1191780838552896,0.03856083424132355,0.006256995030471,-0.00031201355962120006,-0.0142732106006689,-0.017380700315313698,0.021180133926009842,traditional,,,,,,,,,,,,
ORCL,2025-05-06,S - Sale,0.0005130010438907,1.1191780838552896,0.03856083424132355,0.006256995030471,-0.00031201355962120006,-0.0142732106006689,-0.017380700315313698,0.021180133926009842,traditional,,,,,,,,,,,,
PLTR,2024-11-05,S - Sale,0.0031281864199593,1.5033481463066278,-0.05515476623698271,0.2487147305357485,0.2696795431912889,0.4273921690808079,0.3656544980312766,0.31049973179429385,traditional,,,,,,,,,,,,
PLTR,2024-11-07,S - Sale+OE,0.0035680777072987,1.5187524334428693,0.2080117017301476,0.0198391164997026,0.0383350690167674,0.175840313810542,0.12508948031634107,0.3331011820464887,traditional,,,,,,,,,,,,
PLTR,2024-11-07,S - Sale,0.0035680777072987,1.5187524334428693,0.2080117017301476,0.0198391164997026,0.0383350690167674,0.175840313810542,0.12508948031634107,0.3331011820464887,traditional,,,,,,,,,,,,
PLTR,2024-11-12,S - Sale,0.0036205841986719,1.5122553883929295,0.25980017120589266,0.0058220181709338,0.1284092427574137,0.0665716271970416,0.04830705052186908,0.30810722172776184,traditional,,,,,,,,,,,,
PLTR,2024-11-15,S - Sale+OE,0.0036117824402799,1.502313007853927,0.2087619560901085,0.1413574053606107,0.0534347390274962,0.0767387974165066,0.1100912102920021,0.3188531663821107,traditional,,,,,,,,,,,,
PLTR,2024-11-20,S - Sale+OE,0.0037016329438758,1.4992383100847446,0.32075915788897935,-0.032104920272104,0.007376306023842099,0.0205382548489146,0.019709772920180203,0.34046893080915974,traditional,,,,,,,,,,,,
PLTR,2024-11-22,S - Sale+OE,0.003894054227885,1.4870970552146443,0.3046242150060344,0.0423868160528417,0.052440994990346795,0.023282380656118498,0.05807943309575769,0.3627036481017923,traditional,,,,,,,,,,,,
PLTR,2024-11-22,S - Sale,0.003894054227885,1.4870970552146443,0.3046242150060344,0.0423868160528417,0.052440994990346795,0.023282380656118498,0.05807943309575769,0.3627036481017923,traditional,,,,,,,,,,,,
PLTR,2024-11-27,S - Sale,0.0038810388797625,1.4827988297500347,0.11092220540343939,0.0096366087432686,-0.019418864872167298,0.0747475232226273,0.005590288012036409,0.11651249341547582,traditional,,,,,,,,,,,,
PLTR,2024-12-03,S - Sale+OE,0.003852918761508,1.5080061137206693,0.054050089933174686,0.0198278989734509,0.09369038291613571,0.0681339086145002,0.12011111577246328,0.174161205705638,traditional,,,,,,,,,,,,
PLTR,2024-12-04,S - Sale,0.0038236604804346,1.5136519685955578,0.099043416653943,-0.011448958621867598,-0.0106009594670637,0.009236821057070403,0.058161348829983195,0.1572047654839262,traditional,,,,,,,,,,,,
PLTR,2024-12-06,S - Sale,0.0048290054651811,1.6550456582669617,-0.055255310107018396,0.0439659012961377,-0.0349833086861453,-0.0165598890306204,0.04717024577377439,-0.008085064333244005,traditional,,,,,,,,,,,,
PLTR,2024-12-10,S - Sale,0.0052611444388262,1.6473373790407568,0.015277335207840609,-0.0342995304934701,0.012782800996808497,0.07703739804152049,0.015928899631103985,0.031206234838944587,traditional,,,,,,,,,,,,
PLTR,2024-12-13,S - Sale+OE,0.0054092150008903,1.6324023498273867,-0.010786952889849512,0.0318398006279336,-0.0021123563476170976,0.075390072256145,0.013748640781993806,0.00296168789214429,traditional,,,,,,,,,,,,
PLTR,2024-12-16,S - Sale+OE,0.0053498330434904,1.6312023499566073,0.027023340169539195,-0.0478514871241254,0.06353450114396239,0.030132553133002796,0.010901507810792799,0.037924847980331994,traditional,,,,,,,,,,,,
PLTR,2025-01-06,S - Sale+OE,0.0043715660277996,1.4203952087340548,0.0468384506663574,-0.1273224017440709,-0.15150773934393427,-0.1521284354312667,-0.08474530596310782,-0.037906855296750426,traditional,,,,,,,,,,,,
PLTR,2025-01-06,S - Sale,0.0043715660277996,1.4203952087340548,0.0468384506663574,-0.1273224017440709,-0.15150773934393427,-0.1521284354312667,-0.08474530596310782,-0.037906855296750426,traditional,,,,,,,,,,,,
PLTR,2025-01-10,S - Sale,0.0047981544477296,1.4445796257555648,-0.2048180620392289,0.004512888652633,-0.022193809003407797,0.011891118470071902,0.0972250141635593,-0.10759304787566959,traditional,,,,,,,,,,,,
PLTR,2025-02-05,S - Sale,0.0051830382848275,1.4849731335126042,0.3721753457622524,0.053304166113379,0.0970312388162121,0.0755944582411236,-0.16956636695974098,0.20260897880251139,traditional,,,,,,,,,,,,
PLTR,2025-02-06,S - Sale,0.0048095017637713,1.4505101490950256,0.3217053623629608,0.09672934077984639,0.09588527741120291,0.1106657557123022,-0.1258054064788018,0.19589995588415898,traditional,,,,,,,,,,,,
PLTR,2025-02-13,S - Sale,0.0044087789221679,1.502774476808464,0.399441444281152,-0.022512744576897246,0.01781189026249165,-0.15525664341500306,-0.2225426320235775,0.17689881225757453,traditional,,,,,,,,,,,,
PLTR,2025-02-24,S - Sale+OE,0.005180246247727,1.506592563403101,0.15384014107721225,-0.1083116962709042,-0.1427302792246926,-0.14647632680469658,-0.06980317750324147,0.08403696357397075,traditional,,,,,,,,,,,,
PLTR,2025-02-24,S - Sale,0.005180246247727,1.506592563403101,0.15384014107721225,-0.1083116962709042,-0.1427302792246926,-0.14647632680469658,-0.06980317750324147,0.08403696357397075,traditional,,,,,,,,,,,,
PLTR,2025-03-05,S - Sale,0.005783531576968,1.5185625760613457,-0.28079230939138305,-0.033614356019382494,-0.04025690329651679,0.03963235122988281,0.0711901912330278,-0.20960211815835522,traditional,,,,,,,,,,,,
PLTR,2025-03-07,S - Sale,0.0066905611380019,1.6009776541917384,-0.29230238350811244,0.0373674523999922,0.0579484850937668,0.07039483602866552,0.05225132003605648,-0.2400510634720559,traditional,,,,,,,,,,,,
PLTR,2025-03-14,S - Sale+OE,0.0073219921299913,1.6188901395269764,-0.12520932059838807,0.0336192944043773,0.011152322775745804,0.0687875925202816,0.016882619174997303,-0.10832670142339078,traditional,,,,,,,,,,,,
PLTR,2025-03-19,S - Sale+OE,0.0074548577028705,1.5966643714916384,-0.009510941415801305,0.0092377364537936,0.0541730712590168,-0.015873586392725292,0.032772158164464105,0.0232612167486628,traditional,,,,,,,,,,,,
PLTR,2025-04-02,S - Sale+OE,0.0067514762033746,1.62800092134566,-0.055489223910956995,0.0582407321761805,0.0748666536166258,0.0671538560080269,0.13195321802755383,0.07646399411659695,traditional,,,,,,,,,,,,
PLTR,2025-04-03,S - Sale,0.0070167884572101,1.6541487975180096,-0.02477027508926151,0.022177880759886897,0.0871234674295044,0.054465038243394596,0.1425974670214495,0.11782719193218799,traditional,,,,,,,,,,,,
PLTR,2025-04-07,S - Sale,0.0068301355988035,1.7237480876999842,-0.024819551625058202,0.066745667598441,0.027747794031903604,0.10739341553182909,0.1498847852746384,0.1250652336495802,traditional,,,,,,,,,,,,
PLTR,2025-05-05,S - Sale,0.0077400808436797,1.8050819376164997,0.08411506446898678,-0.1110089101628584,-0.0807589350044075,-0.13735635873143728,-0.18526190430382178,-0.10114683983483497,traditional,,,,,,,,,,,,
PLTR,2025-05-12,P - Purchase,0.0078942331450333,1.7082346473931491,-0.0448417910620309,-0.026335697185380598,-0.0567153483110768,-0.1191160755052126,-0.09842469042669952,-0.14326648148873042,traditional,,,,,,,,,,,,
PLTR,2025-05-22,S - Sale+OE,0.0081997622934941,1.7088016361819622,-0.17080272315405987,0.0183371580830961,-0.031342797745227004,0.020331764270740793,0.020331764270740793,-0.15047095888331913,traditional,,,,,,,,,,,,
PLTR,2025-05-22,S - Sale,0.0081997622934941,1.7088016361819622,-0.17080272315405987,0.0183371580830961,-0.031342797745227004,0.020331764270740793,0.020331764270740793,-0.15047095888331913,traditional,,,,,,,,,,,,
PYPL,2025-02-28,S - Sale,0.0011219046442639,0.5922689819976134,-0.07169980547487718,-0.0062703347576148,-0.021490044753385697,-0.007986803606427095,-0.0020094758553996987,-0.0737092813302769,traditional,,,,,,,,,,,,
TSLA,2024-11-04,S - Sale+OE,-0.0011219660588845,1.6402125307738058,0.18824202831952064,-0.0049966578886257995,0.1821987229134422,0.17770166007016508,0.32070217663460876,0.5089442049541293,traditional,,,,,,,,,,,,
TSLA,2024-11-05,S - Sale+OE,-0.0012634615381821,1.6459580107902332,0.15253448148745546,0.1133987618335448,0.20057010462258762,0.265441581965269,0.2977767954110171,0.45031127689847267,traditional,,,,,,,,,,,,
TSLA,2024-11-13,S - Sale+OE,-0.0017193904029924,1.6041945604489296,0.40913678857343366,-0.034466584431909406,0.08211768349289889,0.1119337088218218,0.08132110701918178,0.49045789559261554,traditional,,,,,,,,,,,,
TSLA,2024-11-19,S - Sale+OE,-0.0018521153165302,1.6114003416982745,0.30772530418597877,-0.0013050409633036004,0.030265746151483097,-0.00015136115861510632,0.0921206122049,0.39984591639087863,traditional,,,,,,,,,,,,
TSLA,2024-12-04,S - Sale+OE,-0.0001339400914821,1.686708541997483,0.048340974245487604,0.0320587290975968,0.0839853561957447,0.1837522460981223,0.2418951858762086,0.2902361601216962,traditional,,,,,,,,,,,,
TSLA,2024-12-06,S - Sale+OE,0.0004237868967013,1.797640298073807,0.04547466569807089,0.038418973065536,0.1105494565971344,0.1857444220632552,0.1835231668883103,0.2289978325863812,traditional,,,,,,,,,,,,
TSLA,2024-12-09,S - Sale+OE,0.0004952235393392,1.799625929869615,0.03784072151925601,0.0448693837642016,0.1082702980964036,0.1616992660303712,0.1209996768856507,0.15884039840490669,traditional,,,,,,,,,,,,
TSLA,2025-01-08,S - Sale+OE,0.0021134767912973,1.8608521597623644,-0.13400781213577703,0.000388363662805,0.0548138160741163,0.053572879624732186,-0.038665534719022704,-0.1726733468547997,traditional,,,,,,,,,,,,
TSLA,2025-02-05,S - Sale+OE,0.0031845852398431,1.991912208679897,-0.1419964489825224,-0.06631040876232369,-0.12916452053864308,-0.1550222680265353,-0.2288888346114003,-0.3708852835939227,traditional,,,,,,,,,,,,
TSLA,2025-02-10,S - Sale,0.0032429105562625,1.987910491204445,-0.197454671818431,-0.1123171595280532,-0.0788196237771569,-0.0858990527470372,-0.17616180035580575,-0.37361647217423677,traditional,,,,,,,,,,,,
TSLA,2025-03-05,S - Sale+OE,0.0032390062808443,1.9587287915096905,-0.1061198011809408,-0.014218433644407402,-0.11332723457874519,-0.0365906638672306,0.0377135890659961,-0.0684062121149447,traditional,,,,,,,,,,,,
TSLA,2025-03-06,S - Sale+OE,0.0031576435317873,1.9593351980461555,-0.13599432353050306,-0.0280571846068011,-0.068694173070315,-0.0300461205860534,0.025826518157306324,-0.11016780537319677,traditional,,,,,,,,,,,,
TSLA,2025-03-12,S - Sale+OE,0.0029137849028985,1.980472910027856,-0.19111672346072947,0.0548879920986088,-0.017900067366304097,0.020515187611081398,0.12253992387022479,-0.06857679959050468,traditional,,,,,,,,,,,,
TSLA,2025-04-09,S - Sale+OE,0.001405937070397,2.1660895802441287,0.25699611020886615,-0.018813075132053398,-0.0802485563502216,-0.0574046271624008,-0.021287118218731294,0.23570899199013484,traditional,,,,,,,,,,,,
TSLA,2025-04-28,P - Purchase,0.0025069834833001,2.271028453967452,-0.06403714490592058,0.0095099795719468,-0.0804777050294503,-0.09194254307007849,-0.05484713725269119,-0.11888428215861183,traditional,,,,,,,,,,,,
TSLA,2025-05-01,S - Sale+OE,0.002963611965834,2.26907026493284,-0.0627419628420582,-0.0564852485174533,-0.06762526422779999,-0.025656301025110385,-0.048336484129220696,-0.1110784469712789,traditional,,,,,,,,,,,,
TSLA,2025-05-05,S - Sale+OE,0.0035358446991681,2.154445777931695,-0.051537231408769,-0.014128566149295101,0.0276706080627128,0.017004438547775003,0.028959007547301702,-0.02257822386146729,traditional,,,,,,,,,,,,
TSLA,2025-05-08,S - Sale+OE,0.0033837823063024,2.1246838264109003,-0.0834551016167223,0.0487064741640295,0.032042262559217494,0.04710355981755309,0.05747800708063119,-0.025977094536091087,traditional,,,,,,,,,,,,
TSLA,2025-05-13,S - Sale+OE,0.002926491620334,2.0284245179764886,-0.02168048820194505,0.0368624290150191,0.0310870165410803,0.0367462914746388,0.0078045634300390986,-0.013875924771905964,traditional,,,,,,,,,,,,
TSLA,2025-05-20,S - Sale+OE,0.0020217162365398,2.005730673391361,-0.05735177915943611,0.0101466166544876,0.0346412457653144,0.009777548364864,0.009777548364864,-0.0475742307945721,traditional,,,,,,,,,,,,
TSLA,2025-05-29,S - Sale+OE,0.0022422455584705,1.989264722335084,0.0761154937613229,-0.0349546834678316,-0.0349546834678316,-0.0349546834678316,-0.0349546834678316,0.04116081029349129,traditional,,,,,,,,,,,,
TXN,2024-11-08,S - Sale+OE,0.0001678980673488,0.9524397261111196,0.059189751303002004,0.0116175497837703,-0.0536761078587176,-0.024665613931610996,-0.0778435111704829,-0.018653759867480885,traditional,,,,,,,,,,,,
TXN,2024-11-08,S - Sale,0.0001678980673488,0.9524397261111196,0.059189751303002004,0.0116175497837703,-0.0536761078587176,-0.024665613931610996,-0.0778435111704829,-0.018653759867480885,traditional,,,,,,,,,,,,
TXN,2024-11-13,S - Sale+OE,1.2127113509465296e-05,0.9683304368087832,0.010017579188976396,-0.0231009094499122,-0.0008067509100257997,-0.0565375195821758,-0.0839512841618648,-0.0739337049728884,traditional,,,,,,,,,,,,
TXN,2024-11-26,S - Sale+OE,0.0002762535602165,0.9366081446691394,-0.02871190181696122,-0.0193801082495272,-0.0181676031013637,-0.0902698929244273,-0.1256734774132334,-0.1543853792301946,traditional,,,,,,,,,,,,
TXN,2025-02-05,S - Sale,-5.262198246767209e-05,0.9450741210775466,-0.08339507561321591,0.0084913052299549,-0.0039914778864527,-0.0036801929677738993,0.1355671130591476,0.05217203744593171,traditional,,,,,,,,,,,,
TXN,2025-02-19,S - Sale,-7.359584754333508e-05,0.9305333320413074,0.023575940749951195,0.09560338823335851,0.11163603746363791,0.10983053418738521,0.08327773891310032,0.10685367966305152,traditional,,,,,,,,,,,,
TXN,2025-02-20,S - Sale+OE,-2.1203651494816232e-05,0.932276586398209,0.049651778937106,0.0541846941631908,0.0681178041950411,0.0573130014029365,0.009945629520483303,0.059597408457589304,traditional,,,,,,,,,,,,
TXN,2025-02-25,S - Sale+OE,-0.0003135816134454,0.955673000079212,0.1301197917913526,-0.0014045761220148993,-0.0002814956001495998,0.0063578669418592,-0.027489509759270593,0.10263028203208198,traditional,,,,,,,,,,,,
TXN,2025-02-27,S - Sale+OE,-0.0003188678082204,0.8730510669688493,0.1168547557627986,0.0001837365810094995,0.0210929764122686,0.0040140985864553,-0.018436727925332498,0.0984180278374661,traditional,,,,,,,,,,,,
TXN,2025-03-03,S - Sale+OE,-9.227484486715436e-05,0.8658473622317617,0.1260001390767861,0.020240530476248398,0.0024501794023785994,-0.045961614305831205,-0.038563628030293805,0.0874365110464923,traditional,,,,,,,,,,,,
VZ,2025-01-29,S - Sale,0.000469870521676,-0.1530187706260024,0.051602417666576,-0.0244193688182471,-0.014665524713011198,-0.017931819686660896,0.016029833873321703,0.06763225153989771,traditional,,,,,,,,,,,,
VZ,2025-01-30,S - Sale,0.0004385268219402,-0.1503024842303966,0.04775936552016151,-0.0230494017645968,-0.012972250993636199,-0.013472665197579399,0.0399394891332048,0.0876988546533663,traditional,,,,,,,,,,,,
VZ,2025-01-31,S - Sale,0.0004496162626595,-0.1473337208556638,0.0420623392561839,-0.0028828257489605,0.0150434182977571,0.009399503006675799,0.07019414631666879,0.1122564855728527,traditional,,,,,,,,,,,,
VZ,2025-02-05,S - Sale,0.0005189284665096,-0.1554810015371745,0.037253662255867986,0.0033555941063623997,0.0019808106458393993,0.028239985248773598,0.08188739635470199,0.11914105861057,traditional,,,,,,,,,,,,
VZ,2025-02-06,S - Sale,0.0004280412196038,-0.1638831610544243,0.04412557350512081,-0.0084876616295089,0.006945371765783099,0.0211977031320509,0.0628310811363987,0.1069566546415195,traditional,,,,,,,,,,,,
VZ,2025-02-27,S - Sale,0.0004964443908973,-0.1684120309079901,0.066111270145579,-0.0047737676617947995,-0.015734494100244897,0.0551564536658036,0.003128247495870996,0.06923951764144998,traditional,,,,,,,,,,,,
VZ,2025-04-24,S - Sale,0.0006895735611454,-0.2410777467128847,-0.051144323072632406,-0.0101718497858489,0.014201384314886701,0.037969966067449,0.015938774970492904,-0.035205548102139515,traditional,,,,,,,,,,,,
VZ,2025-04-25,S - Sale+OE,0.0007496013148185,-0.2473707731567845,0.028728372352662204,-0.0186472956959948,0.030516314496033897,0.022248736334020993,0.0327873951899101,0.0615157675425723,traditional,,,,,,,,,,,,
VZ,2025-05-01,S - Sale,0.001013193936423,-0.2374467275096621,0.0300523654406146,-0.001935874353596401,0.0016552544804927984,-0.010448394811674401,-0.0022240631512924994,0.0278283022893221,traditional,,,,,,,,,,,,
VZ,2025-05-08,S - Sale,0.0004981194287148,-0.13960496476406,0.003718635286684,-0.0058745133152696,-0.0206771317109092,0.010680607504728297,-0.013045305982075001,-0.009326670695390997,traditional,,,,,,,,,,,,
VZ,2025-05-09,S - Sale+OE,0.000671254917426,-0.0675332066257388,-0.0111401480255038,-0.0006683193973415,-0.0273324481596635,0.016582849753589,-0.010362215653714892,-0.021502363679218702,traditional,,,,,,,,,,,,
AAPL,2024-11-19,S - Sale,,,-0.050007,0.0037123076923076,0.0042662861395126005,0.0229872861395126,0.029202136139512596,-0.02080486386048739,llm,mistral-small-3.2-24b,with_formula,0.000949,0.987654,0.0004425011001341,0.7746384139684408,-0.03290501096427519,-0.0037861375430925004,-0.0023912656111071996,0.0192033554020457,0.0349560034938249,0.0020509925295496972
AAPL,2024-12-18,S - Sale,,,0.006422999999999998,0.017739,0.019206000000000004,0.021701,-0.022997999999999998,-0.016575,llm,mistral-small-3.2-24b,with_formula,0.001122,0.850321,0.0004351126615368,0.729336515237182,0.0313894860706595,0.0114538796721506,0.017776365086237804,0.019318191780120002,-0.0282476050208757,0.0031418810497838012
AAPL,2025-02-04,S - Sale+OE,,,-0.037970000000000004,0.004528,-0.007854,0.033913,0.079123,0.041153,llm,mistral-small-3.2-24b,with_formula,0.001234,0.890123,0.0010994606000943,0.7481412529507987,-0.048282561522890205,0.005822908338586099,-0.010752067193812501,0.0382488031359968,0.07086435193017039,0.02258179040728018
AAPL,2025-04-03,S - Sale+OE,,,0.043429999999999996,-0.058704,-0.125101,-0.07329,-0.045179,-0.0017489999999999925,llm,mistral-small-3.2-24b,with_formula,0.001623,0.923456,0.0008252254212551,0.6571389218859174,0.0430620956656949,-0.0895469581532317,-0.1642785032225342,-0.08040748965258021,-0.05232696198612952,-0.009264866320434616
AAPL,2025-04-25,S - Sale,,,0.016611000000000008,-0.00812,-0.00033000000000000043,-0.087065,-0.09127823990516908,-0.07466723990516912,llm,mistral-small-3.2-24b,with_formula,0.001239,0.987654,0.0005910140175471,0.6803740488594671,0.037376674058906906,-0.0048205287568939,0.0062275022819333,-0.0760226757235221,-0.0636327551691587,-0.026256081110251787
AAPL,2025-05-14,S - Sale,,,-0.08033322222222222,-0.013328,-0.031988,-0.073996,-0.06577900000000002,-0.14611222222222217,llm,mistral-small-3.2-24b,with_formula,0.000923,0.987654,0.0001004232523448,0.931722145062702,-0.07867954221184599,-0.012185681384989199,-0.0300512217128339,-0.07323252615827411,-0.06397270803744831,-0.1426522502492943
ADBE,2024-12-10,S - Sale,,,0.054825000000000006,-0.010134,-0.161146,-0.183342726,-0.182443726,-0.12761872600000002,llm,mistral-small-3.2-24b,with_formula,0.000312,0.987654,-0.0018593717174123,0.8305695870802862,0.08587211177714349,-0.0052085028903178995,-0.1527742457531145,-0.1689202484004443,-0.15925872101235905,-0.07338660923521549
ADBE,2025-01-28,S - Sale+OE,,,0.040155,-0.006526,-0.016292,-0.021644,0.012198000000000004,0.05235299999999999,llm,mistral-small-3.2-24b,with_formula,0.0006306532012109,0.9200141282200622,-0.0018593413402468,0.8706723718361598,0.06613554335138849,-0.0024005980866991005,-0.007861026299652199,-0.0041803080013606,0.044531901212282496,0.110667444563671
ADBE,2025-01-30,P - Purchase,,,0.049833999999999996,-0.009241999999999998,-0.004851999999999999,-0.014945,0.014637825634351911,0.06447182563435191,llm,mistral-small-3.2-24b,with_formula,0.000729,0.9562,-0.0018656451325165,0.8537523747991954,0.06884842313476248,-0.0054519096137904,0.0033300231266415996,-0.0018250195860237007,0.04307010791423431,0.1119185310489968
ADBE,2025-03-21,P - Purchase,,,-0.047898,-0.011118,0.009476,0.00643,-0.038231999999999995,-0.08613,llm,mistral-small-3.2-24b,with_formula,0.000907,0.982345,-0.0008857861317949,0.7252068744365043,-0.04911422916658338,-0.0089342573852582,0.0161252399239736,0.007039125457790797,-0.040341398066935,-0.08945562723351837
ADBE,2025-05-06,S - Sale,,,0.018503,0.014664,-0.0015859999999999993,0.014929,0.014237000000000001,0.032740000000000005,llm,mistral-small-3.2-24b,with_formula,0.001122,0.923456,-0.0012785028093136,0.781771273072353,0.0540698356584474,0.01742057600197,0.0071759533093413005,0.0444525244706918,0.0475837929950531,0.1016536286535005
ADI,2024-11-04,S - Sale,,,-0.0433437,-0.04552,-0.050008,-0.101464,-0.087716,-0.13105970000000003,llm,mistral-small-3.2-24b,with_formula,0.000923,0.923456,-0.0002398212538514,1.2014812332581266,-0.025471965441898305,-0.047817197033040604,-0.0639233711655606,-0.11294204551365442,-0.09369738613642901,-0.11916935157832728
ADI,2024-11-05,S - Sale+OE,,,-0.004677782222940699,-0.030848999999999998,-0.04805827471108,-0.1058359334788716,-0.046346258710261885,-0.05102404093320257,llm,mistral-small-3.2-24b,with_formula,0.0006307004591413,0.920010730920041,-0.0001955977651487,1.198428871378849,0.004630372553348899,-0.041713681973973,-0.0623849281215713,-0.11235013392049169,-0.05378394365792548,-0.049153571104576604
ADI,2024-12-12,S - Sale+OE,,,-0.032647999999999996,0.0021010000000000004,-0.019835,-0.0031190000000000002,0.011896,-0.020752000000000007,llm,mistral-small-3.2-24b,with_formula,0.000823,0.952411,-0.000478999688521,1.1572532647826128,-0.03645270837773319,0.004861994790760601,-0.0177116568742746,0.0052076792784977,0.026891929035087497,-0.009560779342645693
ADI,2025-01-03,S - Sale+OE,,,0.014305936170213897,0.00167,0.030989000000000003,0.016994000000000002,0.03581000000000001,0.0501159361702139,llm,mistral-small-3.2-24b,with_formula,0.001234,0.987654,-0.0002250779267932,1.179760474693016,0.016750954994884198,-0.0016129993500772,0.0309870985894172,0.021301619392143402,0.0345901330158594,0.05134108801074361
ADI,2025-02-27,S - Sale+OE,,,0.15332755988845434,-0.002666,0.013973,0.017266,-0.02926503570035649,0.12406252418809778,llm,mistral-small-3.2-24b,with_formula,0.000923,0.923456,-0.0005780058703118,1.1065385358478537,0.17077989908498967,-0.0006511362514875999,0.020983343016522202,0.026804884085393103,-0.013828590616719302,0.1569513084682704
ADI,2025-03-05,S - Sale+OE,,,0.173641,-0.003365,-0.0014870000000000005,-0.051971,-0.054758999999999995,0.11888199999999999,llm,mistral-small-3.2-24b,with_formula,0.0006307692307692,0.92027397260274,-0.000566606646969,1.1155738839800518,0.1950710112835107,-0.0007719023882768999,0.008515617052737,-0.0423198013110759,-0.04699937585116719,0.14807163543234347
ADI,2025-03-06,S - Sale,,,0.332374,0.0064860000000000004,-0.0681,-0.104764,-0.10143399999999998,0.23094,llm,mistral-small-3.2-24b,with_formula,0.000630652,0.980606,-0.0006366726852744,1.1127151142887726,0.3805282179156468,0.0142494073987348,-0.041485595243577,-0.08147621765232319,-0.07156418963199618,0.30896402828365055
ADI,2025-03-06,S - Sale+OE,,,0.332374,0.0064860000000000004,-0.0681,-0.104764,-0.10143399999999998,0.23094,llm,mistral-small-3.2-24b,with_formula,0.000630652,0.980606,-0.0006366726852744,1.1127151142887726,0.3805282179156468,0.0142494073987348,-0.041485595243577,-0.08147621765232319,-0.07156418963199618,0.30896402828365055
ADI,2025-03-12,S - Sale,,,-0.008362000000000001,-0.017811,-0.008325999999999998,-0.044584,-0.055483000000000005,-0.063845,llm,mistral-small-3.2-24b,with_formula,0.002133,0.9506,-0.0006787699741999,1.103140139903158,0.024376560545451592,-0.0158992953304539,-0.008366194838450202,-0.039119464197360496,-0.03870667984670599,-0.014330119301254395
ADI,2025-03-13,S - Sale,,,-0.037460999999999994,0.004173,0.020196,-0.019880000000000002,-0.037485,-0.074946,llm,mistral-small-3.2-24b,with_formula,0.001234,0.987654,-0.0008612116476176,1.103706727104452,-0.012304139929278798,0.005192918482831299,0.0245283334017323,-0.013325237441206401,-0.018266282767983203,-0.030570422697261984
ADI,2025-03-20,S - Sale,,,-0.015314000000000001,-0.029945,-0.012235999999999999,-0.019097,-0.018464999999999995,-0.03377899999999999,llm,mistral-small-3.2-24b,with_formula,0.001234,0.987654,-7.203271318789338e-05,1.1105863548844206,-0.009846522341476304,-0.028625125102278402,-0.014143164763436602,-0.012518890034813102,-0.010445803421490187,-0.020292325762966475
ADI,2025-03-26,S - Sale,,,-0.05516500000000001,0.0025810000000000004,-0.004482000000000001,-0.102119,-0.071668,-0.126833,llm,mistral-small-3.2-24b,with_formula,0.001234,0.987654,0.000103559921262,1.1014758618851546,-0.055352021273681405,0.006281482482304901,0.002566182593394101,-0.08119929003992031,-0.0671480410961702,-0.12250006236985159
ADI,2025-04-02,S - Sale+OE,,,-0.024905295652174003,-0.045732,-0.042832999999999996,-0.04753999999999999,-0.028529,-0.053434295652174,llm,mistral-small-3.2-24b,with_formula,0.000732,0.923456,8.800346985695382e-06,1.096278722158024,-0.0238767158679813,-0.0357712154987298,-0.02215827829467821,-0.04250131248813621,-0.01894758987623901,-0.04282430574422029
ADI,2025-04-17,S - Sale,,,-0.07082799999999999,0.003076,0.014328999999999998,0.038048,0.041091,-0.029736999999999996,llm,mistral-small-3.2-24b,with_formula,0.001234,0.987654,-0.0005597414640808,1.0864552526242974,-0.051695529610303485,0.0038721713992996,0.016106216336146503,0.0358449929142884,0.045449607467020106,-0.006245922143283376
ADI,2025-05-02,S - Sale+OE,,,-0.026494000000000004,0.011189,0.030535,0.090026,0.027594,0.0010999999999999899,llm,mistral-small-3.2-24b,with_formula,0.001123,0.987654,-0.0005787091611489,1.0964801958421453,0.023648758743499504,0.0090826826742306,0.032128912923059694,0.08771258225629819,0.029125000701643103,0.05277375944514259
ADI,2025-05-08,S - Sale,,,0.04255400000000001,0.027372999999999998,0.05978699999999999,0.05167499999999999,0.007878,0.050432000000000005,llm,mistral-small-3.2-24b,with_formula,0.000923,0.987654,-0.0005252447905012,1.1745278117794486,0.03345411247035677,0.026355902472089597,0.048590959540915,0.0396611304004549,-0.0006616758462349071,0.03279243662412187
ADP,2024-11-08,S - Sale+OE,,,-0.012923,-0.001252,0.006542,-0.0020139999999999993,0.010800999999999998,-0.002121999999999998,llm,mistral-small-3.2-24b,with_formula,0.000932,0.9206,0.0011140914110052,0.0908055485792724,0.024039262698088804,-0.0015894348663942,0.0044113267678286,-0.0283440874164857,-0.007305892249814906,0.016733370448273895
ADP,2025-01-03,S - Sale,,,-0.007430783150183204,-0.0103165959595959,-0.0024055959595959044,0.006019404040404096,-0.019534316614950004,-0.026965099765133206,llm,mistral-small-3.2-24b,with_formula,0.000923,0.852131,0.0008400829577889,0.1815273931299116,-0.02801310273380335,0.0029935209632175,0.0026439684633012012,-0.0009713766045654978,0.0033212171775636023,-0.02469188555623975
ADP,2025-01-06,S - Sale+OE,,,0.003173942694837199,-0.007955999999999998,0.012708,0.030878000000000003,-0.020117999999999997,-0.016944057305162796,llm,mistral-small-3.2-24b,with_formula,0.001234,0.987654,0.0008207639371022,0.1802421625368365,-0.04379721595663456,-0.023362326087768205,-0.030905734732241803,0.023738530401608404,0.010112380235354605,-0.03368483572127994
ADP,2025-01-06,S - Sale,,,0.003173942694837199,-0.007955999999999998,0.012708,0.030878000000000003,-0.020117999999999997,-0.016944057305162796,llm,mistral-small-3.2-24b,with_formula,0.001234,0.987654,0.0008207639371022,0.1802421625368365,-0.04379721595663456,-0.023362326087768205,-0.030905734732241803,0.023738530401608404,0.010112380235354605,-0.03368483572127994
ADP,2025-01-07,S - Sale+OE,,,-0.0318569350929872,0.032915,0.031582,0.035206,0.0555747967705645,0.023717861677577307,llm,mistral-small-3.2-24b,with_formula,0.001123,0.890214,0.0007706379815011,0.1815537928255725,-0.035552127428043895,0.0185138313923551,0.0034331048840018016,0.027263165023559903,0.0394071663601346,0.0038550389320907066
ADP,2025-01-08,S - Sale+OE,,,-0.013809000000000002,0.01163,0.019949,0.012453000000000006,0.007822000000000003,-0.005987000000000006,llm,mistral-small-3.2-24b,with_formula,0.001123,0.987654,0.0008135899602861,0.1866137777061493,-0.010791752330327262,0.0113912148506022,0.0079312156624314,0.019840685180558294,0.021118125128289998,0.010326372797962738
ADP,2025-01-14,S - Sale+OE,,,0.022546999999999994,0.012412,0.016369999999999996,0.0017069999999999967,0.05682299999999999,0.07937,llm,mistral-small-3.2-24b,with_formula,0.000923,0.952131,0.0008125625202409,0.1858538523907708,-0.02088866657047563,0.0051384842677291995,0.011935202678063899,0.008772798608285198,0.0431268882790894,0.02223822170861377
ADP,2025-01-15,S - Sale+OE,,,0.0298508245676979,0.001651999999999999,-0.009891,-0.020678000000000002,0.011135752107892093,0.040986576675590004,llm,mistral-small-3.2-24b,with_formula,0.000636,0.850612,0.0007728210159063,0.1880433314052355,-0.015555539840433204,0.0110200022717547,0.0072397735619308,0.004200226550058699,0.026916752408793602,0.0113612125683604
ADP,2025-02-04,S - Sale,,,0.062373576923077004,-0.026666000000000002,-0.024914000000000002,-0.0636669404122182,0.0361070595877818,0.09848063651085881,llm,mistral-small-3.2-24b,with_formula,0.000932,0.923456,0.0008260607799866,0.2148028226875303,0.0752833904126258,-0.004348866261568402,-0.018094486213003403,-0.022955662079998204,0.011124720976966252,0.08640811138959205
ADP,2025-02-04,S - Sale+OE,,,0.062373576923077004,-0.026666000000000002,-0.024914000000000002,-0.0636669404122182,0.0361070595877818,0.09848063651085881,llm,mistral-small-3.2-24b,with_formula,0.000932,0.923456,0.0008260607799866,0.2148028226875303,0.0752833904126258,-0.004348866261568402,-0.018094486213003403,-0.022955662079998204,0.011124720976966252,0.08640811138959205
ADP,2025-02-12,S - Sale+OE,,,0.041346,-0.001093,-0.013317,0.017435,0.084253,0.125599,llm,mistral-small-3.2-24b,with_formula,0.001234,0.987654,0.0008050201001712,0.2026396639181168,0.0239615746699225,0.0097648331908543,0.0014628862499127,0.0118650937414518,0.028196454852842494,0.052158029522765006
ADP,2025-03-12,S - Sale+OE,,,0.064479,0.0006389999999999998,-0.0013200000000000017,-0.004498000000000001,0.0496423170985092,0.1141213170985092,llm,mistral-small-3.2-24b,with_formula,0.000932,0.9502,0.0010339978666491,0.1537667070193839,-0.060518811457282704,-0.0073205434071599,0.012165878611658399,0.004029525421488201,0.03727351727635167,-0.023245294180931037
ADP,2025-04-02,S - Sale,,,0.016414999999999992,0.039099,0.015349000000000002,0.011139000000000003,0.008712000000000001,0.025127000000000017,llm,mistral-small-3.2-24b,with_formula,0.001123,0.852142,0.0012501425728384,0.1720446220129814,0.031380090274796,0.0025390855888588,-0.070350240394443,-0.023113059342454098,-0.047857308061574594,-0.016477217786778593
ADP,2025-04-14,S - Sale+OE,,,0.07966147306230059,-0.010828,0.004563999999999999,-0.040085027656039204,-0.05394302765603921,0.02571844540626141,llm,mistral-small-3.2-24b,with_formula,0.000630653,0.920696,0.0008869909252588,0.2109410912409068,0.009883702623591398,-0.0078823976774056,-0.0189937508737844,-0.0287841030769187,-0.013379545534752802,-0.003495842911161397
ADP,2025-05-14,S - Sale+OE,,,-0.006676000000000001,0.016484608092928,0.0332493858707057,0.051295385870705694,0.0470933858707057,0.0404173858707057,llm,mistral-small-3.2-24b,with_formula,0.000923,0.9506,0.001381899129935,0.3657782927727088,-0.018092632797406603,0.020036758211994167,0.037684852417773765,0.03551652929681946,0.03644876646175956,0.018356133664352965
AMAT,2025-02-25,S - Sale,,,-0.03360199999999999,0.010308,-0.03968000000000001,-0.020255000000000006,-0.0019080000000000026,-0.03550999999999997,llm,mistral-small-3.2-24b,with_formula,0.000923,0.982636,-0.0020130867527665,1.6967673915005976,0.006867042230233204,0.0225554475141124,-0.0152219845112237,0.0393685178864262,0.08584739419083791,0.0927144364210711
AMAT,2025-04-03,S - Sale,,,-0.031103999999999996,-0.030034,0.0072790000000000025,0.041483000000000006,0.0318959568945494,0.0007919568945494084,llm,mistral-small-3.2-24b,with_formula,0.000923,0.987654,-0.0022061362452214,1.659021151458678,-0.013007406722115,0.0539246572889327,0.1095405306167125,0.0844855349585698,0.09197671980819971,0.07896931308608471
AMAT,2025-04-07,P - Purchase,,,-0.0686972151147068,0.037509,0.073044,0.044397,0.080861,0.012163784885293205,llm,mistral-small-3.2-24b,with_formula,0.001123,0.987654,-0.0019281652631331,1.6432305032479673,0.042140744463049606,0.0547362253977849,0.030412649495071598,0.0292506816175713,0.029104008755352802,0.0712447532184024
AMZN,2024-11-05,S - Sale,,,0.048887,0.014011,0.004215,0.009318,-0.015539999999999998,0.033346999999999995,llm,mistral-small-3.2-24b,with_formula,0.000318,0.9876,-8.967525249826698e-05,1.0960506534042356,0.0539116976931777,0.0092451114207671,-0.0026822144634067995,0.006724969992667702,-0.0196755891522681,0.034236108540909596
AMZN,2024-11-06,S - Sale,,,0.0523,0.009875,-0.006082,0.0030399999999999993,0.0024859999999999917,0.05478599999999999,llm,mistral-small-3.2-24b,with_formula,0.000318,0.952341,-0.00014474798893,1.0969404338022886,0.065396889096667,0.0037219896749143,-0.0129951894048904,0.0036889123990711016,0.0026880519163217063,0.0680849410129887
AMZN,2024-11-08,S - Sale,,,0.066761,-0.009503,0.021277,-0.016316999999999998,-0.012556,0.054204999999999996,llm,mistral-small-3.2-24b,with_formula,0.00063,0.950214,-3.298659084212738e-05,1.09893926153048,0.06328149493961759,-0.0098573726521123,0.0218502312013307,-0.011671268303272303,-0.006120455699431001,0.05716103924018659
AMZN,2024-11-12,S - Sale,,,0.038446,0.03662,0.008784,-0.036250248866255295,0.008035751133744704,0.0464817511337447,llm,mistral-small-3.2-24b,with_formula,0.000923,0.950214,-3.0135860190326505e-05,1.0959023575831548,0.04795152939687749,0.0387775556903185,0.0161921208566149,-0.0296071854869651,0.015167313310488,0.06311884270736548
AMZN,2024-11-14,S - Sale,,,0.096688,-0.026178,-0.03246,-0.070941,-0.0070363333333334065,0.0896516666666666,llm,mistral-small-3.2-24b,with_formula,0.000318,0.987654,1.3182341998795367e-05,1.0895095875790244,0.0940560045343482,-0.022856020288518297,-0.030804719622588097,-0.0687616746373089,-0.007564395729630996,0.0864916088047172
AMZN,2024-11-19,S - Sale+OE,,,0.04456299999999999,-0.0033350000000000003,-0.034435,-0.0008519999999999986,0.052045,0.09660799999999999,llm,mistral-small-3.2-24b,with_formula,0.000949,0.987654,8.364982738990077e-05,1.088706285186431,0.05302579463263611,-0.0043075753694717,-0.035159535379174,0.006240030366467801,0.0613751173754943,0.11440091200813039
AMZN,2024-11-25,S - Sale,,,-0.09379799999999999,0.08730199999999999,0.080622,0.139758,0.16992000000000002,0.076122,llm,mistral-small-3.2-24b,with_formula,0.000923,0.952143,-8.377902380529245e-05,1.0913211247960366,-0.0772949622739468,0.08834342930570979,0.08407946687264659,0.1495478183729592,0.18829100215833702,0.11099603988439019
AMZN,2024-11-25,S - Sale+OE,,,-0.09379799999999999,0.08730199999999999,0.080622,0.139758,0.16992000000000002,0.076122,llm,mistral-small-3.2-24b,with_formula,0.000923,0.952143,-8.377902380529245e-05,1.0913211247960366,-0.0772949622739468,0.08834342930570979,0.08407946687264659,0.1495478183729592,0.18829100215833702,0.11099603988439019
AMZN,2024-12-04,S - Sale,,,-0.013959620941197803,0.020165,0.043428999999999995,0.040417999999999996,0.04263796896913859,0.0286783480279408,llm,mistral-small-3.2-24b,with_formula,0.000318,0.9826,0.0002872084069816,1.1110327724516953,-0.019298831916037998,0.019959263320561,0.042515215357842,0.0368750646612996,0.036664252432548,0.017365420516510004
AMZN,2024-12-06,S - Sale,,,0.026014000000000002,0.02078,0.026374,0.031661,0.010574,0.036587999999999996,llm,mistral-small-3.2-24b,with_formula,0.000923,0.923456,0.0003412775078467,1.117893010884488,0.0223755315464384,0.0199883994507882,0.023364251517457697,0.0263519489402715,0.0074080459637946,0.029783577510233007
AMZN,2024-12-11,S - Sale,,,0.0651799534412956,0.006623,0.0107143209874712,0.004748320987471201,-0.0069176790125287995,0.0582622744287668,llm,mistral-small-3.2-24b,with_formula,0.000635,0.987654,0.0001544737539333,1.1186488370759489,0.0616363947254048,0.0049038158187572,0.006830371230645199,0.005500530748528701,-0.005263253045285998,0.05637314168011879
AMZN,2025-02-14,S - Sale,,,-0.021270999999999998,-0.011221,-0.021765,-0.045928,-0.04081599999999999,-0.062087,llm,mistral-small-3.2-24b,with_formula,0.000923,0.987654,0.0001829872401593,1.1052370006717729,-0.020681399855139504,-0.0120145748704271,-0.0229721404626849,-0.0433383052761698,-0.030353799267572694,-0.051035199122712205
AMZN,2025-02-19,S - Sale+OE,,,-0.06258799999999999,-0.012922,-0.025903999999999996,-0.005370999999999997,-0.007140000000000006,-0.06972800000000001,llm,mistral-small-3.2-24b,with_formula,0.000318,0.987654,0.0001447516687707,1.1128479663492872,-0.0683680376306968,-0.0125472186177064,-0.021021601085717198,0.0018622784183255012,0.010744778553497897,-0.05762325907719888
AMZN,2025-02-25,S - Sale,,,-0.217378,0.037075000000000004,0.04053,-0.022709,-0.020787505000000005,-0.238165505,llm,mistral-small-3.2-24b,with_formula,0.000318,0.9826,0.000129518397333,1.1117942081837322,-0.2167372742627346,0.039222067551959,0.0458423383426708,-0.0026711697907267993,0.00693475127015499,-0.20980252299257962
AMZN,2025-02-25,S - Sale+OE,,,-0.217378,0.037075000000000004,0.04053,-0.022709,-0.020787505000000005,-0.238165505,llm,mistral-small-3.2-24b,with_formula,0.000318,0.9826,0.000129518397333,1.1117942081837322,-0.2167372742627346,0.039222067551959,0.0458423383426708,-0.0026711697907267993,0.00693475127015499,-0.20980252299257962
AMZN,2025-03-05,S - Sale,,,-0.04546,-0.0026449999999999998,-0.0007721231550949989,0.009070876844905002,0.019937876844905004,-0.025522123155094986,llm,mistral-small-3.2-24b,with_formula,0.000318,0.956,0.0003057059741336,1.0662536629230084,-0.043097987528535,-0.0028167590723454,0.0008697488314667028,-0.00026109573064229865,0.005831855099895401,-0.037266132428639596
AMZN,2025-04-03,S - Sale,,,-0.0055309999999999995,-0.014952,0.003925000000000001,-0.005959999999999998,-0.0246983013092802,-0.030229301309280195,llm,mistral-small-3.2-24b,with_formula,0.000923,0.987654,9.876834369629328e-05,1.077334626623379,-0.007821429058022598,-0.004553273431374502,0.015999972105232296,-0.0028820643561394037,-0.0248331604887304,-0.032654589546753
AMZN,2025-05-05,S - Sale,,,-0.02222,-0.010412000000000001,0.018001779230769198,0.020416779230769202,0.018292384423085003,-0.003927615576915,llm,mistral-small-3.2-24b,with_formula,0.000923,0.987654,0.000324513130931,1.1333352116379976,-0.0352886144434257,-0.0087139201390708,0.017976736741394,0.007344852099500095,0.007346181357693793,-0.0279424330857319
AMZN,2025-05-14,S - Sale,,,0.032972088093279596,-0.035246,-0.03830603337587249,-0.040049033375872484,-0.04028303337587249,-0.0073109452825928815,llm,mistral-small-3.2-24b,with_formula,0.000923,0.987654,8.516349924708852e-05,1.074911677207732,0.020384476974499802,-0.0354252634115163,-0.0365755275787142,-0.0351356745506229,-0.03706523827614447,-0.016680761301644666
AMZN,2025-05-19,S - Sale+OE,,,-0.0071719999999999996,-0.0042592421204325995,0.0010307578795674009,0.000780757879567401,0.000834757879567401,-0.006337242120432601,llm,mistral-small-3.2-24b,with_formula,0.000923,0.980612,-8.04758410865299e-05,1.068769422787029,-0.012622092446786502,-0.0034005010087682,0.0045589811961202,0.0032289936693016,0.0034161873397698,-0.009205905107016696
AMZN,2025-05-23,S - Sale+OE,,,0.019257000000000003,-0.000909,-0.001494,-0.0008680000000000001,-0.0008680000000000001,0.018389,llm,mistral-small-3.2-24b,with_formula,0.000312,0.987654,0.0001356763184093,1.0833673767741463,0.01204767097624599,0.0002673448174792,-0.0024550483136165,-0.002035266626179951,-0.002035266626179951,0.010012404350066055
ANET,2024-11-05,S - Sale+OE,,,0.004034860023081894,0.05449,-0.08144799999999999,-0.15278599999999998,-0.061865072902762774,-0.0578302128796809,llm,mistral-small-3.2-24b,with_formula,0.000630652,0.987654321,0.0012580892473757,1.680381332307861,0.004373214097355194,-0.0114253433029828,-0.1746166534721288,-0.21375623400309882,-0.1604689731063482,-0.15609575900899297
ANET,2024-11-05,S - Sale,,,0.004034860023081894,0.05449,-0.08144799999999999,-0.15278599999999998,-0.061865072902762774,-0.0578302128796809,llm,mistral-small-3.2-24b,with_formula,0.000630652,0.987654321,0.0012580892473757,1.680381332307861,0.004373214097355194,-0.0114253433029828,-0.1746166534721288,-0.21375623400309882,-0.1604689731063482,-0.15609575900899297
ANET,2024-11-06,S - Sale+OE,,,-0.011431092000000007,0.021459,-0.058827000000000004,-0.087269,-0.03103999999999999,-0.04247109199999998,llm,mistral-small-3.2-24b,with_formula,0.000842,0.912356,0.0011803450989071,1.6828953727050893,-0.025137586337645696,-0.0142887186691086,-0.0979732240223102,-0.107007712511964,-0.07013866135684022,-0.09527624769448591
ANET,2024-11-08,S - Sale,,,0.021493239973602397,-0.071806,-0.08339700000000001,-0.12467800000000001,-0.0562450265567273,-0.034751786583124895,llm,mistral-small-3.2-24b,with_formula,0.000312,0.987654,0.0012599988364086,1.6890345906805542,-0.0172201414962629,-0.073702743728144,-0.0858300881235829,-0.1148373415899809,-0.0628830038760469,-0.08010314537230978
ANET,2024-11-25,S - Sale,,,-0.019598,-0.004950999999999999,-0.014773999999999997,0.007088000000000002,0.04322100000000001,0.023623,llm,mistral-small-3.2-24b,with_formula,0.000923,0.987654,0.0007418317266119,1.670769113514273,-0.050156336509699,-0.011549311712256299,-0.022954744500368496,-0.0155769294315099,0.012977925014904801,-0.037178411494794214
ANET,2024-12-04,S - Sale,,,0.03417068,0.018005,0.0071670000000000015,0.057471999999999995,0.07447266764588,0.10864334764587999,llm,mistral-small-3.2-24b,with_formula,0.000923,0.923456,0.0008333655412808,1.6487746930001688,0.018205408091572495,0.010526282798978201,-0.002504232176587299,0.0387884207167859,0.045730363766910795,0.06393577185848333
ANET,2024-12-10,S - Sale+OE,,,0.069517,-0.00419,0.048659999999999995,0.06696,0.05834500000000001,0.127862,llm,mistral-small-3.2-24b,with_formula,0.000765,0.952341,0.0005252028470818,1.6441868698638324,0.0470157800475954,-0.0133455950039247,0.0425700902301404,0.0747724894706233,0.0670386012247638,0.1140543812723592
ANET,2024-12-11,S - Sale,,,0.054138,0.008209000000000001,0.083187,0.08099200000000001,0.07282400000000001,0.12696200000000002,llm,mistral-small-3.2-24b,with_formula,0.000765,0.923456,0.0004507379127048,1.6452940376477665,0.028834919657731006,0.0010073272393725007,0.066110166170998,0.0825422253567657,0.08133952637804469,0.1101744460357757
ANET,2025-01-06,S - Sale,,,0.014524000000000007,0.007956000000000001,0.015165000000000001,0.039043,0.100585,0.11510899999999999,llm,mistral-small-3.2-24b,with_formula,0.000630653,0.987654321,0.0007781428068155,1.6177593805759165,0.025038528980805694,0.010746735106136,0.028214251997365998,0.042822542298365504,0.0796330615139486,0.10467159049475429
ANET,2025-01-08,S - Sale+OE,,,0.057955,0.001706,-0.0041730000000000005,0.031641,-0.058759,-0.0008039999999999922,llm,mistral-small-3.2-24b,with_formula,0.000765,0.950321,0.0009059650755034,1.6048969621809726,0.046978858532792295,0.0018915171030887,0.007380046180152901,0.021489715491605003,-0.07855630273546968,-0.03157744420267738
ANET,2025-01-23,S - Sale,,,0.11454800000000001,-0.0027729999999999994,-0.15225899999999998,-0.068861,-0.11556199999999997,-0.0010139999999999663,llm,mistral-small-3.2-24b,with_formula,0.000869,0.9006,0.0008693687630442,1.5962104543537283,0.0826133960595147,-0.002370535096185701,-0.1487367553116434,-0.06270984814120709,-0.11791192414440022,-0.03529852808488551
ANET,2025-02-05,S - Sale,,,-0.005936999999999985,0.018994999999999998,0.064232,-0.066764,-0.15300599999999998,-0.15894299999999997,llm,mistral-small-3.2-24b,with_formula,0.000923,0.987654,0.0010858703999143,1.567163581687534,-0.02428512875388511,0.0131602525166698,0.0595516997233771,-0.0846943477378875,-0.1459962703132183,-0.1702813990671034
ANET,2025-02-10,S - Sale+OE,,,0.028859000000000006,-0.019543576,-0.125987576,-0.152886576,-0.199413576,-0.17055457600000004,llm,mistral-small-3.2-24b,with_formula,0.000602,0.980612,0.0009524262913552,1.5675948979603551,0.01773315962563132,-0.0249715325105345,-0.1451409162393363,-0.17305336896257123,-0.19054205092208584,-0.17280889129645455
ANET,2025-02-18,S - Sale,,,-0.009246550421496004,-0.02652199999999999,-0.05465799999999999,-0.07171999999999999,-0.173203,-0.18244955042149602,llm,mistral-small-3.2-24b,with_formula,0.0003205626847582,0.9806602217237016,0.0012455236797628,1.5261529243692966,-0.030488578725396703,-0.029819905700143007,-0.04598079465184911,-0.05051512334580201,-0.1198479897531541,-0.1503365684785508
ANET,2025-02-21,S - Sale,,,-0.126,-0.027553,-0.024163000000000004,-0.099851,-0.11534218504784843,-0.24134218504784835,llm,mistral-small-3.2-24b,with_formula,0.000739,0.9502,0.0014832938683011,1.5274384913152723,-0.14704868536514282,-0.0172655677926525,-0.0037948256525714985,-0.0598002307638552,-0.0509202604920852,-0.19796894585722805
ANET,2025-02-25,S - Sale,,,-0.165204,0.0494474422121532,0.026927442212153197,-0.0457135577878468,-0.0013215577878467923,-0.16652555778784678,llm,mistral-small-3.2-24b,with_formula,0.000602,0.980611,0.0014339550817876,1.5215197676418115,-0.173488072012095,0.0535104721855432,0.0343916347661402,-0.026269536716284705,0.020126647527642094,-0.1533614244844529
ANET,2025-02-26,S - Sale,,,-0.17459732110000004,0.012553999999999996,-0.037434,-0.06107900000000001,-0.013166000000000004,-0.18776332110000002,llm,mistral-small-3.2-24b,with_formula,0.000387,0.987654,0.0004391535434142,1.715264307228406,-0.1566802656556982,0.0302260771777342,-0.012921452845542502,-0.03110169980960657,0.04112297601566793,-0.11555728964003026
ANET,2025-02-28,S - Sale,,,-0.20014944899999998,2.9e-05,-0.039304000000000006,-0.103661,-0.048456366,-0.248605815,llm,mistral-small-3.2-24b,with_formula,0.000312,0.987654,0.0007091845719991,1.7262914563369145,-0.1689824841228354,-0.0127396880856385,-0.0429414976823898,-0.0639800282043021,-0.024053513834983997,-0.1930359979578194
ANET,2025-03-05,S - Sale,,,-0.169768,-0.000614,-0.050339999999999996,0.009894,0.024509,-0.14525899999999997,llm,mistral-small-3.2-24b,with_formula,0.000306,0.9806,0.0013009134471699,1.6978105656907598,-0.1342130144086438,0.0040652757537106,-0.0237460840406784,0.017552655603783905,0.0007709490807934049,-0.13344206532785038
ANET,2025-03-10,S - Sale+OE,,,-0.14709699999999998,-0.009561,0.027782,0.025876000000000003,-0.013483,-0.16058000000000003,llm,mistral-small-3.2-24b,with_formula,0.001123,0.987654,0.0013205226864556,1.684160252502969,-0.0962618407054132,0.0185012264145064,0.0379229302535265,0.032080109107575694,-0.00046435149570481227,-0.096726192201118
ANET,2025-04-03,S - Sale,,,-0.010839369000000007,-0.091295,0.006187999999999999,-0.032231,-0.056858,-0.067697369,llm,mistral-small-3.2-24b,with_formula,0.001234,0.987654,-0.0001358442261905,1.737299954299239,-0.0246597038239473,-0.0026971917852929,0.11173260372218369,-0.010357541240212313,-0.03480416657096441,-0.059463870394911716
ANET,2025-04-09,S - Sale+OE,,,-0.06952600000000002,-0.056336,-0.0811052177871148,-0.0848642177871148,0.0334517822128852,-0.03607421778711478,llm,mistral-small-3.2-24b,with_formula,0.000312,0.987654,7.902226181319525e-05,1.7279334903432728,0.1487903075723552,-0.17290437825439942,-0.2405646737198176,-0.19452607316475917,-0.1804234316572274,-0.03163312408487221
ANET,2025-04-09,S - Sale,,,-0.06952600000000002,-0.056336,-0.0811052177871148,-0.0848642177871148,0.0334517822128852,-0.03607421778711478,llm,mistral-small-3.2-24b,with_formula,0.000312,0.987654,7.902226181319525e-05,1.7279334903432728,0.1487903075723552,-0.17290437825439942,-0.2405646737198176,-0.19452607316475917,-0.1804234316572274,-0.03163312408487221
ANET,2025-04-24,S - Sale,,,-0.013414,0.060674,0.09129699999999999,0.185257,0.20401193896461634,0.1905979389646163,llm,mistral-small-3.2-24b,with_formula,0.000765,0.9562,0.0006471690996386,1.7093230582180865,-0.037312220923760395,0.0290709807867773,0.056097076232134196,0.1269309518317109,0.0930069392959626,0.05569471837220221
ANET,2025-05-05,S - Sale,,,0.1483820000000001,0.014929000000000001,-0.04577835375279359,-0.0019563537527935992,-0.0319010067527936,0.1164809932472065,llm,mistral-small-3.2-24b,with_formula,0.001123,0.987654,0.0002657920504109,1.7150609977139388,0.1005103070893723,0.024344102499621798,-0.046300382136364004,-0.05030738591291009,-0.06946410885347719,0.031046198235895103
ANET,2025-05-08,S - Sale+OE,,,0.11678500000000003,-0.010626,0.052165,0.030711999999999996,-0.0026719999999999973,0.11411299999999999,llm,mistral-small-3.2-24b,with_formula,0.000869,0.9562,0.000667363230599,1.6832368651083909,0.04780495003903921,-0.0185445833645338,0.00023427454187960328,-0.0278133103337238,-0.0611147410881694,-0.013309791049130194
ANET,2025-05-23,S - Sale,,,-0.0467583911312346,-0.014794,-0.015350999999999998,-0.07507,-0.07507,-0.1218283911312346,llm,mistral-small-3.2-24b,with_formula,0.000630652,0.920605,-0.0001312934302679,1.411248825090195,-0.050015209364438845,-0.0005036904435529,-0.010426022695597299,-0.0771917214177906,-0.0771917214177906,-0.12720693078222947
APP,2024-11-14,S - Sale,,,0.635837,0.051571,0.136712,0.17284,0.253934,0.889771,llm,mistral-small-3.2-24b,with_formula,0.000766,0.987654,0.0052496788412725,1.790826633407075,0.5266060746157786,0.0660967520480322,0.12780086233131538,0.1489616967316596,0.16327251819522257,0.6898785928110012
APP,2024-11-22,S - Sale,,,1.4403798866748094,0.092426,0.057518,0.09088999999999998,-0.015416999999999955,1.4249628866748094,llm,mistral-small-3.2-24b,with_formula,0.001,0.999,0.0057185825750234,1.782699922513049,1.2308254621851862,0.0774022812339418,0.006341088635301792,-0.00783625933218541,-0.2357093111842104,0.9951161510009757
APP,2024-11-22,S - Sale+OE,,,1.4403798866748094,0.092426,0.057518,0.09088999999999998,-0.015416999999999955,1.4249628866748094,llm,mistral-small-3.2-24b,with_formula,0.001,0.999,0.0057185825750234,1.782699922513049,1.2308254621851862,0.0774022812339418,0.006341088635301792,-0.00783625933218541,-0.2357093111842104,0.9951161510009757
APP,2024-11-25,S - Sale+OE,,,0.79209,-0.019239000000000003,-0.0014710000000000018,0.09016200000000002,-0.06116899999999997,0.730921,llm,mistral-small-3.2-24b,with_formula,0.001,0.999,0.005645434092628,1.7787373733261114,0.6822064653700043,-0.036543263629009,-0.030733319203220998,0.02386597479608371,-0.16853355296259298,0.5136729124074114
APP,2024-11-26,S - Sale,,,0.7227580000000001,0.026632999999999997,0.042020999999999996,0.18388400000000002,0.03227700000000003,0.7550349999999999,llm,mistral-small-3.2-24b,with_formula,0.000923,0.987654,0.0056515485356384,1.780479745603594,0.6233174225400376,0.0162876745605475,0.020832982688435298,0.114467714640434,-0.0847614896929665,0.5385559328470713
APP,2024-11-29,S - Sale,,,0.13549600000000003,0.015774,0.094365,0.016881000000000007,-0.03017700000000002,0.10531900000000005,llm,mistral-small-3.2-24b,with_formula,0.001129,0.987654,0.0058637167303406,1.7815661121738136,0.075372887316877,0.0043241523029613,0.04632685851683999,-0.0448096508357059,-0.12321861880396107,-0.04784573148708403
APP,2024-12-02,S - Sale,,,0.167944,0.032953,0.103478,-0.09107199999999999,-0.023901,0.14404299999999998,llm,mistral-small-3.2-24b,with_formula,0.001123,0.987654,0.0059638743420886,1.753180256328443,0.09760317221114698,0.0517947142376404,0.0929743331516089,-0.12664840206909872,-0.08292801778102882,0.0146751544301182
APP,2024-12-03,S - Sale,,,0.16296276036671348,0.078258,0.14289243820224717,-0.057612561797752836,0.017685438202247168,0.1806481985689607,llm,mistral-small-3.2-24b,with_formula,0.001123,0.987654,0.0056299355231269,1.7307127827252755,0.08589843773751436,0.0550183116373581,0.1063431205426867,-0.1249312568678839,-0.07792539373563098,0.007973044001883424
APP,2024-12-05,S - Sale,,,0.24603700000000006,0.065112,-0.135845,-0.13537,-0.08313099999999998,0.16290600000000013,llm,mistral-small-3.2-24b,with_formula,0.000629,0.987654,0.0056697197226424,1.784389787610534,0.1499459713555592,0.050905439669666805,-0.1544619559792065,-0.1807591953993182,-0.17197724961849747,-0.02203127826293832
APP,2024-12-10,S - Sale,,,0.06186300000000003,-0.055737999999999996,-0.127986,0.006240000000000016,-0.02232299999999999,0.03954000000000006,llm,mistral-small-3.2-24b,with_formula,0.001607,0.982345,0.0083513138932192,1.964942977916268,-0.20186075784131224,-0.11153817278027361,-0.20538649494984462,-0.10775546347854661,-0.20690221281075782,-0.40876297065206996
APP,2024-12-10,S - Sale+OE,,,0.06186300000000003,-0.055737999999999996,-0.127986,0.006240000000000016,-0.02232299999999999,0.03954000000000006,llm,mistral-small-3.2-24b,with_formula,0.001607,0.982345,0.0083513138932192,1.964942977916268,-0.20186075784131224,-0.11153817278027361,-0.20538649494984462,-0.10775546347854661,-0.20690221281075782,-0.40876297065206996
APP,2024-12-11,S - Sale,,,-0.034514334140103485,0.006944999999999996,0.04717199999999999,0.06891,0.028773000000000007,-0.005741334140103492,llm,mistral-small-3.2-24b,with_formula,0.001923,0.950612,0.008221144185201,1.9660650247586071,-0.17181978042095392,-0.0202660851969541,-0.008721161092929003,0.013305389825850802,-0.060515285679347094,-0.23233506610030102
APP,2024-12-12,S - Sale+OE,,,0.056270838878409016,-0.07094199999999999,-0.003740000000000007,0.074442,-0.0013294208005606052,0.05494141807784844,llm,mistral-small-3.2-24b,with_formula,0.000923,0.987654,0.0081379687163072,1.9580459761020723,-0.2589721624465468,-0.09306930726432261,-0.0767719115889868,0.006458662563249805,-0.14039474216578818,-0.399366904612335
APP,2024-12-12,S - Sale,,,0.056270838878409016,-0.07094199999999999,-0.003740000000000007,0.074442,-0.0013294208005606052,0.05494141807784844,llm,mistral-small-3.2-24b,with_formula,0.000923,0.987654,0.0081379687163072,1.9580459761020723,-0.2589721624465468,-0.09306930726432261,-0.0767719115889868,0.006458662563249805,-0.14039474216578818,-0.399366904612335
APP,2024-12-23,S - Sale,,,0.016753606898949863,-0.020446000000000002,-0.024792213528928304,0.01907978647107169,-0.04234721352892829,-0.025593606629978408,llm,mistral-small-3.2-24b,with_formula,0.0006308232,0.982354,0.0087896627510719,1.868425733715308,-0.11210584259356995,-0.058543249166952804,-0.0662811872201503,-0.02896786685736631,-0.1294227754685066,-0.24152861806207654
APP,2025-02-24,S - Sale,,,0.15994899999999998,-0.067701,-0.19129799999999997,-0.355978,-0.20376300000000003,-0.04381400000000004,llm,mistral-small-3.2-24b,with_formula,0.000335,0.987654,0.0067722007687919,2.023796673133366,0.06332330605601874,-0.0546826514883293,-0.1944562247664855,-0.3439905898789989,-0.2151115059870409,-0.15178819993102222
APP,2025-03-04,S - Sale+OE,,,0.006899000000000009,-0.068605,-0.192171,-0.075168,0.05973300000000001,0.066632,llm,mistral-small-3.2-24b,with_formula,0.001123,0.987654,0.0070955386584878,2.0121794269739866,-0.015617065671433186,-0.0946811543293582,-0.2123377521939615,-0.10614271748983711,-0.03854509634745279,-0.05416216201888602
APP,2025-03-12,S - Sale,,,-0.4588110000000001,0.062643,0.15830300000000003,0.18989667955204134,0.07275809493879286,-0.3860529050612072,llm,mistral-small-3.2-24b,with_formula,0.001123,0.987654,0.0071549065059788,2.0043976937703687,-0.42329656853628445,0.0558816364239738,0.1076218326347484,0.11165039943988911,0.024323741565797308,-0.3989728269704872
APP,2025-05-14,S - Sale+OE,,,0.253898,-0.026063,-0.023086999999999996,-0.046139,0.03622800000000001,0.29012599999999994,llm,mistral-small-3.2-24b,with_formula,0.001866,0.923456,0.0075052981272725,1.9661744026846537,0.0420723461536686,-0.0345806077958849,-0.048967596331114506,-0.0743247009842663,-0.03705082512305881,0.005021521030609783
APP,2025-05-15,S - Sale,,,0.49309000000000003,-0.082952,-0.073126,-0.080257,0.086828,0.5799179999999999,llm,mistral-small-3.2-24b,with_formula,0.001203,0.956789,0.00757458963728,1.9649364375796217,0.07370613433310959,-0.1195682149938452,-0.13099842103440382,-0.14118192781108324,-0.06713843836055161,0.006567695972558008
APP,2025-05-15,S - Sale+OE,,,0.49309000000000003,-0.082952,-0.073126,-0.080257,0.086828,0.5799179999999999,llm,mistral-small-3.2-24b,with_formula,0.001203,0.956789,0.00757458963728,1.9649364375796217,0.07370613433310959,-0.1195682149938452,-0.13099842103440382,-0.14118192781108324,-0.06713843836055161,0.006567695972558008
APP,2025-05-21,S - Sale,,,0.2197460074057333,-0.020689,-0.0118504315384616,0.0757718956224861,0.0757718956224861,0.2955179030282194,llm,mistral-small-3.2-24b,with_formula,0.000630653,0.852600732,0.0076859356894311,1.9661635903302104,0.023198549544403008,-0.0253232306800465,-0.0053997069274049,0.031151837339357197,0.031151837339357197,0.05435038688376019
APP,2025-05-22,S - Sale+OE,,,0.3897636618033823,-0.011471999999999996,0.090065,0.154172,0.154172,0.5439356618033823,llm,mistral-small-3.2-24b,with_formula,0.001123,0.987654,0.0078480695937363,1.9722965766493523,0.0546138910960824,-0.025547825054437995,0.0117779553890614,0.04601014207965601,0.04601014207965601,0.10062403317573836
APP,2025-05-22,S - Sale,,,0.3897636618033823,-0.011471999999999996,0.090065,0.154172,0.154172,0.5439356618033823,llm,mistral-small-3.2-24b,with_formula,0.001123,0.987654,0.0078480695937363,1.9722965766493523,0.0546138910960824,-0.025547825054437995,0.0117779553890614,0.04601014207965601,0.04601014207965601,0.10062403317573836
APP,2025-05-28,S - Sale,,,0.1486265399029964,0.010204999999999999,0.036124,0.036124,0.036124,0.1847505399029964,llm,mistral-small-3.2-24b,with_formula,0.000826,0.987654,0.0083857525463368,1.9807877986041984,-0.026922689292231718,-0.005313047783206799,0.015540673191688,0.015540673191688,0.015540673191688,-0.011382016100543704
AVGO,2024-12-19,S - Sale,,,0.3556081316630203,-0.021612000000000003,0.042135,0.065594,0.024197999999999987,0.37980613166302024,llm,mistral-small-3.2-24b,with_formula,0.00063,0.980213,-0.0001510243394622,1.9911397204135064,0.342172913892254,-0.030578552750377103,0.010064485430792797,0.050093099573923695,0.02313001187215289,0.3653029257644068
AVGO,2024-12-26,S - Sale,,,0.366305,0.023429000000000002,0.002751000000000001,-0.010021,-0.027638999999999997,0.338666,llm,mistral-small-3.2-24b,with_formula,0.000381,0.982612,-0.0001202341383622,1.9957851866094027,0.35100332613224966,0.0400387554280994,0.0407120088087796,0.011827918114089502,0.0038388092251221972,0.3548421353573718
AVGO,2024-12-27,S - Sale,,,0.34451200000000004,3.7e-05,-0.020643,-0.02902,-0.03252599999999999,0.31198600000000004,llm,mistral-small-3.2-24b,with_formula,0.000622,0.9836,-0.0001396459597374,1.9919851437491312,0.3390744000896876,0.015109761700362,0.0157421915338148,-0.021003333374921898,0.0030664160540978015,0.34214081614378533
AVGO,2025-01-06,S - Sale,,,-0.03836220222355091,-0.009951999999999999,-0.012825636999999999,-0.011439211051281997,0.017316788948718007,-0.021045413274832885,llm,mistral-small-3.2-24b,with_formula,0.000923,0.987654,-0.0003282534484855,2.022808761490833,-0.0056386311926593,-0.0024774598754650004,0.0133707980396543,0.018042794225760203,0.021156549046382804,0.0155179178537235
AVGO,2025-01-08,S - Sale,,,0.02235299999999999,0.002677,0.005084999999999999,0.030127,-0.09862800000000001,-0.07627500000000001,llm,mistral-small-3.2-24b,with_formula,0.000925,0.987654,-0.0001894988798736,2.029831214813775,0.019182020870688897,0.0042444968720819,0.028036844641452202,0.0242912022573547,-0.10458770237511321,-0.0854056815044243
AVGO,2025-01-10,S - Sale,,,0.04549600000000001,-0.005804,-0.010703,0.024229,-0.062015000000000015,-0.016519000000000006,llm,mistral-small-3.2-24b,with_formula,0.0009843,0.9854,-0.0001355374495015,2.0270029875195474,0.05368252405713011,0.0113444922854949,-0.009080830499271202,0.019746496917052,-0.06362246620414042,-0.009939942147010293
AVGO,2025-03-26,S - Sale,,,0.010942999999999994,-0.062965,-0.061605999999999994,-0.09207599999999999,0.045563000000000006,0.056506,llm,mistral-small-3.2-24b,with_formula,0.00063,0.98261,0.001179301538653,2.1253687945412967,0.006200253519858482,-0.036072934237047403,-0.004779334266830804,0.0765814638993471,0.11138642600006259,0.11758667951992106
AVGO,2025-03-28,S - Sale,,,-0.087188,0.009922,0.010431,0.025359,0.097299,0.010110999999999981,llm,mistral-small-3.2-24b,with_formula,0.001234,0.987654,0.0013333760925836,2.1445308770504266,-0.0928626576697441,0.0399216314029665,0.019310700253336498,0.1643983928376448,0.16715655535314594,0.0742938976834018
AVGO,2025-04-15,S - Sale,,,0.04320763907790881,0.0092852598655166,-0.0101907401344834,0.0454192598655166,0.0630542598655166,0.10626189894342541,llm,mistral-small-3.2-24b,with_formula,0.000875,0.987654,0.0017665449448465,2.0661213592724774,0.09586606216566818,0.0399155532625191,0.020041063866682203,-0.0052098516078444915,-0.02671477442120329,0.06915128774446487
AVGO,2025-04-16,S - Sale,,,0.07585700000000001,-0.013066000000000001,-0.015812,0.042136999999999994,0.06440100000000001,0.140258,llm,mistral-small-3.2-24b,with_formula,0.000875,0.987654,0.0018108713849512,2.063314822112365,0.1050277434208238,0.017301322996472697,0.040181307453798,-0.007984302770594504,-0.016756543843241004,0.0882711995775828
AVGO,2025-05-16,S - Sale,,,0.09318699999999999,-0.022422,-0.0004250455237253016,0.0015419544762746984,0.0381220706378908,0.1313090706378908,llm,mistral-small-3.2-24b,with_formula,0.001123,0.987654,0.0017909778576958,1.7517040673035646,0.0011359558988127006,-0.028167384979913,0.002379444060856698,0.006949467498529897,0.021723091631911193,0.022859047530723896
CRM,2024-11-04,S - Sale,,,0.020263,-0.004047,0.031246,0.070339,0.1046997387996996,0.1249627387996996,llm,mistral-small-3.2-24b,with_formula,0.000923,0.952431,-0.000248527255371,0.9298815992442904,0.027466839384122504,-0.00028625259204589915,0.0383815839264717,0.0799724852720679,0.1179251722880918,0.1453920116722143
CRM,2024-11-06,S - Sale+OE,,,0.017820000000000003,0.0023066447949117,0.0978886447949117,0.08003526979491171,0.11159570312336438,0.1294157031233644,llm,mistral-small-3.2-24b,with_formula,0.00063070045914,0.920054030607233,-0.0001753096989101,0.9355011445671852,0.021419566052209495,0.0029161495298715995,0.09922487580694309,0.08138286488155538,0.11254456976662877,0.13396413581883826
CRM,2024-11-22,S - Sale+OE,,,0.09093699999999999,0.016961,-0.022136999999999997,-0.037210999999999994,0.017652,0.10858900000000002,llm,mistral-small-3.2-24b,with_formula,0.001234,0.987654,-0.0002770926964248,0.89949663550629,0.102250272993435,0.0173800670630538,-0.019394012692171798,-0.031946402279699096,0.032047367893959705,0.1342976408873947
CRM,2024-11-25,S - Sale+OE,,,0.092809,-0.005600999999999999,-0.046028,0.024132000000000015,-0.006844999999999988,0.085964,llm,mistral-small-3.2-24b,with_formula,0.001234,0.987654,-0.0002576834425506,0.8998753954055991,0.1049454720246363,-0.004056499930459999,-0.0440812019341176,0.031193956027011714,0.003184999619109811,0.10813047164374609
CRM,2024-11-26,S - Sale,,,0.09466400000000001,-0.026607,-0.035752,0.028207000000000003,-0.00036499999999999727,0.094299,llm,mistral-small-3.2-24b,with_formula,0.000923,0.952341,-0.0003515724977992,0.901614338169446,0.10984320970560808,-0.025971651960864296,-0.0331398973194351,0.03720688079216361,0.012411078413836112,0.12225428811944423
CRM,2024-12-20,S - Sale+OE,,,0.03904699999999999,0.024034,-0.014905999999999999,-0.014299999999999997,-0.0666382222222222,-0.027591222222222187,llm,mistral-small-3.2-24b,with_formula,0.000306,0.9806,1.7146321277802324e-05,0.8937858421041589,0.03783292773849379,0.025663075996266,-0.011487640666562202,-0.013558911682968603,-0.06665337088821877,-0.028820443149724945
CRM,2024-12-20,S - Sale,,,0.03904699999999999,0.024034,-0.014905999999999999,-0.014299999999999997,-0.0666382222222222,-0.027591222222222187,llm,mistral-small-3.2-24b,with_formula,0.000306,0.9806,1.7146321277802324e-05,0.8937858421041589,0.03783292773849379,0.025663075996266,-0.011487640666562202,-0.013558911682968603,-0.06665337088821877,-0.028820443149724945
CRM,2024-12-23,S - Sale+OE,,,0.034324999999999994,-0.019521,-0.021779,-0.025386000000000002,-0.05920400000000001,-0.024879000000000016,llm,mistral-small-3.2-24b,with_formula,0.000306,0.9206,0.0001614372080237,0.8923692468241196,0.035307979590498806,-0.0188309407098182,-0.0228136204941359,-0.0263919766918504,-0.06106306267540201,-0.025755083084903204
CRM,2024-12-26,S - Sale+OE,,,-0.126222,-0.0049180000000000005,0.011986,-0.026016,-0.088653,-0.214875,llm,mistral-small-3.2-24b,with_formula,0.000306,0.9806,0.0002110397593799,0.897504101467342,-0.1274835190761772,-0.0080052149927546,0.004359202059146399,-0.033838320136540395,-0.0982941446578,-0.22577766373397723
CRM,2024-12-26,S - Sale,,,-0.126222,-0.0049180000000000005,0.011986,-0.026016,-0.088653,-0.214875,llm,mistral-small-3.2-24b,with_formula,0.000306,0.9806,0.0002110397593799,0.897504101467342,-0.1274835190761772,-0.0080052149927546,0.004359202059146399,-0.033838320136540395,-0.0982941446578,-0.22577766373397723
CRM,2024-12-27,S - Sale,,,-0.0642852800831098,0.004612,0.013129,-0.025401,-0.030479,-0.09476428008310982,llm,mistral-small-3.2-24b,with_formula,0.000634,0.9234,0.0002981803310695,0.8970473215871051,-0.0666769171065792,0.0034999078058427,0.0094982612874772,-0.028307735045619502,-0.0385665758730173,-0.1052434929795965
CRM,2025-01-03,S - Sale+OE,,,-0.03431300000000001,-0.009937,-0.021601000000000002,-0.025578000000000004,-0.027585000000000002,-0.06189799999999999,llm,mistral-small-3.2-24b,with_formula,0.000634,0.9506,-2.635818219171135e-05,0.8894448980828692,-0.0379698212628563,-0.0089251028648756,-0.020576870038213204,-0.026470691721718606,-0.0225376617180331,-0.06050748298088939
CRM,2025-01-16,S - Sale+OE,,,-0.044144,0.004335,0.004584,0.014864000000000002,0.068879,0.024735,llm,mistral-small-3.2-24b,with_formula,0.000306,0.9206,-3.7801157870828565e-05,0.9242811564395343,-0.037903605746828106,0.004954216136283,0.0060569841388322,0.0183740313948448,0.0735260544006938,0.035622448653865726
CRM,2025-01-23,S - Sale+OE,,,-0.032733,0.0057350000000000005,0.091707,0.045553,-0.002026000000000007,-0.034759,llm,mistral-small-3.2-24b,with_formula,0.000923,0.923456,-8.127316365346771e-05,0.9005166504849329,-0.02649016123516591,0.0064322763095435,0.0926114370791149,0.046258008079035,0.0005315234078381165,-0.0259586378273278
CRM,2025-02-04,S - Sale+OE,,,0.01595499999999999,0.019437000000000003,-0.093333,-0.138681,-0.179562,-0.16360700000000003,llm,mistral-small-3.2-24b,with_formula,0.000634,0.9234,-8.470605638457202e-05,0.9080323721011804,0.06647098762987778,0.023170998691761,-0.08955462092717578,-0.130549597879838,-0.17540452355278618,-0.10893353592290841
CRM,2025-02-04,S - Sale,,,0.01595499999999999,0.019437000000000003,-0.093333,-0.138681,-0.179562,-0.16360700000000003,llm,mistral-small-3.2-24b,with_formula,0.000634,0.9234,-8.470605638457202e-05,0.9080323721011804,0.06647098762987778,0.023170998691761,-0.08955462092717578,-0.130549597879838,-0.17540452355278618,-0.10893353592290841
CRM,2025-02-19,S - Sale+OE,,,-0.09170100000000002,-0.027976,-0.026639999999999997,-0.038097000000000006,-0.03488,-0.126581,llm,mistral-small-3.2-24b,with_formula,0.000312,0.987654,-0.0002515244884514,0.880372172078046,-0.0864225533341047,-0.0282972842735525,-0.029650876490863697,-0.0425066527533049,-0.04460903204212591,-0.1310315853762306
CRM,2025-02-24,S - Sale+OE,,,-0.095614,0.011977,-0.005281999999999999,-0.004774,-0.012320000000000003,-0.10793399999999999,llm,mistral-small-3.2-24b,with_formula,0.000322,0.952133,-0.0001422340603642,0.8653767385948379,-0.09297168726533969,0.0097915633263891,-0.007756254626194599,-0.0111717545634154,-0.017251107593758704,-0.11022279485909839
CRM,2025-02-25,S - Sale+OE,,,-0.0910549806728971,0.00671,-0.012385,-0.03073,-0.015699,-0.1067539806728971,llm,mistral-small-3.2-24b,with_formula,0.000634,0.923456,-0.0001275006555759,0.8649070758380595,-0.09019044869914132,0.0065436172912223,-0.0136988655759102,-0.034189346540379,-0.021067091198148803,-0.1112575398972901
CRM,2025-02-26,S - Sale,,,-0.092858,-0.011533,-0.009547,-0.037822,-0.014055000000000005,-0.106913,llm,mistral-small-3.2-24b,with_formula,0.000457,0.987654,0.0002729662571678,0.793362304141848,-0.10336473024368041,-0.016210236855474697,-0.014866904178145297,-0.044384510159353095,-0.029004036379597687,-0.13236876662327812
CRM,2025-03-03,P - Purchase,,,-0.049120000000000004,-0.0061860000000000005,-0.016447,-0.0095829999999999,-0.0038549999999998997,-0.0529749999999999,llm,mistral-small-3.2-24b,with_formula,0.000634,0.952345,0.0002401486885094,0.813387558676909,-0.059617154363915806,-0.011745349192999,-0.0240967819637291,-0.023051577757148497,-0.014685162056003096,-0.07430231641991891
CRM,2025-03-04,S - Sale+OE,,,-0.037364,-0.014270999999999999,-0.030092,-0.018897,-0.019437999999999997,-0.056802,llm,mistral-small-3.2-24b,with_formula,0.001623,0.923456,0.0005584581342912,0.7750422399743675,-0.0552897160403415,-0.013116494655353498,-0.0308050993701574,-0.025495995754733804,-0.02454930773103551,-0.079839023771377
CRM,2025-03-18,S - Sale+OE,,,-0.023878051051725902,-0.0020630000000000006,-0.00047700000000000054,-0.01283,-0.011474819985889699,-0.03535287103761561,llm,mistral-small-3.2-24b,with_formula,0.000634861,0.92002,0.0002226015206704,0.7834851347600564,-0.03502359326348261,-0.002915186328404499,-0.00043248042646219895,-0.019284694267128397,-0.0381730617423839,-0.0731966550058665
CRM,2025-03-25,S - Sale+OE,,,-0.0014389999999999993,-0.002821,-0.010962,-0.025130999999999997,-0.035713999999999996,-0.037153,llm,mistral-small-3.2-24b,with_formula,0.001234,0.8921,0.0001668063515016,0.7937531935793903,-0.0016824778963134028,-0.004906285153202,-0.0191192129933963,-0.0500122413247616,-0.056893478876245795,-0.05857595677255918
CRM,2025-03-27,S - Sale,,,-0.010556999999999993,-0.007741,-0.014092,-0.016319,-0.02704,-0.037597,llm,mistral-small-3.2-24b,with_formula,0.000923,0.987654,0.0001226916392967,0.7937136992762823,-0.010544636904483599,-0.0141259750911732,-0.0193022221151142,-0.044802452548800595,-0.04539730933327531,-0.055941946237758916
CRM,2025-04-04,P - Purchase,,,-0.021144000000000003,0.000499,-7.000000000007001e-06,-0.024095107960201007,-0.0043582375124394945,-0.025502237512439505,llm,mistral-small-3.2-24b,with_formula,0.000926,0.923456,-3.138493767899074e-05,0.7993087964475066,-0.03334548754193982,-0.0101633746765275,0.0093308808575823,-0.016327854589668497,0.009474547729021503,-0.023870939812918317
CRM,2025-04-17,S - Sale,,,-0.027477,-0.009068,-0.02493,0.008231999999999998,0.006432,-0.021045000000000008,llm,mistral-small-3.2-24b,with_formula,0.001234,0.987654,0.0011676845104391,0.7714745781440344,-0.0544678370925561,-0.010514578622896,-0.028353352326989198,0.015757644311630802,0.029090676061865897,-0.025377161030690192
CRM,2025-04-24,S - Sale+OE,,,-0.033859,0.029487,0.022361,0.019414999999999998,-0.0005459999999999987,-0.03440499999999999,llm,mistral-small-3.2-24b,with_formula,0.001123,0.987654,0.0008974189003735,0.7785124202242164,-0.0370561581974857,0.035699719675482,0.0301200695690693,0.031765698371211695,0.0314696701055786,-0.0055864880919071
CRM,2025-05-05,S - Sale,,,0.013257902307692294,0.00967,0.0037750000000000006,-0.003873140681858499,-0.0455221406818585,-0.032264238374166206,llm,mistral-small-3.2-24b,with_formula,0.000923,0.987654,0.0008898833963658,0.8331423178900497,0.013360786193147097,0.0053950349903737005,-0.0007186177273175963,-0.0030632729020493975,-0.05362094489329519,-0.040260158700148097
CRM,2025-05-15,S - Sale+OE,,,-0.011372,-0.002101,-0.010038,-0.041361999999999996,-0.08869099999999999,-0.10006299999999999,llm,mistral-small-3.2-24b,with_formula,0.001234,0.987654,0.0004064496614847,0.8038422087743965,0.0010049385705119009,-0.0021093038879842997,-0.0106562988943921,-0.047122285966221394,-0.09313462371663989,-0.09212968514612799
CRM,2025-05-23,S - Sale+OE,,,-0.03441600000000001,-0.026898,-0.034775,-0.074333,-0.074333,-0.108749,llm,mistral-small-3.2-24b,with_formula,0.000634,0.950123,0.0005611232369005,0.8385081788067141,-0.0204040158713836,-0.0285149340768202,-0.0353403000726524,-0.0758470030413086,-0.0758470030413086,-0.09625101891269221
CRM,2025-05-28,S - Sale,,,-0.08126599999999999,-0.035744368767123204,-0.038369368767123206,-0.038369368767123206,-0.038369368767123206,-0.11963536876712319,llm,mistral-small-3.2-24b,with_formula,0.000316,0.982642,0.0006716058779824,0.8411724286653361,-0.07803366580319031,-0.0375281608043879,-0.0412826464482239,-0.0412826464482239,-0.0412826464482239,-0.11931631225141419
CRWD,2024-11-08,S - Sale,,,0.021771,-0.003098,0.048584,0.055933,0.057068,0.07883899999999999,llm,mistral-small-3.2-24b,with_formula,0.000823,0.9206,8.199959268207185e-05,1.355010556494922,0.009450615556669893,-0.003567178550997,0.0535726814167607,0.0704679384730388,0.06679189269585853,0.07624250825252843
CRWD,2024-11-15,S - Sale,,,0.1053337777777777,2e-05,0.023152,0.057486,0.028681549987906698,0.1340153277656844,llm,mistral-small-3.2-24b,with_formula,0.00072,0.950231,6.268494216795301e-05,1.3427958548585788,0.0954683517930123,0.0078832771176277,0.026866591532685294,0.05963304201899938,0.019311303452728093,0.11477965524574041
CRWD,2024-12-02,S - Sale+OE,,,0.008493000000000011,-0.0028530000000000005,0.021654999999999997,0.020336999999999997,0.03245999999999999,0.04095299999999999,llm,mistral-small-3.2-24b,with_formula,0.000824,0.987654,-0.0005684758921738,1.3222866373424398,0.026121103789285505,-0.0054077959904692005,0.015365448258916,0.0159280730327949,0.0368170905227116,0.0629381943119971
CRWD,2024-12-04,S - Sale,,,-0.005890000000000013,0.031403,-0.0018760000000000027,0.018268999999999997,0.010266999999999988,0.0043769999999999885,llm,mistral-small-3.2-24b,with_formula,0.000306,0.9806,-0.0006164791321902,1.320442152750048,-0.0003449030735295103,0.0288077786909282,-0.0032021161467355,0.027638751186783602,0.023019706824347508,0.022674803750817984
CRWD,2024-12-06,S - Sale+OE,,,0.0326865338735897,-0.005472,-0.019774904000000003,0.034510096,-0.015405074475623693,0.01728145939796597,llm,mistral-small-3.2-24b,with_formula,0.000306,0.9806,-0.0006324086970476,1.3271094291969066,0.021302853129997606,-0.0078928336136815,-0.023435592887334593,0.03785385903525281,-0.0062947525893411824,0.01500810054065642
CRWD,2024-12-16,S - Sale,,,-0.027900028202220213,0.015482,0.0055538275606993965,-0.009202172439300603,-0.0077821724393006,-0.035682200641520806,llm,mistral-small-3.2-24b,with_formula,0.000903,0.980629,-0.0003405853484053,1.3272597618514794,-0.0398819354052793,0.012972011098993399,0.013958298455800898,-0.0074789828168702,0.0050751758121058005,-0.03480675959317349
CRWD,2024-12-18,S - Sale+OE,,,0.029952000000000003,-0.031081,-0.021076000000000004,-0.036936000000000004,-0.011136000000000009,0.018816000000000003,llm,mistral-small-3.2-24b,with_formula,0.000312,0.987654,-0.0002330631999588,1.3247608804438462,0.015752434634196597,-0.018047306648015203,-0.014364077763314703,-0.028769071573709004,0.00282346295396183,0.018575897588158433
CRWD,2024-12-26,S - Sale,,,-0.020110999999999997,-0.014972000000000001,-0.030827,0.00013799999999999923,0.011747,-0.008364000000000003,llm,mistral-small-3.2-24b,with_formula,0.000312,0.987654,-0.0002774494361354,1.3151258688632392,-0.010100773892155995,-0.008719611553925,-0.017069603353346695,0.011042604787905305,0.02976347740243801,0.019662703510282015
CRWD,2025-01-03,S - Sale,,,-0.022634,0.016777,0.023095000000000004,-0.005944999999999994,0.046646,0.024012000000000006,llm,mistral-small-3.2-24b,with_formula,0.000312,0.987654,-0.0007148068048825,1.3271679454693537,-0.0009382606152771936,0.0108770186322428,0.0219058563013422,0.0013455528291643985,0.04295222747561609,0.04201396686033889
CRWD,2025-01-16,S - Sale,,,0.016343000000000003,-0.020482,-0.0002480000000000017,0.013885,0.13991699999999999,0.15626,llm,mistral-small-3.2-24b,with_formula,0.000334,0.9006,-0.0004154956528183,1.3171740248813184,0.0324270076037102,-0.021177293552708098,-0.0028966878781286967,0.008595922360973104,0.140205490851795,0.1726324984555052
CRWD,2025-02-06,S - Sale,,,0.12393658645700559,0.016856,0.034658,0.06236200000000001,-0.024060000000000005,0.09987658645700559,llm,mistral-small-3.2-24b,with_formula,0.000924,0.987654,-0.0003999360244548,1.3515186215763384,0.1234951736543939,0.0227548135564148,0.0388967650162549,0.0603335377230798,-0.002096182829098403,0.12139899082529548
CRWD,2025-02-11,S - Sale,,,0.164561,0.009718,0.030963,-0.04552000000000001,-0.04174499182503102,0.122816008174969,llm,mistral-small-3.2-24b,with_formula,0.000923,0.984612,-0.0003597179471223,1.3482306280593654,0.16977198951323713,0.0183852746070281,0.032896468400749106,-0.03383004590882599,-0.007138867095597197,0.1626331224176399
CRWD,2025-02-18,S - Sale,,,0.086293,-0.004184,-0.076691,-0.08268722448979592,-0.2385272244897959,-0.1522342244897959,llm,mistral-small-3.2-24b,with_formula,0.000312,0.987654,-0.0001384757449036,1.3572635697620643,0.0835102735157542,-0.0051702231418519,-0.06738413607450659,-0.05962088003047201,-0.18291485736599616,-0.09940458385024198
CRWD,2025-02-19,S - Sale,,,0.10520200000000002,-0.038704,-0.110174,-0.091336,-0.17964400000000003,-0.074442,llm,mistral-small-3.2-24b,with_formula,0.000306,0.9806,-0.0003785674396263,1.3433061092657836,0.11540017830754831,-0.036523937529413096,-0.09429045904585309,-0.065714073407007,-0.1181126347477172,-0.0027124564401689033
CRWD,2025-03-04,S - Sale,,,-0.048267000000000004,-0.054813999999999995,-0.12567399999999998,-0.03484900000000002,-0.005440000000000019,-0.053707,llm,mistral-small-3.2-24b,with_formula,0.0008205031,0.980606289,0.000350566995001,1.350434918497951,-0.02774202859302601,-0.0596221287957466,-0.12400522528121169,-0.026396156310292785,-0.008071354035956282,-0.03581338262898232
CRWD,2025-03-17,S - Sale,,,-0.008714000000000034,0.039954,0.023443,0.036533,0.039874999999999994,0.031160999999999998,llm,mistral-small-3.2-24b,with_formula,0.000923,0.987654,0.0008570875826888,1.335684698453828,0.008635325336765663,0.0437819690405774,0.0181800488775036,0.0261099720135909,0.0685439461246461,0.07717927146141176
CRWD,2025-03-25,S - Sale,,,-0.02869100000000002,0.013350078078857599,0.006444078078857598,0.0061740780788576005,0.0900080780788576,0.06131707807885757,llm,mistral-small-3.2-24b,with_formula,0.001234,0.987654,0.0002777455728399,1.3731209850116084,-0.030835015349046212,0.019038059081204102,0.024030848099852203,0.063723684245417,0.1211972699137617,0.0903622545647155
CRWD,2025-04-02,S - Sale,,,0.06060263333,0.009483000000000002,0.0005070000000000005,0.097249,0.09672200000000002,0.15732463333000002,llm,mistral-small-3.2-24b,with_formula,0.000771,0.9236,0.0005225696683759,1.355899635147429,0.056374477813727605,0.028395750528516,0.039218388652578,0.09725540631080029,0.10403246289335312,0.16040694070708073
CRWD,2025-04-08,S - Sale,,,-0.002169,0.0653,0.0864735901809709,0.1066035901809709,0.1668605901809709,0.1646915901809709,llm,mistral-small-3.2-24b,with_formula,0.000306,0.952345,-0.0004762244052227,1.3350331393225392,0.0496617857592092,0.0323241838179098,0.0636522287286223,0.095567307814284,0.1344942867248453,0.18415607248405447
CRWD,2025-04-10,S - Sale+OE,,,0.05546037202848951,0.022462999999999997,0.055543999999999996,0.042948,0.11006465399999998,0.16552502602848954,llm,mistral-small-3.2-24b,with_formula,0.000824,0.982345,9.863483081094496e-05,1.342957204079782,0.0707976460224893,0.0303566277983172,0.061582188393990704,0.0601785913832316,0.1025073522663832,0.1733049982888725
CRWD,2025-04-16,S - Sale,,,0.1130231524302712,-0.012556999999999999,-0.021761,0.049907999999999994,0.07404300000000001,0.18706615243027122,llm,mistral-small-3.2-24b,with_formula,0.000923,0.987654,0.0003766507086839,1.3689103424978248,0.1383079005400741,-0.0011306191777236008,-0.0010025042068981008,0.0337450699002489,0.049420939332324804,0.1877288398723989
CRWD,2025-04-22,S - Sale,,,0.0994626817938386,0.013398000000000002,0.0760087368462965,0.08021424073827482,0.012850895062416191,0.11231357685625477,llm,mistral-small-3.2-24b,with_formula,0.0006307007925041,0.9820009765625,0.0008252247589246,1.3480880213041404,0.12079288313756148,-0.0090115881902555,0.0348713758078452,0.021766908058057498,-0.06071627983063761,0.0600766033069239
CRWD,2025-04-28,S - Sale,,,0.16441508746798772,0.009054636999999999,0.002544636999999999,-0.021441363000000005,-0.0633406349802733,0.10107445248771439,llm,mistral-small-3.2-24b,with_formula,0.001123,0.987654,0.0003653260422428,1.3057068001525232,0.12948998110229612,0.0078346099435944,-0.009368820558207532,-0.033636202542491826,-0.10051249306830215,0.028977488033993963
CRWD,2025-05-02,S - Sale,,,0.08342499999999999,0.005069,-0.017928,-0.0535883468055555,-0.03398410243879349,0.049440897561206495,llm,mistral-small-3.2-24b,with_formula,0.001123,0.987654,0.0002358478289614,1.3032768802721133,0.05929026468194148,0.0002616344206617,-0.0237608380706014,-0.07685340467493479,-0.05966659138085118,-0.0003763266989097007
CRWD,2025-05-06,S - Sale,,,0.0664769615384615,-0.04156580228022,-0.08020680228022001,-0.08014533628022,-0.02059033628022,0.04588662525824151,llm,mistral-small-3.2-24b,with_formula,0.000312,0.987654,0.0002677008340589,1.2828837200710614,0.045199761127040196,-0.040207883532875896,-0.08221242283245339,-0.1044429805170245,-0.0366632145234195,0.008536546603620718
CRWD,2025-05-28,S - Sale,,,0.0334591159369636,-0.027407,0.0029405104799492994,0.0029405104799492994,0.0029405104799492994,0.03639962641691291,llm,mistral-small-3.2-24b,with_formula,0.0006307004591413,0.9200143612805306,0.0014554811112137,1.2910046755095392,-0.007946196194821991,-0.0299219366336443,0.00017856477388570116,0.00017856477388570116,0.00017856477388570116,-0.007767631420936297
CSCO,2024-11-19,S - Sale,,,0.0125354435820143,-0.0066672307692308,0.009431769230769198,0.009063180769230739,-0.013198923102609662,-0.0006634795205953687,llm,mistral-small-3.2-24b,with_formula,0.000306,0.9806,0.0003419770731157,0.3568335442880688,0.023111525339445948,-0.0006382023622311002,0.016215361024625202,0.0221471129632613,0.006285041867729489,0.029396567207175442
CSCO,2024-11-21,S - Sale,,,-0.0066208538461537,0.015773021050416797,0.0243150210504168,0.015943021050416797,-0.025192978949583205,-0.03181383279573689,llm,mistral-small-3.2-24b,with_formula,0.000939,0.987654,0.0003420870012962,0.3575760085694047,0.027655271033167096,0.016851875546715002,0.0306782342844093,0.022774797918722802,-0.005325905951690026,0.022329365081477086
CSCO,2024-12-02,S - Sale,,,0.005446708461538299,-0.007341,-0.019296396629270303,-0.0384453966292703,-0.03346302092970039,-0.028016312468162087,llm,mistral-small-3.2-24b,with_formula,0.000355,0.987654,0.0002391882934507,0.359159911464058,0.008701763396106902,-0.0008179455614466108,-0.0015990307579897105,-0.02077841092529901,-0.021822681768253815,-0.013120918372146913
CSCO,2024-12-06,S - Sale,,,-0.010079060502200497,-0.009589772282132,-0.03992008349723421,-0.05153208349723421,-0.01875822809045141,-0.0288372885926519,llm,mistral-small-3.2-24b,with_formula,0.000351,0.9826,0.0003351011360253,0.3769135323696711,0.019438043013865997,-0.0055530383529555,-0.031744731515723296,-0.039469909309297696,-0.011294023567337094,0.008144019446528893
CSCO,2024-12-12,S - Sale,,,-0.03569499999999999,0.005646,-0.0037240000000000007,0.020599,0.04308546726722011,0.007390467267220101,llm,mistral-small-3.2-24b,with_formula,0.000621,0.950123,0.0003513616354214,0.3760451165048673,-0.007043799646578595,0.0018539207682554005,-0.0039972589138207,0.0051166394985795,0.0196740126419891,0.012630212995410508
CSCO,2025-02-18,S - Sale,,,0.0689718853089511,-0.0011220000000000002,0.011189,0.0474803398954813,0.08074433989548131,0.1497162252044324,llm,mistral-small-3.2-24b,with_formula,0.000355,0.9206,0.000780484536072,0.374132288377038,0.0725212993596937,-0.0025574598370586,-0.0074428042567334,0.0038451937249950993,-0.004902312258895801,0.0676189871007979
CSCO,2025-02-24,S - Sale,,,0.024499,0.028779,0.035079,0.058901,0.024940000000000004,0.049439000000000004,llm,mistral-small-3.2-24b,with_formula,0.000985,0.9856,0.0010097392659373,0.3684686516716691,0.0318841214516714,0.0121533996580583,0.009945874442290099,0.010314869824250793,-0.035854220101882904,-0.003970098650211511
CSCO,2025-02-27,S - Sale,,,0.05089099999999999,0.012308999999999999,0.026763,0.039439,0.014053999999999994,0.06494499999999999,llm,mistral-small-3.2-24b,with_formula,0.001234,0.8567,0.000697505751482,0.4028174422227572,0.0348465905327428,0.0037241665425804004,0.0010882270612077478,0.011592651049781948,-0.02874222929468164,0.00610436123806115
CSCO,2025-03-12,S - Sale,,,0.06548000000000001,-0.010554000000000001,-0.017949000000000003,-0.027125999999999997,0.013085999999999999,0.07856599999999998,llm,mistral-small-3.2-24b,with_formula,0.000621,0.987654,0.0010093115457291,0.402543968733376,-0.0241332124444976,-0.0155697528970783,-0.0089636750091035,-0.022101392584995702,0.0029841211660595994,-0.021149091278438014
CSCO,2025-05-20,S - Sale,,,0.0206137495868639,0.004837999999999999,0.009075,-0.011317,-0.011317,0.009296749586863901,llm,mistral-small-3.2-24b,with_formula,0.000923,0.850123,0.0012655414953818,0.6228737723085215,0.0324012213071354,-0.0026763788917854,-0.002169184062651,-0.0208550099142085,-0.0208550099142085,0.011546211392926893
CSCO,2025-05-29,S - Sale,,,-0.007938999999999998,-0.00527,-0.00527,-0.00527,-0.00527,-0.013208999999999997,llm,mistral-small-3.2-24b,with_formula,0.000923,0.980612,0.0012883849821955,0.6250269494529335,0.003533786210713398,-0.007741590555348999,-0.007741590555348999,-0.007741590555348999,-0.007741590555348999,-0.004207804344635602
DELL,2024-11-19,S - Sale+OE,,,0.10610173039195879,-0.024281999999999998,0.048181,-0.024329000000000003,-0.08500100000000001,0.021100730391958783,llm,mistral-small-3.2-24b,with_formula,0.000630652,0.987654321,0.0010950129114003,1.7273675863656313,0.0942791506921471,-0.0333186122480928,0.0361814912428138,-0.10152130015161509,-0.18424937981964862,-0.08997022912750152
DELL,2024-11-26,S - Sale,,,0.059812,-0.139697,-0.12303399999999999,-0.190525,-0.23904000000000003,-0.17922800000000003,llm,mistral-small-3.2-24b,with_formula,0.000923,0.987654,0.0009491511170613,1.7050968742897243,0.010266476056401198,-0.1417312289511404,-0.1309788852095479,-0.2251752037891151,-0.29028077808228486,-0.2800143020258837
DELL,2024-12-04,S - Sale,,,-0.074687207543263,-0.014832999999999999,-0.029182999999999997,-0.081321,-0.07970666293229361,-0.15439387047555655,llm,mistral-small-3.2-24b,with_formula,0.001234,0.987654,0.0015078540254222,1.6804376879790466,-0.10014968746997571,-0.025843138664324,-0.042080572906617,-0.10694463344776281,-0.1215559711225974,-0.2217056585925731
DELL,2024-12-09,S - Sale+OE,,,-0.282284,-0.08803,-0.09500499999999999,-0.150952,-0.09279829999999999,-0.37508230000000004,llm,mistral-small-3.2-24b,with_formula,0.000726,0.987654,0.0013897529665247,1.651482260385293,-0.3935923425304814,-0.0835681219836276,-0.10388252714910501,-0.13451586195457982,-0.11263911143808321,-0.5062314539685646
DELL,2024-12-09,S - Sale,,,-0.282284,-0.08803,-0.09500499999999999,-0.150952,-0.09279829999999999,-0.37508230000000004,llm,mistral-small-3.2-24b,with_formula,0.000726,0.987654,0.0013897529665247,1.651482260385293,-0.3935923425304814,-0.0835681219836276,-0.10388252714910501,-0.13451586195457982,-0.11263911143808321,-0.5062314539685646
DELL,2024-12-11,S - Sale,,,-0.1663417752136433,0.009557,-0.002509,-0.0021640000000000027,0.007153999999999998,-0.15918777521364327,llm,mistral-small-3.2-24b,with_formula,0.001234,0.987654,0.0013556347349413,1.65474331022064,-0.2050560454770053,-0.0006284788016510008,-0.025052959353334903,-0.009579775048556099,0.00010085572206020021,-0.20495518975494514
DELL,2024-12-17,S - Sale+OE,,,-0.2152700424094031,-0.017507,0.0012349999999999965,0.007619925571342598,0.060336692571342596,-0.1549333498380605,llm,mistral-small-3.2-24b,with_formula,0.0003001636703187,1.0,0.0012132624363358,1.6678028687933306,-0.26337454997963977,0.006617008069866401,0.016428584070541,0.0123394704322777,0.055730881781736304,-0.20764366819790353
DELL,2025-01-08,S - Sale+OE,,,0.1386851132220056,-0.03123,-0.148319,-0.21122000000000002,-0.36596399999999996,-0.2272788867779944,llm,mistral-small-3.2-24b,with_formula,0.001234,0.987654,0.000661379884477,1.6627260705291067,0.11773568186251901,-0.0318046683598604,-0.1237924612694446,-0.2331651541169184,-0.40136561844741286,-0.2836299365848938
DELL,2025-01-08,S - Sale,,,0.1386851132220056,-0.03123,-0.148319,-0.21122000000000002,-0.36596399999999996,-0.2272788867779944,llm,mistral-small-3.2-24b,with_formula,0.001234,0.987654,0.000661379884477,1.6627260705291067,0.11773568186251901,-0.0318046683598604,-0.1237924612694446,-0.2331651541169184,-0.40136561844741286,-0.2836299365848938
DELL,2025-01-24,S - Sale+OE,,,-0.05352760351515161,0.000603,-0.07789199999999999,-0.071488,-0.0013750000000000082,-0.05490260351515161,llm,mistral-small-3.2-24b,with_formula,0.000383,0.952411,-0.0010805977166343,1.5367659272077296,-0.0628294451938534,0.0044063458111931,-0.0620708965076477,-0.0686886997723285,-0.004594482671886099,-0.0674239278657395
DELL,2025-02-20,S - Sale+OE,,,0.12300299999999999,-0.001624,-0.036250000000000004,-0.09579000000000001,-0.11154,0.011462999999999997,llm,mistral-small-3.2-24b,with_formula,0.000383,0.9826,-0.0016675873655596,1.5170766729424696,0.1358073195545178,0.015803632162967617,-0.001943921699292684,-0.05284446492132879,-0.02031113962400807,0.1154961799305097
DELL,2025-04-01,S - Sale,,,0.008730999999999997,0.026567999999999998,-0.119424,-0.046060999999999984,0.008852000000000014,0.01758300000000002,llm,mistral-small-3.2-24b,with_formula,0.001122,0.987654,-0.0019148113625332,1.5668744105565953,0.035917553692160105,0.0221486570336442,-0.05173536819602251,-0.01513189615102531,0.08246932976155188,0.11838688345371198
DELL,2025-05-16,S - Sale,,,0.06845299999999999,0.024876,0.021996,0.029492054545454602,0.005238054545454597,0.0736910545454546,llm,mistral-small-3.2-24b,with_formula,0.000923,0.987654,-0.0014052857814753,1.50623440728527,0.0354106799925797,0.0235654561974589,0.0346081501296461,0.0497931402422699,0.017793737387311798,0.053204417379891504
EBAY,2024-11-06,S - Sale,,,-0.088257,-0.034739,-0.029740000000000003,-0.019395,0.01157800000000001,-0.07667899999999996,llm,mistral-small-3.2-24b,with_formula,0.001234,0.987654,0.0021683226983956,0.2296420237862992,-0.1107584789211615,-0.0061759944710734,-0.004232580819793,-0.021383106415622802,0.016175366988520998,-0.09458311193264049
EBAY,2024-11-19,S - Sale+OE,,,-0.053797000000000005,-0.019452,0.015451999999999999,-0.004462000000000004,-0.007863000000000002,-0.06166,llm,mistral-small-3.2-24b,with_formula,0.0019,0.9231,0.0019609582793363,0.2200650450611658,-0.045690064125559,-0.0155967819155371,0.0195466611264184,0.014732356377100197,0.026195646269587296,-0.019494417855971696
EBAY,2024-11-27,S - Sale,,,0.052767,-0.007662,-0.039605,-0.055022,-0.066402,-0.013634999999999993,llm,mistral-small-3.2-24b,with_formula,0.001234,0.891234,0.0020428802245819,0.2107162155688298,0.03406779531735,-0.012775500999149,-0.034248873864695,-0.040205423988974004,-0.046816524354658204,-0.012748729037308209
EBAY,2024-12-05,S - Sale,,,-0.030254,-0.0053089999999999995,-0.011160999999999997,-0.022826999999999997,-0.10470900000000001,-0.13496300000000003,llm,mistral-small-3.2-24b,with_formula,0.001823,0.950247,0.0019376500080405,0.2984602318343958,-0.0133983124424898,-0.0010268648184481003,-0.007734242818508701,-0.0075403356581971994,-0.0234597165833729,-0.03685802902586271
EBAY,2024-12-17,S - Sale+OE,,,-0.074434,0.03686,0.040681,0.011029999999999998,0.005446999999999999,-0.068987,llm,mistral-small-3.2-24b,with_formula,0.000938,0.912345,0.0018613335419952,0.2711740225460642,-0.05546421585843471,0.0142118437364709,0.0220504534092609,-0.0215966326992586,-0.0305146652990234,-0.08597888115745811
EBAY,2025-01-06,S - Sale,,,-0.011323000000000003,0.031625,0.09483699999999998,0.072847,0.03499,0.023667000000000014,llm,mistral-small-3.2-24b,with_formula,0.001234,0.987654,0.0017993687423046,0.2321747949556976,-0.047169162981462606,0.0231504075982517,0.0716521906873335,0.0496793440821214,0.0300903026090621,-0.0170788603724005
EBAY,2025-01-17,S - Sale+OE,,,0.048881999999999995,0.002237,-0.052507,0.015176000000000009,-0.009360999999999998,0.039520999999999994,llm,mistral-small-3.2-24b,with_formula,0.001823,0.950214,0.001345167539786,0.2333667912459258,0.02992979308427173,0.0125008286067655,-0.029850668336500602,0.0197842757811592,0.013858654769006799,0.04378844785327851
EBAY,2025-02-05,S - Sale,,,0.020855999999999996,0.0006879999999999998,0.014915000000000001,0.017579,0.080996,0.101852,llm,mistral-small-3.2-24b,with_formula,0.000123,0.987654,0.0007636388161505,0.2672226329759393,0.017210533782530596,0.004803679232315,0.0155186875026724,0.0322313825107169,0.0560107545712621,0.07322128835379269
EBAY,2025-02-19,S - Sale+OE,,,0.032891,-0.0003939999999999994,0.038329,-0.016182000000000002,0.061057999999999994,0.093949,llm,mistral-small-3.2-24b,with_formula,0.000312,0.952341,0.0011197864335716,0.3001899650145926,0.035549564981257206,-0.0057737274240281,0.0098626954073857,-0.0617007782061406,-0.0365535271807711,-0.0010039621995139025
EBAY,2025-03-05,S - Sale,,,0.043605,0.029877,0.067285,0.015270999999999993,-0.0026740000000000097,0.04093099999999997,llm,mistral-small-3.2-24b,with_formula,0.001923,0.950214,0.001395318759008,0.2479411048602548,-0.0147996805425392,0.0180772369758023,0.029457520184327898,-0.01810497833986159,-0.017914915173374492,-0.03271459571591371
EBAY,2025-03-18,S - Sale+OE,,,0.016853999999999994,0.00024199999999999916,-0.023575,0.011375,0.020377,0.03723099999999999,llm,mistral-small-3.2-24b,with_formula,0.000724,0.987654,0.0013208979673365,0.2470645747239045,-0.0411361802517174,-0.004477131647934601,-0.028825141188380102,-0.0080712130896287,-0.08194902761285809,-0.1230852078645755
EBAY,2025-03-20,S - Sale,,,0.09993399999999998,-0.029249999999999998,-0.046551999999999996,0.009344000000000005,-0.069049,0.030884999999999982,llm,mistral-small-3.2-24b,with_formula,0.000938,0.9206,0.0014313735384543,0.2305742304481004,0.05566229344771559,-0.0245377737115525,-0.0257542059269893,-0.004755165330393801,-0.0932088850251382,-0.03754659157742259
EBAY,2025-04-03,S - Sale,,,0.01901399999999999,0.041014999999999996,0.014338999999999994,0.009296999999999995,0.03837599999999999,0.05739000000000001,llm,mistral-small-3.2-24b,with_formula,0.001923,0.950214,0.0012422568734506,0.2995888488763552,0.0319359355952665,-0.0425732963374664,-0.0855994381917847,-0.0360225196238171,-0.012955741727381394,0.018980193867885103
EBAY,2025-04-07,S - Sale,,,0.035391,-0.025449,-0.032758999999999996,0.015505000000000001,-0.025707,0.009684000000000014,llm,mistral-small-3.2-24b,with_formula,0.000938,0.9206,0.0016565380804108,0.2836688538680419,-0.0609916539112336,-0.0441810618243832,0.005731168019500601,0.03254451388308251,0.029163011169981306,-0.0318286427412523
EBAY,2025-04-17,S - Sale+OE,,,0.036451,0.011357,0.02032,-0.025902,-0.03661,-0.0001590000000000081,llm,mistral-small-3.2-24b,with_formula,0.001923,0.923456,0.0012785715684143,0.358950430494961,-0.006911392389111806,0.0112439682747749,0.020259481463896403,0.0047383698761858046,0.016094932799686105,0.009183540410574315
EBAY,2025-05-05,S - Sale+OE,,,-0.029560824444444387,0.041204000000000005,0.015138000000000006,-0.034517,0.003085000000000001,-0.026475824444444396,llm,mistral-small-3.2-24b,with_formula,0.001123,0.987654,0.0015242896740695,0.3559447718943892,-0.005415846932661997,0.0283161552121751,0.006999055029140201,-0.006442823674707398,0.010251557404242002,0.0048357104715800025
EBAY,2025-05-06,S - Sale,,,0.01362299999999999,-0.0035129999999999988,-0.017064999999999997,-0.05707099999999998,-0.03256099999999998,-0.018937999999999993,llm,mistral-small-3.2-24b,with_formula,0.001123,0.987654,0.0012798775430218,0.4088036196427294,0.0305522587512015,-0.007955524230322801,-0.0183245099570215,-0.020053275368876602,-0.015024810417190204,0.015527448334011299
EBAY,2025-05-08,S - Sale,,,-0.027574000000000008,-0.024436,-0.08513100000000001,-0.06060622050420172,-0.04537522050420171,-0.0729492205042017,llm,mistral-small-3.2-24b,with_formula,0.000927,0.9271,0.0010094819096615,0.4153824005798329,0.0034315046657318136,-0.009898940939365698,-0.041566209663734,-0.010737301732066402,-0.007650251940345592,-0.004218747274613776
EBAY,2025-05-13,S - Sale+OE,,,-0.10054923233604991,-0.022989999999999997,0.012139000000000004,0.031576677094209804,0.03445829484840131,-0.06609093748764859,llm,mistral-small-3.2-24b,with_formula,0.000306,0.980612,0.0012038592126763,0.3855869451203673,-0.0385915269129504,-0.0115447398676127,0.0232818283695813,0.028114258477358902,0.036813334512411304,-0.001778192400539091
EBAY,2025-05-22,S - Sale,,,-0.006352522337011907,0.010695,-0.005194000000000001,0.0094739807964179,0.0094739807964179,0.003121458459406006,llm,mistral-small-3.2-24b,with_formula,0.000630700795172,0.9000512511200146,0.0015301675891552,0.3881732858100091,0.010657326469411503,0.0044895661561342,0.0006196259919090995,0.01183110608736897,0.01183110608736897,0.02248843255678047
EBAY,2025-05-23,S - Sale+OE,,,-0.0005781360648652997,0.0063,-0.005289,0.0047724845690767,0.0047724845690767,0.004194348504211408,llm,mistral-small-3.2-24b,with_formula,0.000312,0.952341,0.00153242277747,0.3867602842601705,0.009679677038216993,-0.0008675763514222,-0.0048108799246149,0.0064935174270274,0.0064935174270274,0.0161731944652444
GOOGL,2024-11-01,S - Sale,,,0.036977,-0.006537,-0.013616000000000001,-0.007816000000000002,-0.064808,-0.027831,llm,mistral-small-3.2-24b,with_formula,0.000635,0.950123,0.0003516100690487,0.9102552675653396,0.0550560628274251,-0.0065820273327593,-0.0136216825845916,-0.007815986858959501,-0.0666012441521454,-0.011545181324720294
GOOGL,2024-11-04,S - Sale,,,0.038318000000000005,-0.019346000000000002,-0.013698,-0.020835,-0.078415,-0.04009699999999999,llm,mistral-small-3.2-24b,with_formula,0.000805,0.9206,0.0002449709998855,0.9048655168235712,0.0476361449825759,-0.0194305047001396,-0.0106934302411021,-0.0185309163200541,-0.0771643639519288,-0.029528218969352905
GOOGL,2024-11-06,S - Sale,,,0.0196,0.02137,0.017786,0.001971999999999998,-0.044792000000000005,-0.02519200000000001,llm,mistral-small-3.2-24b,with_formula,0.000923,0.923456,1.3111807582082485e-07,0.9252432337022444,0.024203453319752294,0.0226545057139849,0.0191838651684238,0.004979473064975901,-0.03716781142629729,-0.012964358106544996
GOOGL,2024-11-07,S - Sale,,,0.031347,-0.007817999999999999,0.008108,-0.013552000000000002,-0.057142000000000005,-0.025795,llm,mistral-small-3.2-24b,with_formula,0.001234,0.987654,-0.0001153234206971,0.91979653175209,0.05240788534904289,-0.0037096894986396005,0.01503270790476,-0.0068702629676768,-0.041840933573231,0.010566951775811895
GOOGL,2024-11-12,S - Sale,,,0.049790937962393006,-0.006196999999999999,-0.015747,-0.077732,-0.058850999999999994,-0.00906006203760699,llm,mistral-small-3.2-24b,with_formula,0.00093,0.95231,-3.2024216387627614e-05,0.9216020154316068,0.054653347826937,-0.004729250775213601,-0.014193391132208799,-0.0741328893100724,-0.05295691434728331,0.0016964334796536976
GOOGL,2024-11-18,S - Sale,,,0.028392639999999993,0.022146,-0.05561500000000001,-0.03215000000000001,-0.04203700000000001,-0.013644360000000001,llm,mistral-small-3.2-24b,with_formula,0.000630653,0.982425,-0.000187385803431,0.9272491522871632,0.0322235987126864,0.0175535505385238,-0.0592600748412397,-0.0345452499574567,-0.039445206961410594,-0.007221608248724194
GOOGL,2024-11-21,S - Sale,,,-0.04859900000000001,-0.068695,-0.05413700000000001,-0.05911100000000001,0.02688468959675789,-0.021714310403242114,llm,mistral-small-3.2-24b,with_formula,0.001923,0.923456,-6.553217740188109e-05,0.9212261283626942,-0.013186897261455506,-0.066260000477218,-0.0480768856344536,-0.05110287997720871,0.060727754623363,0.04754085736190749
GOOGL,2024-12-02,S - Sale,,,-0.06509799999999999,0.00020699999999999972,-0.0011859999999999996,0.09614699999999998,0.11130599999999999,0.046207999999999985,llm,mistral-small-3.2-24b,with_formula,0.000923,0.987654,0.0001549355704264,0.9082926795827196,-0.0615945354400862,0.0014666801336654994,0.003152590849718899,0.0988364622673253,0.1110164239754268,0.049421888535340595
GOOGL,2024-12-10,S - Sale,,,-0.07358499999999998,0.094638,0.067534,0.08803199999999999,0.09160599999999998,0.018020999999999995,llm,mistral-small-3.2-24b,with_formula,0.001923,0.923456,-9.576762148564115e-05,0.9174563829974652,-0.0469461294380189,0.0974173996468313,0.0738021283473978,0.0997855810974804,0.10342159039493248,0.05647546095691359
GOOGL,2024-12-13,S - Sale,,,0.10101,-0.012284,0.0032059999999999988,0.017339,0.01196,0.11296999999999999,llm,mistral-small-3.2-24b,with_formula,0.001123,0.950214,-5.39212183316201e-05,0.9178666270395868,0.1155261107272751,-0.0121954839982276,0.006035138470620699,0.0214451219906309,0.0173803234878201,0.1329064342150952
GOOGL,2024-12-17,S - Sale,,,0.084712,-0.004795,0.0003190000000000007,-0.001619999999999999,0.010702,0.09541399999999997,llm,mistral-small-3.2-24b,with_formula,0.001123,0.923456,0.0002390576390767,0.8733991490266051,0.1083166618397739,-0.0087851269756044,-0.0014074468164243003,-0.0019183425992467997,0.011880269897979,0.12019693173775292
GOOGL,2025-01-02,S - Sale,,,0.015275000000000002,-0.002175,0.024162999999999997,0.021490999999999996,0.011835000000000002,0.027110000000000002,llm,mistral-small-3.2-24b,with_formula,0.000923,0.950214,0.0001366366786181,0.882820825674334,0.011908903108061003,-0.0013651734945093002,0.0235713637916889,0.0204400249993011,0.013989576365116203,0.0258984794731772
GOOGL,2025-01-03,S - Sale,,,0.008482000000000003,-0.003796,0.013774000000000002,0.017087,6.000000000000796e-06,0.008488000000000006,llm,mistral-small-3.2-24b,with_formula,0.000923,0.952341,0.0001613430076049,0.8792442324088722,0.025764313422343595,-0.0032482871476486,0.014063701480565502,0.0162239107882477,0.007832435662976402,0.033596749085319996
GOOGL,2025-01-13,S - Sale,,,0.014896999999999999,-0.00638,-0.0033820000000000005,-0.015728,0.018578000000000004,0.033475000000000005,llm,mistral-small-3.2-24b,with_formula,0.001123,0.987654,0.0006594223495333,0.8935653027423296,0.007025411334335498,-0.0082748663677973,-0.0041522687016939,-0.0151865276678892,0.031103994869062495,0.038129406203398
GOOGL,2025-01-15,S - Sale,,,0.008957999999999999,0.0020749999999999996,0.002998,0.0003510000000000006,0.034529000000000004,0.043486999999999984,llm,mistral-small-3.2-24b,with_formula,0.001623,0.9206,0.0008039728537437,0.9180516618015176,0.0033261370077030984,0.0015802128674671,0.0029361254535818,0.005952433983788998,0.0457921904046212,0.0491183274123243
GOOGL,2025-01-30,S - Sale,,,-0.016163,0.039432999999999996,0.049406,-0.050432000000000005,-0.085513,-0.101676,llm,mistral-small-3.2-24b,with_formula,0.001923,0.923456,0.000762631636426,0.9630879774527044,-0.009355051060614697,0.0423306197304084,0.0512624027381392,-0.0488919688453099,-0.0804588012075968,-0.08981385226821151
GOOGL,2025-01-31,S - Sale,,,0.021881032023519,0.015376,-0.048112999999999996,-0.07454599999999999,-0.103091,-0.081209967976481,llm,mistral-small-3.2-24b,with_formula,0.000923,0.987654,0.0006450187779447,0.9656285297849574,0.011781260882048901,0.0177014283589025,-0.048586558775887106,-0.0769087772068312,-0.10368947820784255,-0.09190821732579367
GOOGL,2025-02-03,S - Sale,,,0.028534999999999998,0.010434,-0.08769300000000001,-0.10868156893588171,-0.1352405689358817,-0.10670556893588168,llm,mistral-small-3.2-24b,with_formula,0.000687,0.987654,0.0006596170625578,0.964512178589642,0.0316283374081409,0.0091356525525485,-0.0907003318029525,-0.10965484558167532,-0.12759094553739206,-0.09596260812925113
GOOGL,2025-02-19,S - Sale,,,-0.082246,0.008531,0.013395,-0.012539999999999999,0.027557000000000005,-0.054688999999999995,llm,mistral-small-3.2-24b,with_formula,0.000312,0.987654,0.0003792788694122,0.9601673779917764,-0.0820930276785318,0.0073482542132924,0.010501467624006099,-0.020098904680017904,0.015870634886299494,-0.0662223927922323
GOOGL,2025-02-20,S - Sale,,,-0.108874,-0.004102,0.005795,-0.014776000000000001,0.027854,-0.08102,llm,mistral-small-3.2-24b,with_formula,0.00063,0.98461,0.0003991329221787,0.9609167684261292,-0.1004452320704769,-0.0055810989424621,-0.0053792556251521005,-0.0272568861850371,0.015243872438099295,-0.08520135963237763
GOOGL,2025-02-21,S - Sale,,,-0.11284799999999999,-0.004868,-0.022049999999999997,-0.017961999999999995,0.011595999999999995,-0.101252,llm,mistral-small-3.2-24b,with_formula,0.000806,0.9806,0.0004349926724908,0.9482086240406652,-0.1183578729751266,-0.0061630415975879,-0.0245641529399885,-0.023087710708188398,0.0050369804481399,-0.1133208925269867
GOOGL,2025-02-28,S - Sale,,,-0.04394699999999999,-0.005512,0.026041,0.043609,0.014306000000000006,-0.02964099999999999,llm,mistral-small-3.2-24b,with_formula,0.000312,0.987654,0.0002721579515759,0.95557705150401,-0.049310491032681605,-0.0053144264407109,0.0249699467270551,0.040597684333998095,0.0079897869738579,-0.041320704058823696
GOOGL,2025-03-03,S - Sale,,,-0.046708,0.030067,0.052064,0.037386,0.019058000000000005,-0.027649999999999994,llm,mistral-small-3.2-24b,with_formula,0.00063,0.98261,0.0003706090977051,0.9596563846101428,-0.0522083523259865,0.0321782543091675,0.052463948534328106,0.0350305871738415,0.014099535845544896,-0.03810881648044159
GOOGL,2025-03-13,S - Sale,,,0.023900076923076996,-0.0067469999999999995,-0.022078999999999998,-0.017412999999999998,-0.049464999999999995,-0.025564923076923,llm,mistral-small-3.2-24b,with_formula,0.00063,0.95,-0.0002180545480936,0.985271875877773,0.026552888885102113,-0.0152219123820549,-0.0302506931351751,-0.0246446318417733,-0.054511324310809406,-0.0279584354257073
GOOGL,2025-03-27,S - Sale,,,-0.031201999999999994,-0.034914,-0.024204,0.005323000000000001,0.010904,-0.020298000000000004,llm,mistral-small-3.2-24b,with_formula,0.000923,0.980612,-0.000544819635315,0.942873791573877,-0.0243454097192133,-0.034271185596072104,-0.022377057977655705,0.0078060677216218975,0.0191519187480369,-0.0051934909711764034
GOOGL,2025-03-31,S - Sale,,,-0.063618,0.010478000000000001,0.039978,0.038483,0.032246000000000004,-0.031372,llm,mistral-small-3.2-24b,with_formula,0.00037,0.950622,-0.0005239283890181,0.9379491143613558,-0.0550273645957933,0.0118884797412914,0.0414711947067496,0.0427510785358578,0.0404777572166622,-0.014549607379131104
GOOGL,2025-04-01,S - Sale,,,-0.051644999999999996,-0.001614,0.031509999999999996,0.040355,0.026077000000000003,-0.025567999999999997,llm,mistral-small-3.2-24b,with_formula,0.001123,0.987654,-0.0004936287107714,0.9323871448539084,-0.0428909618527807,0.00031619129257080044,0.036975108346309404,0.048035987982382,0.037196796490385695,-0.005694165362394995
GOOGL,2025-04-04,S - Sale,,,-0.02553200000000001,0.023482,0.01554,0.033530000000000004,0.018043999999999998,-0.007488000000000005,llm,mistral-small-3.2-24b,with_formula,0.001234,0.987654,-0.000314324896896,0.9112073297008526,-0.024138317795634304,0.0193528778368935,0.018894003410500397,0.0379482689137192,0.023520026048430797,-0.0006182917472035047
GOOGL,2025-04-14,S - Sale,,,0.010649999999999998,-0.010302,-0.013854,-0.014841,-0.031158,-0.020508000000000002,llm,mistral-small-3.2-24b,with_formula,0.000923,0.923456,-0.000396953682265,0.9234117161439978,0.015780576791819097,-0.009727757788744101,-0.0126548887915568,-0.007342424992008501,-0.0180546662475687,-0.0022740894557496064
GOOGL,2025-04-18,S - Sale,,,0.02614699999999999,,0.001991,-0.0045249999999999995,-0.129944,-0.103797,llm,mistral-small-3.2-24b,with_formula,0.001823,0.923456,-0.0004124475096987,0.9250448536020957,0.0382813392404824,,0.0049327808759895,0.003807674155013099,-0.05963112810073039,-0.021349788860247992
GOOGL,2025-05-01,S - Sale,,,-0.026074000000000003,0.002569,0.013104999999999999,-0.059323,-0.009156871006837208,-0.035230871006837194,llm,mistral-small-3.2-24b,with_formula,0.001234,0.987654,-0.0004722945286821,0.9654012236622596,-0.015675782889713625,0.004428427903219101,0.0160338756679829,-0.0589346878562404,-0.005353297826466617,-0.021029080716180232
GOOGL,2025-05-09,S - Sale,,,-0.06471904766025639,-0.010506,0.005375000000000001,0.008594000000000001,0.04022100000000001,-0.024498047660256407,llm,mistral-small-3.2-24b,with_formula,0.0006307692307692,0.9202702702702704,-0.0003846318173579,0.8809310706794995,-0.0557038900479906,-0.0095707002951093,0.0134837344946564,0.0186520219753541,0.05522590084036849,-0.0004779892076220869
GOOGL,2025-05-15,S - Sale,,,-0.0681013254868665,0.0017559999999999997,-0.010619014232998002,0.04093798576700199,0.04027098576700199,-0.027830339719864493,llm,mistral-small-3.2-24b,with_formula,0.001234,0.987654,-0.0004984951730686,0.8826300188607791,-0.04836990652665141,0.0030996684798536003,-0.006027756178822898,0.041817954187532404,0.0455359334037991,-0.0028339731228523082
GOOGL,2025-05-23,S - Sale,,,-0.0022747289821112085,-0.004634,-0.001077,-0.0056229999999999995,-0.0056229999999999995,-0.007897728982111205,llm,mistral-small-3.2-24b,with_formula,0.00063070045914,0.920013012420012,-0.0004609810837734,0.8788107760115738,0.006084744178659823,-0.0048303766769765,0.0020934788468136,-0.0011852187019470999,-0.0011852187019470999,0.004899525476712714
IBM,2024-11-08,S - Sale,,,-0.12010694195292768,0.00014,-0.003641,0.003620000000000001,0.07418690769086761,-0.0459200342620601,llm,mistral-small-3.2-24b,with_formula,0.000635,0.920312,0.0016086175880943,0.4220443490485572,-0.12044439346932509,-0.001847597115914,-0.010771972844288701,-0.0191444906833113,0.051308096118679695,-0.0691362973506454
IBM,2024-11-13,P - Purchase,,,-0.14021799999999998,-0.0005950684563786998,0.010289931543621301,0.0660239315436213,0.06722363942149039,-0.07299436057850961,llm,mistral-small-3.2-24b,with_formula,0.000630864570056,0.9230076222093022,0.0015650127790732,0.4254470132197775,-0.1329521900602884,-0.008154863101387501,-0.008326376376372801,0.050599999299118306,0.057519503657389705,-0.07543268640289871
IBM,2025-02-28,P - Purchase,,,0.055764429894479196,-0.018692936,-0.008809936,0.070022064,0.006062063999999999,0.0618264938944792,llm,mistral-small-3.2-24b,with_formula,0.000357,0.9826,0.0009334989550297,0.3396511207997889,0.01585721394266039,-0.0096001866600699,-0.0113968709993303,0.029200935648085003,-0.035181432807312306,-0.019324218864651903
IBM,2025-03-03,S - Sale,,,0.050138,0.030814,0.068951,0.062558,0.027659000000000003,0.077797,llm,mistral-small-3.2-24b,with_formula,0.000923,0.923456,0.0016500688886761,0.3371925483365992,0.0066727472554586,0.009945901913787301,0.040221449788480905,-0.011072930021710095,-0.036913779798319474,-0.030241032542860872
INTC,2024-11-06,P - Purchase,,,0.03070420649824409,0.078515,0.033482,0.038176145813955495,0.0004641458139554924,0.031168352312199603,llm,mistral-small-3.2-24b,with_formula,0.0006306957,0.980606413,-0.0043213353963193,1.462805109656523,0.10363060269176949,0.0647160751841165,0.026098528087656794,0.0638108805419009,0.044724931584628896,0.14835553427639836
INTC,2024-11-08,S - Sale,,,0.0979076015370281,-0.002159,-0.049856,-0.030356692307692397,-0.09650417677527458,0.0014034247617534992,llm,mistral-small-3.2-24b,with_formula,0.0006306725663716,0.9820671255078344,-0.0045110221744416,1.4561496985880282,0.1518609553014642,0.0020586307833856,-0.028140773535977902,0.0159557203473897,-0.021032809654223102,0.13082814564724105
LRCX,2024-11-04,S - Sale,,,-0.126377,0.011760000000000001,-0.008942999999999996,-0.042963999999999995,-0.063255,-0.189632,llm,mistral-small-3.2-24b,with_formula,0.001123,0.987654,-0.0012581086356767,1.848269266108028,-0.08321868858083192,0.0038830421017937997,-0.052535204571959,-0.07414149322112251,-0.08317557942264392,-0.16639426800347587
LRCX,2025-02-21,S - Sale+OE,,,0.0691902788599337,-0.011981,-0.044594999999999996,-0.07455600000000001,-0.017272270575547307,0.0519180082843864,llm,mistral-small-3.2-24b,with_formula,0.000630700791421,0.920054617073012,-0.0022384217984809,1.7233778860714477,0.09525200527271568,0.0063813317781023,-0.002295600010455699,0.0015608470901667948,0.11932660616088617,0.21457861143360188
META,2024-11-01,S - Sale+OE,,,-0.033354999999999996,-0.008185,-0.039895,-0.035069,-0.057793,-0.09114799999999999,llm,mistral-small-3.2-24b,with_formula,0.001641,0.9306,0.0018732325685942,1.1781820731023869,-0.0476768512513875,-0.0120393101352208,-0.056495347173974995,-0.0617631711118933,-0.09112377864758849,-0.138800629898976
META,2024-11-05,S - Sale,,,-0.038310278032258796,-0.022087669020000103,-0.007500669020000104,-0.0380050482347149,-0.04117244146334689,-0.07948271949560567,llm,mistral-small-3.2-24b,with_formula,0.000823,0.987654,0.0017363919748017,1.1787233388085547,-0.058897852630991,-0.0347790972548825,-0.026707378065981096,-0.0588131642774503,-0.07282824940936511,-0.1317261020403561
META,2024-11-07,S - Sale,,,-0.043691,0.015646,0.006628,-0.015515,-0.009413999999999999,-0.053105,llm,mistral-small-3.2-24b,with_formula,0.000923,0.987654,0.0015929060568339,1.182994684106701,-0.06868000780155989,0.0082905033956825,-0.0022059765583280996,-0.0229625314497263,-0.0324314948346197,-0.10111150263617961
META,2024-11-19,S - Sale+OE,,,-0.072956,0.009673,-0.004208000000000001,0.009648999999999998,0.04847999999999999,-0.024476,llm,mistral-small-3.2-24b,with_formula,0.000949,0.987654,0.0013038497223234,1.1791853396642158,-0.08997032453942501,0.0064016380313224,-0.009849276206942401,-0.0013669361786981006,0.026867254470340603,-0.06310307006908439
META,2024-11-21,S - Sale,,,-0.05310500000000001,-0.012934000000000001,0.002811353511110899,0.0009333535111108993,0.0545113535111109,0.0014063535111109044,llm,mistral-small-3.2-24b,with_formula,0.000939,0.987654,0.0012419406811563,1.1955642870332277,-0.07656061127059267,-0.0161594802445425,-0.003764781831518801,-0.007614586322958601,0.030895004791660602,-0.045665606478932114
META,2024-11-26,S - Sale,,,-0.053042000000000006,0.005711,0.004956,0.052662,0.03289,-0.020152000000000007,llm,mistral-small-3.2-24b,with_formula,0.001234,0.987654,0.0011790435357986,1.1885576625535332,-0.06777279242401571,0.0045962422080607,0.0025792120903714,0.0414762821169276,0.017557990686633797,-0.050214801737381895
META,2024-11-27,S - Sale,,,-0.013534999999999998,-0.001704,0.020009,0.04413700000000001,0.02414200000000001,0.010607000000000005,llm,mistral-small-3.2-24b,with_formula,0.001234,0.987654,0.0011936856428746,1.1930981260694538,-0.0248109099967223,-0.0016782949598714,0.0157547070932787,0.03492643552856021,0.005798944295697511,-0.0190119657010248
META,2024-12-04,S - Sale,,,0.083594257722301,-0.036685,-0.025623,-0.027969,-0.074107,0.009487257722300996,llm,mistral-small-3.2-24b,with_formula,0.000923,0.987654,0.0010922727870923,1.2004124238058902,0.0568501258583532,-0.0468370087988942,-0.0397294324010926,-0.049093469564756,-0.11604857611475537,-0.059198450256402205
META,2024-12-04,S - Sale+OE,,,0.083594257722301,-0.036685,-0.025623,-0.027969,-0.074107,0.009487257722300996,llm,mistral-small-3.2-24b,with_formula,0.000923,0.987654,0.0010922727870923,1.2004124238058902,0.0568501258583532,-0.0468370087988942,-0.0397294324010926,-0.049093469564756,-0.11604857611475537,-0.059198450256402205
META,2024-12-05,S - Sale,,,0.027671999999999995,0.009695000000000002,0.008607000000000002,-0.0014729999999999986,-0.024094,0.003577999999999992,llm,mistral-small-3.2-24b,with_formula,0.00063,0.950214,0.0011504494214605,1.20260424490588,0.009358524151850307,0.006554896861734501,0.007739358994743701,-0.0084309412138771,-0.0423292079137003,-0.03297068376185
META,2024-12-09,S - Sale+OE,,,0.058351999999999994,-0.0008579999999999994,-0.010938,-0.023048999999999997,-0.033318999999999994,0.02503300000000001,llm,mistral-small-3.2-24b,with_formula,0.000923,0.987654,0.0010197203242414,1.170285760759694,0.0414038162937482,0.0011646556629394,-0.014216990356212201,-0.025397771200417803,-0.044079703949092004,-0.002675887655343802
META,2024-12-11,S - Sale,,,0.10246065577889842,0.015341999999999998,-0.029136000000000002,-0.100007,-0.06841299999999999,0.03404765577889839,llm,mistral-small-3.2-24b,with_formula,0.000873,0.950123,0.0008831650014928,1.1714947518090406,0.07449137445220239,0.0077053725636578195,-0.04663767710827918,-0.11176640058024657,-0.08960199948346244,-0.015110625031260037
META,2024-12-11,S - Sale+OE,,,0.10246065577889842,0.015341999999999998,-0.029136000000000002,-0.100007,-0.06841299999999999,0.03404765577889839,llm,mistral-small-3.2-24b,with_formula,0.000873,0.950123,0.0008831650014928,1.1714947518090406,0.07449137445220239,0.0077053725636578195,-0.04663767710827918,-0.11176640058024657,-0.08960199948346244,-0.015110625031260037
META,2024-12-12,S - Sale,,,0.060842,-0.014425,-0.024233,-0.054712213698523596,-0.04112421369852361,0.0197177863014764,llm,mistral-small-3.2-24b,with_formula,0.000607,0.980611,0.0008824455030735,1.169976498003662,0.042908175970721815,-0.014995472030907599,-0.028119852690040102,-0.0559142956210844,-0.04484767291256835,-0.0019394969418465302
META,2024-12-16,S - Sale+OE,,,0.04883099999999999,-0.00969,-0.039239,-0.030707000000000005,-0.009339000000000004,0.03949199999999999,llm,mistral-small-3.2-24b,with_formula,0.000912,0.9506,0.0008276574219017,1.172576137734619,0.031687666961555394,-0.0130386961743753,-0.040600309492625,-0.0388911270378878,-0.017291872664616695,0.014395794296938708
META,2024-12-18,S - Sale,,,0.0645954641773918,-0.00683,-0.012009252637111202,-0.0095232526371112,0.0784127742859658,0.1430082384633576,llm,mistral-small-3.2-24b,with_formula,0.000300162,0.980610631,-7.264982460082918e-05,1.0739254736598856,0.060759570907084,0.0017479694134222004,-0.025979691193033002,-0.021190309430729807,0.06645112344583581,0.1272106943529198
META,2024-12-18,S - Sale+OE,,,0.0645954641773918,-0.00683,-0.012009252637111202,-0.0095232526371112,0.0784127742859658,0.1430082384633576,llm,mistral-small-3.2-24b,with_formula,0.000300162,0.980610631,-7.264982460082918e-05,1.0739254736598856,0.060759570907084,0.0017479694134222004,-0.025979691193033002,-0.021190309430729807,0.06645112344583581,0.1272106943529198
META,2024-12-19,S - Sale,,,0.032336000000000004,-0.028897,-0.013807999999999999,-0.013174999999999997,0.017407000000000006,0.049742999999999996,llm,mistral-small-3.2-24b,with_formula,0.000632,0.950123,8.835062311850564e-05,1.0707721346461132,0.030594907890741967,-0.0301625716890205,-0.0171662251888067,-0.0139181530378384,0.017801684540219104,0.04839659243096106
META,2024-12-23,S - Sale+OE,,,-0.020581000000000006,0.015656,0.016871999999999998,0.036665,0.071488,0.050906999999999994,llm,mistral-small-3.2-24b,with_formula,0.000987,0.952312,6.045604735891634e-05,1.062931030770927,-0.020938772811936797,0.013234793103968901,0.016417595039005202,0.03963622106977831,0.0739071987882155,0.052968425976278696
META,2024-12-26,S - Sale,,,-0.03245999999999999,0.002112000000000001,-0.004606999999999999,0.028591,0.08315600000000004,0.05069600000000002,llm,mistral-small-3.2-24b,with_formula,0.000306,0.9806,0.0001427730597643,1.0708243952661092,-0.039908599730640204,0.006280068266305399,0.0026382159795549994,0.0324176525046108,0.0863806412666992,0.046472041536059
META,2024-12-26,S - Sale+OE,,,-0.03245999999999999,0.002112000000000001,-0.004606999999999999,0.028591,0.08315600000000004,0.05069600000000002,llm,mistral-small-3.2-24b,with_formula,0.000306,0.9806,0.0001427730597643,1.0708243952661092,-0.039908599730640204,0.006280068266305399,0.0026382159795549994,0.0324176525046108,0.0863806412666992,0.046472041536059
META,2024-12-30,S - Sale+OE,,,-0.019199,-0.003252,0.012143000000000001,0.028415999999999997,0.026516000000000005,0.007317000000000004,llm,mistral-small-3.2-24b,with_formula,0.000823,0.987654,0.0001473039795703,1.0738191003104487,-0.022573504730181403,-0.0017672203115782,0.0130651411327794,0.0313433615247692,0.026017741219045928,0.0034442364888645147
META,2025-01-02,S - Sale,,,-0.04392903399999999,0.0162851815,0.0463151815,0.059671181499999996,0.0307201815,-0.013208852499999998,llm,mistral-small-3.2-24b,with_formula,0.000312,0.987654,8.72039341654736e-05,1.0729246467775493,-0.04196561372495275,0.0149669861992171,0.0445160263320746,0.059222875428750196,0.02509484954408676,-0.016870764180865985
META,2025-01-06,S - Sale+OE,,,-0.006283,0.028382,0.041763,0.025943000000000004,0.048588000000000006,0.042305,llm,mistral-small-3.2-24b,with_formula,0.000602,0.9806,0.000213066008161,1.0676080212203334,-0.0044113334589817,0.0292627951747586,0.043628383102056606,0.0262924142148887,0.04946723749766269,0.04505590403868099
META,2025-01-08,S - Sale,,,0.038171,-0.022122,0.008561999999999997,-0.030522000000000007,0.15156999999999998,0.189741,llm,mistral-small-3.2-24b,with_formula,0.000826,0.982345,0.0002470372205682,1.0642425968714138,0.054069190953090596,-0.0225229334270434,0.011702288101236798,-0.0342114217421146,0.14312348042414497,0.1971926713772356
META,2025-01-08,S - Sale+OE,,,0.038171,-0.022122,0.008561999999999997,-0.030522000000000007,0.15156999999999998,0.189741,llm,mistral-small-3.2-24b,with_formula,0.000826,0.982345,0.0002470372205682,1.0642425968714138,0.054069190953090596,-0.0225229334270434,0.011702288101236798,-0.0342114217421146,0.14312348042414497,0.1971926713772356
META,2025-01-10,S - Sale,,,0.048159653697777804,0.023955,0.008892000000000002,-0.0037839999999999974,0.102245,0.15040465369777783,llm,mistral-small-3.2-24b,with_formula,0.00063,0.95,0.0002020608632414,1.0668714678919435,0.0466977471485374,0.0255902277130607,0.008481931507683704,-0.005596285420702497,0.10444895586980846,0.15114670301834585
META,2025-01-13,S - Sale+OE,,,0.055094,-0.029328,-0.028149,-0.011078000000000003,0.084144,0.13923799999999997,llm,mistral-small-3.2-24b,with_formula,0.000923,0.987654,0.0002813146998792,1.0648556372450209,0.057091890319919,-0.0294100732168587,-0.031533158177043295,-0.017004109658462704,0.08371530242590337,0.14080719274582237
META,2025-01-15,S - Sale,,,0.06103800000000001,0.029741999999999998,0.005858999999999998,0.082068,0.27920300000000003,0.34024100000000007,llm,mistral-small-3.2-24b,with_formula,0.000912,0.950321,0.0002823590092292,1.0644730733153367,0.058212224229113804,0.023662433771953602,-0.0042289123081902,0.069517197303546,0.26521923413404513,0.32343145836315884
META,2025-01-15,S - Sale+OE,,,0.06103800000000001,0.029741999999999998,0.005858999999999998,0.082068,0.27920300000000003,0.34024100000000007,llm,mistral-small-3.2-24b,with_formula,0.000912,0.950321,0.0002823590092292,1.0644730733153367,0.058212224229113804,0.023662433771953602,-0.0042289123081902,0.069517197303546,0.26521923413404513,0.32343145836315884
META,2025-01-16,S - Sale,,,0.04987700000000001,-0.012374,-0.012681,0.027493999999999998,0.12027799999999998,0.17015500000000003,llm,mistral-small-3.2-24b,with_formula,0.000306,0.9806,0.0001792219497156,1.063589801697075,0.0493812405560432,-0.014012090229977299,-0.015027842475095799,0.023288079758327997,0.120561648348812,0.1699428889048552
META,2025-01-21,S - Sale+OE,,,0.030511999999999997,-0.001461,0.039256,0.1174218716666666,0.15263987166666657,0.18315187166666658,llm,mistral-small-3.2-24b,with_formula,0.00071,0.9826,9.145799109219548e-05,1.055776586100958,0.0287133887422,-0.0030455063963723,0.0377800816296511,0.11696333926369369,0.15173301661218067,0.18044640535438067
META,2025-01-22,S - Sale+OE,,,0.030216,0.017523,0.08709800000000001,0.116531,0.1583206830000001,0.1885366830000001,llm,mistral-small-3.2-24b,with_formula,0.000607,0.980611,9.400491482621182e-05,1.0544776474945468,0.0278362092599922,0.0161853395731492,0.0900704372995445,0.1178130773715124,0.1595909596348811,0.18742716889487332
META,2025-01-23,S - Sale,,,0.008259000000000002,0.040652,0.09127600000000001,0.11728200000000003,0.16490699999999997,0.17316599999999996,llm,mistral-small-3.2-24b,with_formula,0.000912,0.9506,5.731285591226024e-05,1.0535776115086244,0.0011633716146636007,0.0408878537940869,0.0928052774049878,0.12020706552033401,0.16961111137144683,0.17077448298611045
META,2025-01-27,S - Sale+OE,,,0.018658999999999995,0.050960000000000005,0.07797100000000001,0.101228,0.12182499999999999,0.14048400000000003,llm,mistral-small-3.2-24b,with_formula,0.000903,0.9506,-7.841464951467746e-05,1.0398138504908787,0.024274955283127602,0.0520451968701115,0.0797802079173438,0.10395827955372751,0.12608601810470008,0.1503609733878277
META,2025-01-29,S - Sale,,,0.17284399999999997,0.042637999999999995,0.102001,0.136738,0.09000599999999999,0.26285,llm,mistral-small-3.2-24b,with_formula,0.000923,0.987654,1.5603360785776356e-05,1.0225872071727315,0.17239910583437962,0.0427619949152176,0.1032550950303376,0.137448796552815,0.08953740007606441,0.26193650591044393
META,2025-01-29,S - Sale+OE,,,0.17284399999999997,0.042637999999999995,0.102001,0.136738,0.09000599999999999,0.26285,llm,mistral-small-3.2-24b,with_formula,0.000923,0.987654,1.5603360785776356e-05,1.0225872071727315,0.17239910583437962,0.0427619949152176,0.1032550950303376,0.137448796552815,0.08953740007606441,0.26193650591044393
META,2025-01-30,S - Sale,,,0.090126,0.018946,0.039034000000000006,0.059632000000000004,0.018086999999999995,0.108213,llm,mistral-small-3.2-24b,with_formula,0.000923,0.982636,8.33138563028278e-05,1.0162951280290535,0.093812743170714,0.018788231965684098,0.0387441289135052,0.059781949858172,0.017153787622813495,0.11096653079352749
META,2025-02-03,S - Sale+OE,,,0.08967843648388199,0.019707,0.039851,0.0386326279779799,-0.0045193720220201,0.08515906446186192,llm,mistral-small-3.2-24b,with_formula,0.000923,0.923456,0.0001236214185387,1.0145291784483523,0.0956532774001865,0.0198779596402457,0.0407832723428488,0.03792468421947961,-0.004236330648013994,0.09141694675217249
META,2025-02-05,S - Sale,,,0.23591141561361953,0.007293999999999999,0.029906000000000002,0.052372,-0.070914,0.16499741561361947,llm,mistral-small-3.2-24b,with_formula,0.000923,0.923456,0.0001523902704948,1.0023625073111262,0.24542640924596099,0.0074706174102134,0.029635964560384,0.0498597411960888,-0.0751904390868732,0.17023597015908778
META,2025-02-05,S - Sale+OE,,,0.23591141561361953,0.007293999999999999,0.029906000000000002,0.052372,-0.070914,0.16499741561361947,llm,mistral-small-3.2-24b,with_formula,0.000923,0.923456,0.0001523902704948,1.0023625073111262,0.24542640924596099,0.0074706174102134,0.029635964560384,0.0498597411960888,-0.0751904390868732,0.17023597015908778
META,2025-02-06,S - Sale,,,0.11867599999999998,0.022067,0.023308,0.026784,-0.014628000000000002,0.104048,llm,mistral-small-3.2-24b,with_formula,0.000923,0.982642,0.0002607033840549,1.0123097898397344,0.12067190109378352,0.0217478122041438,0.022321083251750102,0.025141978424471502,-0.015749446665267106,0.1049224544285164
META,2025-02-10,S - Sale+OE,,,0.1520612551020408,0.0012849999999999997,0.006193000000000001,-0.048449,-0.030053000000000003,0.1220082551020408,llm,mistral-small-3.2-24b,with_formula,0.00063,0.92061,0.0001808341101832,1.0132737413021116,0.156678706758761,0.0007270283762462002,0.003768806169192001,-0.0513551213416402,-0.0330455976273353,0.12363310913142571
META,2025-02-12,S - Sale+OE,,,0.15393099999999998,-0.0031200000000000004,0.004128,-0.045880000000000004,-0.047041,0.10689,llm,mistral-small-3.2-24b,with_formula,0.000923,0.987654,0.0003785925490601,0.9962388974677172,0.1567477098131615,-0.0039212928790801,0.0027794121682515995,-0.0477431095436608,-0.0504389683359349,0.10630874147722662
META,2025-02-13,S - Sale,,,0.14367700000000003,-0.003578999999999999,-0.030411,-0.051358999999999995,-0.03758299999999999,0.106094,llm,mistral-small-3.2-24b,with_formula,0.000824,0.952341,0.0003171589458775,1.0001193039254055,0.14656378501891631,-0.004236666838267,-0.0328339166187906,-0.05441578950432149,-0.045649176261749205,0.1009146087571671
META,2025-02-18,S - Sale+OE,,,0.059626000000000005,-0.045862,-0.049562,-0.027716,-0.063209,-0.0035830000000000024,llm,mistral-small-3.2-24b,with_formula,0.0006306532012159,0.9200107002050024,0.0003984217255349,1.0105546909592742,0.06828705896492743,-0.0474288990690751,-0.050241529070189805,-0.038935152590665704,-0.07445632078039141,-0.006169261815463994
META,2025-02-19,S - Sale+OE,,,0.03732900000000001,-0.026535999999999997,-0.032836,-0.009065999999999998,-0.032758999999999996,0.004569999999999991,llm,mistral-small-3.2-24b,with_formula,0.0006308645700063,0.922009554145854,0.0002232756145741,1.011976371194781,0.03385729449484699,-0.0267434708408161,-0.0314868401946719,-0.008761948217094896,-0.0285732121687529,0.005284082326094095
META,2025-02-24,S - Sale+OE,,,-0.026418999999999998,-0.013108000000000002,0.012580999999999998,-0.007272000000000001,-0.019942,-0.046360999999999986,llm,mistral-small-3.2-24b,with_formula,0.000632,0.987654,9.3110437699303e-06,1.0153473444287695,-0.026818826754642,-0.012442260521649701,0.013417660973193399,-0.0050361598674303,-0.017811328551311595,-0.044630155305953594
META,2025-02-26,S - Sale,,,-0.03559283072114419,0.025917,0.030337,-0.007776000000000002,-0.040909,-0.0765018307211442,llm,mistral-small-3.2-24b,with_formula,0.001123,0.987654,0.0005444583118161,0.95682530965379,-0.0430860891453926,0.024771579026316402,0.0287436065667767,-0.010164636954385294,-0.045586424568629894,-0.08867251371402249
META,2025-02-27,S - Sale,,,-0.023449999999999988,0.004619,-0.009336,-0.027517,-0.058814,-0.08226399999999999,llm,mistral-small-3.2-24b,with_formula,0.000823,0.923456,0.0004828740026641,0.9622915440414674,-0.025165183110130992,0.0022811945398749003,-0.012549357023632999,-0.0311198866284417,-0.0770316701950743,-0.10219685330520531
META,2025-02-28,S - Sale,,,-0.030719000000000007,-0.001092,-0.0038399999999999997,-0.036832,-0.066911,-0.09763,llm,mistral-small-3.2-24b,with_formula,0.000312,0.987654,0.0005686422712159,0.9662402007182992,-0.0388620614559591,-0.0012175660927647,-0.005075084615700999,-0.041053553857529894,-0.07544566277906739,-0.11430772423502653
META,2025-03-03,S - Sale,,,-0.014307275229357704,-0.013144000000000001,-0.031499,-0.03687,-0.052760999999999995,-0.06706827522935771,llm,mistral-small-3.2-24b,with_formula,0.00038,0.952,0.0006666400567107,0.9630630565801742,-0.03550875044634309,-0.0151750012392429,-0.034293434559098696,-0.0446647017379673,-0.0639992576120195,-0.0995080080583626
META,2025-03-04,S - Sale,,,-0.026802,-0.008209999999999999,-0.0367171761904761,-0.0394641761904761,-0.04395217619047609,-0.07075417619047608,llm,mistral-small-3.2-24b,with_formula,0.000312,0.987654,0.0007288675508245,0.9582495258579729,-0.0377029889669049,-0.0093251372902199,-0.039634567180736796,-0.046571950166025194,-0.054687660285649,-0.09239064925255389
META,2025-03-05,S - Sale,,,-0.05588799999999999,-0.006839,-0.020282,-0.017447000000000004,-0.013542035221939894,-0.06943003522193993,llm,mistral-small-3.2-24b,with_formula,0.000303,0.9506,0.0008563063517299,0.947893096029052,-0.06712490462182122,-0.008622468905095201,-0.026917352025630403,-0.027568737559134204,-0.02933437994779591,-0.09645928456961708
META,2025-03-06,S - Sale,,,-0.06493,-0.030359999999999998,-0.023420999999999997,-0.04225399999999999,-0.049037000000000004,-0.113967,llm,mistral-small-3.2-24b,with_formula,0.000966,0.987654,0.0008447766979099,0.9456638746491646,-0.0453897026129557,-0.030780789942832502,-0.024212060591185504,-0.038589359981084106,-0.0462341909148814,-0.09162389352783709
META,2025-03-12,S - Sale,,,-0.016406,-0.017218999999999998,-0.020836999999999998,-0.03841,-0.04328800000000001,-0.059694,llm,mistral-small-3.2-24b,with_formula,0.001234,0.987654,0.0009337900972113,0.9195164844103448,-0.0326543472054528,-0.0188806902978199,-0.022359741806414098,-0.0385977214816859,-0.0436029949160814,-0.07625734212153422
META,2025-03-13,S - Sale,,,-0.004242999999999997,-0.024176999999999997,-0.052512,-0.051608000000000015,-0.06941,-0.073653,llm,mistral-small-3.2-24b,with_formula,0.001123,0.987654,0.0009990439146421,0.9185201676537212,-0.013636632878717298,-0.0250133561423335,-0.0558332836397272,-0.0497793561340507,-0.06774754466637699,-0.08138417754509428
META,2025-03-19,S - Sale,,,-0.064778,-0.009591,0.016766999999999997,-0.014673000000000005,-0.012787000000000007,-0.07756500000000001,llm,mistral-small-3.2-24b,with_formula,0.001123,0.987654,0.0015394279236793,0.9082942013031706,-0.08518157951965238,-0.006610946559288599,0.020299138597397,-0.0111744761800385,-0.026856760286941596,-0.11203833980659396
META,2025-03-20,S - Sale,,,-0.069727,0.018464,0.041904000000000004,0.010538000000000002,0.037120999999999994,-0.032606000000000024,llm,mistral-small-3.2-24b,with_formula,0.000912,0.923456,0.0013224946218257,0.9124991437769312,-0.09418103486921771,0.0164421799110285,0.0388210893496361,0.0018629774863237018,0.023458533560029107,-0.07072250130918858
META,2025-03-26,S - Sale,,,-0.03780599999999999,-0.012820999999999999,-0.028376000000000002,-0.058886,-0.098015,-0.135821,llm,mistral-small-3.2-24b,with_formula,0.001234,0.987654,0.0011064473809686,0.916225597245412,-0.044252861975194575,-0.0168797661055066,-0.036625236146318796,-0.07595325682982731,-0.11536634173682521,-0.15961920371201982
META,2025-03-27,S - Sale,,,-0.020405960377063513,-0.026819,-0.017741,-0.062092999999999995,-0.09854142192220271,-0.1189473822992662,llm,mistral-small-3.2-24b,with_formula,0.000923,0.982642,0.0011610364838829,0.9184723701714544,-0.031183223896086798,-0.029262487310259704,-0.022257190095535305,-0.0691463732312325,-0.1189553504176181,-0.1501385743137049
META,2025-04-02,S - Sale,,,-0.039924999999999995,-0.044235,-0.015909999999999994,-0.028798999999999998,-0.086216,-0.126141,llm,mistral-small-3.2-24b,with_formula,0.000823,0.9206,0.0011646818001372,0.9178303315500808,-0.0575849710438308,-0.0486184615223407,-0.026221794973422304,-0.038195386769171,-0.10348749147108711,-0.1610724625149179
META,2025-04-03,S - Sale,,,-0.024267,-0.026360999999999996,0.004736000000000004,-0.020245999999999997,-0.06259500000000001,-0.08686200000000001,llm,mistral-small-3.2-24b,with_formula,0.000712,0.982636,0.0011864153047648,0.9201533000575296,-0.040702429217562605,-0.0340921193979821,-0.006012729254111004,-0.025608605111270107,-0.0752135347402978,-0.11591596395786039
META,2025-04-09,S - Sale,,,0.013819999999999997,0.0023040000000000005,-0.053011,-0.078331,-0.046844,-0.03302399999999999,llm,mistral-small-3.2-24b,with_formula,0.001234,0.987654,0.0012702126430134,0.9465890348038132,-0.006081680257813296,0.0032564099384822,-0.052037052715072,-0.08237097773218041,-0.05563173768983202,-0.0617134179476453
META,2025-04-10,S - Sale,,,0.038169999999999996,-0.050036,-0.09681200000000001,-0.10394500000000001,-0.080498,-0.042328,llm,mistral-small-3.2-24b,with_formula,0.000303,0.9806,0.0012828895575563,0.9507881571198132,0.019773369809162007,-0.0535494062109223,-0.10271166659703129,-0.113393905817502,-0.0973209379251661,-0.07754756811600409
META,2025-04-16,S - Sale,,,-0.092491,-0.006526,-0.014856999999999999,0.01768,0.069525,-0.022965999999999993,llm,mistral-small-3.2-24b,with_formula,0.000630758,0.984605,0.0009805660328019,0.9760264122223132,-0.10374767561524931,-0.0092714177828367,-0.018889324806504203,0.010706349312113096,0.0591677549467693,-0.044579920668479996
META,2025-04-17,S - Sale,,,-0.0888063298181871,-0.000508,-0.0035249999999999986,0.023393000000000004,0.08241100000000001,-0.006395329818187103,llm,mistral-small-3.2-24b,with_formula,0.000312,0.987654,0.0009530889323413,0.969224645024678,-0.1022022468440664,-0.001374543453202,-0.006093232743042401,0.019193622672717597,0.0805334713255512,-0.02166877551851519
META,2025-04-23,S - Sale,,,-0.07131600000000002,0.016294,0.035426,0.087436,0.13177299999999997,0.060457000000000025,llm,mistral-small-3.2-24b,with_formula,0.000923,0.923456,0.0010514750033003,0.977618735410972,-0.0855586813762738,0.0113657627458767,0.028852763293183002,0.0749463316869885,0.10980479558158511,0.024246114205311295
META,2025-04-24,S - Sale,,,-0.023071000000000005,0.013959000000000001,0.021596000000000004,0.07012800000000001,0.122629,0.09955800000000001,llm,mistral-small-3.2-24b,with_formula,0.000923,0.987654,0.0009995193989969,0.9683191960874378,-0.03794038838309682,0.0104633854798661,0.0171557821516068,0.0615389969479577,0.09440356322197381,0.05646317483887703
META,2025-04-30,S - Sale,,,-0.06839950458776252,0.016396,0.056,0.050942,0.06227099999999999,-0.0061285045877625035,llm,mistral-small-3.2-24b,with_formula,0.000912,0.8565,0.0007702247693821,0.9854149860389008,-0.0811591984151839,0.0168361318756656,0.054884379754235005,0.03603914914831351,0.04124427673920111,-0.039914921675982803
META,2025-05-01,S - Sale,,,-0.05160800000000001,0.056889999999999996,0.056262999999999994,0.061761999999999984,0.08444099999999999,0.03283299999999999,llm,mistral-small-3.2-24b,with_formula,0.001234,0.987654,0.0008723949775928,0.9930575303340704,-0.06699729060128891,0.053870116669152104,0.0519126546766218,0.0448492709158208,0.059456663788947095,-0.007540626812341815
META,2025-05-06,S - Sale,,,0.084372,0.0014009999999999995,-0.015974000000000002,-0.0009682932320894972,0.0019977067679105027,0.0863697067679105,llm,mistral-small-3.2-24b,with_formula,0.000312,0.987654,0.0008028758191545,1.028568008671101,0.07074950107786729,0.0007022280630966,-0.0191843807594326,-0.0140777548568568,-0.013394144833779802,0.05735535624408751
META,2025-05-07,S - Sale,,,0.09003799999999999,0.004121999999999999,0.031966,0.004498000000000002,0.007393000000000001,0.09743099999999999,llm,mistral-small-3.2-24b,with_formula,0.001234,0.987654,0.0009844938155939,1.0296789189007909,0.06253455138732679,0.002366004851064701,0.025583617537798503,-0.0037733090507415037,-0.006004805836278005,0.0565297455510488
META,2025-05-08,S - Sale,,,0.094435,-0.018511,0.02905,-0.007552,0.003378000000000001,0.097813,llm,mistral-small-3.2-24b,with_formula,0.001123,0.987654,0.0009744251097022,1.026729611080837,0.07661951545170609,-0.020209937759602302,0.021831794684531197,-0.015832074580737,-0.011763718345304507,0.0648557971064016
META,2025-05-14,S - Sale,,,0.11030091999193459,-0.023773362222222198,-0.0345043622222222,-0.031656362222222095,-0.020019957322112994,0.0902809626698216,llm,mistral-small-3.2-24b,with_formula,0.000912,0.9551,0.000614616467646,1.0776492872567185,0.08836398874220061,-0.0254398437160359,-0.037840842244535905,-0.0342792359098077,-0.02616649756826,0.0621974911739406
META,2025-05-15,S - Sale,,,0.108939,-0.022109,-0.023796,-0.019814000000000002,-0.0071010000000000005,0.10183800000000001,llm,mistral-small-3.2-24b,with_formula,0.000826,0.980612,0.0004769638488796,1.077289852180381,0.09243968433886539,-0.033556441779527005,-0.03573534877966461,-0.03003422945866941,-0.021363611921293706,0.07107607241757169
META,2025-05-19,S - Sale+OE,,,0.080139,-0.0019979999999999998,0.0015150000000000016,0.007976,0.008661,0.08880000000000002,llm,mistral-small-3.2-24b,with_formula,0.000966,0.9035,0.0006064640626545,1.0781673934706408,0.0395073474199025,-0.0024347842647988002,0.0028964876174069993,0.0043636768643374,0.011031358111243499,0.050538705531146005
META,2025-05-21,S - Sale,,,0.0672437205851934,0.009346163260220999,0.0035971632602209997,0.0173975662508185,0.0173975662508185,0.08464128683601191,llm,mistral-small-3.2-24b,with_formula,0.000966,0.9034,0.0006341560578005,1.083441254199102,0.0436478293330462,0.0101412360072217,0.005360298191444599,0.013277749396855398,0.013277749396855398,0.05692557872990161
META,2025-05-22,S - Sale,,,0.0700541538461539,-0.006261999999999999,-0.0044989999999999995,0.007579000000000001,0.007579000000000001,0.0776331538461539,llm,mistral-small-3.2-24b,with_formula,0.0006307692307692,0.9006944444444444,0.0004530677140861,1.0811156918508975,0.0332508929046348,-0.0064340091631194,-0.0092052950974666,0.0022548243924431005,0.0022548243924431005,0.0355057172970779
META,2025-05-29,S - Sale,,,-0.006885999999999995,0.005042,0.005042,0.005042,0.005042,-0.001843999999999995,llm,mistral-small-3.2-24b,with_formula,0.001923,0.950214,0.0007673953196674,1.0768886434724638,-0.002368801335204805,0.0037948510239697005,0.0037948510239697005,0.0037948510239697005,0.0037948510239697005,0.0014260496887648954
MSFT,2024-11-12,S - Sale,,,-0.06556299999999998,0.017451,0.021123000000000003,0.008900000000000003,0.017528000000000002,-0.04803500000000001,llm,mistral-small-3.2-24b,with_formula,0.001234,0.987654,-0.0002396479802947,0.8406915519447995,-0.049606797141585335,0.0205841446487416,0.0213760403768504,0.014971598706157602,0.0319909794711508,-0.017615817670434526
MSFT,2024-11-25,S - Sale,,,-0.029159,0.016097,0.0021960000000000018,0.019156,0.012729,-0.016429999999999993,llm,mistral-small-3.2-24b,with_formula,0.001234,0.987654,-0.0002804854728888,0.8340543018879879,-0.010184249723414009,0.0193459576297968,0.007386380392301898,0.032308869338567296,0.0348466689246858,0.024662419201271796
MSFT,2024-12-02,S - Sale,,,0.0165054867775413,0.0046289999999999006,0.014030999999999901,0.0272846135558919,0.013431613555891906,0.0299371003334332,llm,mistral-small-3.2-24b,with_formula,0.000312,0.923456,-0.000600588369641,0.8763094930852755,0.0269456881463645,0.0075233764517752995,0.0208016211894146,0.0346605043651974,0.023789840451116907,0.05073552859748139
MSFT,2024-12-05,S - Sale,,,-0.007912027494758403,0.005850999999999999,0.013255,0.012946,-0.007739513028222895,-0.015651540522981296,llm,mistral-small-3.2-24b,with_formula,0.000923,0.912456,-0.0005643873598938,0.877000781238795,0.0059509973170146,0.0096112195032241,0.017864622088859302,0.0177418655152165,-0.0007721993310690015,0.005178797985945593
MSFT,2024-12-10,S - Sale,,,0.0283441439,-0.007695,-0.007023417,-0.014015416999999999,-0.036766056,-0.008421912100000003,llm,mistral-small-3.2-24b,with_formula,0.000621,0.950621,-0.0006851027097291,0.8716378597539494,0.043061176443694,-0.005101902005767,-0.002856983370132,-0.007840407937696602,-0.0279017649141628,0.0151594115295312
MSFT,2025-05-06,S - Sale,,,0.06661295877056099,-0.0008189999999999998,0.0006500000000000002,-0.031038999999999997,-0.0166682281126782,0.049944730657882803,llm,mistral-small-3.2-24b,with_formula,0.000630653,0.952702766,-0.0005430206434463,0.742625912844983,0.08974038043536049,-0.0009815628525104,0.0045191329149193,-0.0079025659522027,0.004390178073434899,0.0941305585087954
MSFT,2025-05-16,S - Sale,,,0.0563819299567843,-0.002589,0.010985,0.011191,0.014882,0.0712639299567843,llm,mistral-small-3.2-24b,with_formula,0.001823,0.952412,-0.0005559254686082,0.7657271760689386,0.08466171370453147,-0.0008857761499737,0.0106884654836585,0.012044754542288599,0.0214501436248548,0.1061118573293863
MSFT,2025-05-20,S - Sale,,,0.06182267117168247,0.0032440000000000004,0.0044540000000000005,0.0029660000000000008,0.0029660000000000008,0.06478867117168247,llm,mistral-small-3.2-24b,with_formula,0.000306,0.9806,-0.0006966569959014,0.7649688686937812,0.09307121352514239,0.0013339254605682998,0.0029662572288675997,0.0129499073862933,0.0129499073862933,0.1060211209114357
MSFT,2025-05-22,S - Sale,,,-0.00037909205601029984,0.0018670000000000002,0.0008740000000000002,0.004378,0.004378,0.003998907943989705,llm,mistral-small-3.2-24b,with_formula,0.000312,0.952431,-0.0007066850305255,0.7656440370549102,0.0246954988716426,0.0016572139087615,0.0068338710428975,0.011667322528101199,0.011667322528101199,0.0363628213997438
MU,2024-12-26,S - Sale,,,-0.11900600000000001,0.0068579999999999995,-0.02315,0.025379,0.16743599999999997,0.048429999999999966,llm,mistral-small-3.2-24b,with_formula,0.000923,0.923456,-0.0001354901637394,1.7722718244881313,-0.1304077573326712,0.0204329059872905,0.008161096187910801,0.046602514092800106,0.2032581240154473,0.07285036668277607
MU,2025-01-10,S - Sale,,,0.10466500000000001,0.015378,0.034325999999999995,0.037066999999999996,-0.09307000000000001,0.011594999999999987,llm,mistral-small-3.2-24b,with_formula,0.001123,0.987654,-0.0005461291010495,1.76833553319388,0.1202934327509667,0.0286425538536561,0.038760209939145696,0.053817665895687,-0.0715034774194647,0.048789955331501995
MU,2025-02-19,S - Sale,,,0.167909,-0.030475,-0.075728,-0.07325400000000001,-0.047589000000000034,0.12032,llm,mistral-small-3.2-24b,with_formula,0.000363,0.987654,-0.0019414308594193,1.7640074561279562,0.17754881835309216,-0.023240604666700502,-0.035966814957264205,-0.003977607482685899,0.0996496081098783,0.2771984264629705
MU,2025-03-05,S - Sale,,,0.07189267943731768,-0.007749000000000002,0.0024937689999999964,0.137864769,0.04537976899999996,0.11727244843731767,llm,mistral-small-3.2-24b,with_formula,0.000630652,0.920605,-0.00280498500043,1.790769515448409,0.1677252374590408,0.006759455827499001,0.0495050638267548,0.1815547835191526,0.08542099782072418,0.253146235279765
MU,2025-03-18,S - Sale,,,0.162595,-0.007887000000000002,-0.085997,-0.137604,-0.27533900000000006,-0.112744,llm,mistral-small-3.2-24b,with_formula,0.00112,0.987632,-0.0022023455419445,1.789612307191386,0.2588395138964976,-0.00034928664810629853,-0.0705071829450914,-0.0811966175304715,-0.11797544937292431,0.14086406452357328
MU,2025-03-27,S - Sale,,,0.048929166666669965,-0.008595,-0.011083,-0.095142,-0.05680000000000001,-0.007870833333330024,llm,mistral-small-3.2-24b,with_formula,0.000630653,0.982031,-0.001892002390162,1.8109492998729428,0.08360553233666308,0.0219577681012807,0.017153185879085604,-0.0710225922475223,-0.0605113320376504,0.0230942002990127
MU,2025-05-06,S - Sale,,,0.04303839657858081,0.0332856557373737,0.0614324918029474,0.0864903058332504,0.07237597386603718,0.11541437044461798,llm,mistral-small-3.2-24b,with_formula,0.000636,0.980612,-0.0022528228983282,1.819469814716691,0.048309780270757,0.042605950844416,0.0665056474584562,0.08674929592424359,0.09524919031124648,0.1435589705820035
NOW,2024-11-06,S - Sale,,,0.050118853334540005,0.003904,0.022142000000000002,0.027234,0.055068000000000006,0.10518685333454,llm,mistral-small-3.2-24b,with_formula,0.000923,0.923456,0.0005604456618592,1.0020585023590407,0.0446753269032914,-0.0007420573364723994,0.017228476712865502,0.0237730127353437,0.050660129056915304,0.0953354559602067
NOW,2024-11-12,S - Sale,,,0.170752,0.022652,0.013179999999999999,0.070238,0.006191999999999998,0.17694400000000002,llm,mistral-small-3.2-24b,with_formula,0.000923,0.987654,0.0006300923819856,1.0038413657290677,0.15128775968162275,0.023041417174250203,0.012647080087188003,0.06776472359565282,-0.002597115824804175,0.14869064385681857
NOW,2024-11-12,S - Sale+OE,,,0.170752,0.022652,0.013179999999999999,0.070238,0.006191999999999998,0.17694400000000002,llm,mistral-small-3.2-24b,with_formula,0.000923,0.987654,0.0006300923819856,1.0038413657290677,0.15128775968162275,0.023041417174250203,0.012647080087188003,0.06776472359565282,-0.002597115824804175,0.14869064385681857
NOW,2024-11-14,S - Sale+OE,,,0.045693,-0.004435,-0.009807999999999999,0.026388,0.046807,0.0925,llm,mistral-small-3.2-24b,with_formula,0.000635,0.987654,0.0004749425322239,1.009066404235706,0.038927592303722405,-0.0047365207365099,-0.011537061765961,0.0235079447332986,0.0415953123493948,0.0805229046531172
NOW,2024-11-18,S - Sale,,,0.058942116753921504,-0.005412999999999999,0.030440000000000002,0.008665,0.045233,0.10417511675392152,llm,mistral-small-3.2-24b,with_formula,0.000923,0.987654,0.0005519488119354,0.9981455544099368,0.054584169120465605,-0.0067755483025576995,0.0280477635918179,0.0056295944857008996,0.0396652626150212,0.0942494317354868
NOW,2024-11-19,S - Sale+OE,,,0.035642999999999994,0.008232,0.041843,0.01804900000000001,0.05584500000000001,0.091488,llm,mistral-small-3.2-24b,with_formula,0.000949,0.987654,0.000517728653584,0.9977460505866876,0.042390391413867495,0.007228814443081199,0.0406910646754407,0.017324958405850695,0.054866868958929296,0.0972572603727968
NOW,2024-11-21,S - Sale,,,0.04505500000000001,0.034848000000000004,0.033032000000000006,0.010666000000000005,0.055961000000000004,0.10101600000000001,llm,mistral-small-3.2-24b,with_formula,0.000939,0.987654,0.0004744652642047,0.9885803171945372,0.0397536761687628,0.0335668992942953,0.032808980460378896,0.010477419462481397,0.056312075171614705,0.09606575134037748
NOW,2024-11-27,S - Sale,,,0.06267434692307691,-0.020928,-0.030981999999999996,0.017382,-0.0017051749379837985,0.060969171985093086,llm,mistral-small-3.2-24b,with_formula,0.000923,0.987654,0.0004114043186985,0.9948805356727976,0.05882285730409001,-0.0212983870230998,-0.033211333144307895,0.013715347054855007,-0.009863940750110696,0.048958916553979305
NOW,2024-12-03,S - Sale,,,-0.022919999999999996,0.053688,0.048536,0.04266299999999999,0.01749699999999999,-0.0054229999999999895,llm,mistral-small-3.2-24b,with_formula,0.001006,0.899278,0.0004134590015168,0.9811431367578562,-0.010453856075755196,0.053200182946673,0.0472391728210933,0.039249541832837596,0.0157487128794266,0.005294856803671406
NOW,2025-01-17,S - Sale+OE,,,-0.003878999999999997,-0.000387,0.030136000000000003,0.075458,-0.05429199999999999,-0.05817099999999999,llm,mistral-small-3.2-24b,with_formula,0.001234,0.987654,0.0010198903468537,0.9905451635047428,-0.0152848800420201,-0.0024263837810149,0.0259808299685153,0.0698372370028155,-0.06213104821039399,-0.0774159282524141
NOW,2025-02-05,S - Sale,,,-0.044400999999999996,0.004910000000000001,0.006081000000000001,-0.04459199999999999,-0.06183799999999999,-0.106239,llm,mistral-small-3.2-24b,with_formula,0.000923,0.950214,0.0010086152035146,0.9484755730207176,-0.05511122575028661,0.004433149517553199,0.004755218924426699,-0.048888367965167996,-0.0733090232580509,-0.1284202490083375
NOW,2025-02-11,S - Sale+OE,,,-0.13539842900000004,-0.072918,-0.10665799999999999,-0.158696,-0.100238,-0.23563642899999998,llm,mistral-small-3.2-24b,with_formula,0.001234,0.987654,0.000831168094994,0.9529773988273134,-0.14582536340242458,-0.07490565083643161,-0.10601034015768941,-0.1633430304694824,-0.11628902268528198,-0.26211438608770665
NOW,2025-02-11,S - Sale,,,-0.13539842900000004,-0.072918,-0.10665799999999999,-0.158696,-0.100238,-0.23563642899999998,llm,mistral-small-3.2-24b,with_formula,0.001234,0.987654,0.000831168094994,0.9529773988273134,-0.14582536340242458,-0.07490565083643161,-0.10601034015768941,-0.1633430304694824,-0.11628902268528198,-0.26211438608770665
NOW,2025-02-12,S - Sale+OE,,,-0.1885974,-0.0691904809555747,-0.0855924809555747,-0.13445248095557472,-0.0742774809555747,-0.26287488095557465,llm,mistral-small-3.2-24b,with_formula,0.000923,0.987654,0.0007588717569701,0.9554621185945448,-0.18915681633329606,-0.07079168061071979,-0.085842631158148,-0.14247187662872995,-0.0982647250443116,-0.2874215413776076
NOW,2025-02-12,S - Sale,,,-0.1885974,-0.0691904809555747,-0.0855924809555747,-0.13445248095557472,-0.0742774809555747,-0.26287488095557465,llm,mistral-small-3.2-24b,with_formula,0.000923,0.987654,0.0007588717569701,0.9554621185945448,-0.18915681633329606,-0.07079168061071979,-0.085842631158148,-0.14247187662872995,-0.0982647250443116,-0.2874215413776076
NOW,2025-02-14,S - Sale,,,-0.24207279477529442,-0.01395,-0.016200000000000003,-0.064045,-0.07306,-0.31513279477529443,llm,mistral-small-3.2-24b,with_formula,0.000923,0.952431,0.0009607043238709,0.956794593069186,-0.267594339662073,-0.0154654553628188,-0.020862429884832598,-0.0754085791605248,-0.099012515749087,-0.36660685541116
NOW,2025-02-14,S - Sale+OE,,,-0.24207279477529442,-0.01395,-0.016200000000000003,-0.064045,-0.07306,-0.31513279477529443,llm,mistral-small-3.2-24b,with_formula,0.000923,0.952431,0.0009607043238709,0.956794593069186,-0.267594339662073,-0.0154654553628188,-0.020862429884832598,-0.0754085791605248,-0.099012515749087,-0.36660685541116
NOW,2025-02-19,S - Sale+OE,,,-0.153765721959192,-0.025477,-0.036230000000000005,-0.011503999999999993,-0.07692126317675539,-0.23068698513594738,llm,mistral-small-3.2-24b,with_formula,0.000306,0.9206,0.0010144205157304,0.9497889654318354,-0.16189080392716632,-0.0280687212936637,-0.03979692132746809,-0.0196583804448997,-0.08861313218815031,-0.25050393611531657
NOW,2025-02-21,S - Sale,,,-0.066902,-0.008866,0.017185,0.02126,-0.03066035000000001,-0.09756234999999999,llm,mistral-small-3.2-24b,with_formula,0.000630864,0.982006632,0.0010949722774112,0.9635238605620668,-0.08056254479680011,-0.0104852188435769,0.012554466787036003,0.012101818011315804,-0.04924415452350189,-0.129806699320302
NOW,2025-02-25,S - Sale,,,-0.065851861003582,0.025698,0.0254396047879491,-0.027563395212050902,-0.011463395212050894,-0.07731525621563291,llm,mistral-small-3.2-24b,with_formula,0.001234,0.987654,0.000992480401132,0.9562095806209808,-0.0790590458511547,0.0241003504515606,0.0203703621858859,-0.0387876235356962,-0.02847408944378861,-0.10753313529494332
NOW,2025-02-27,S - Sale,,,-0.05062987231322201,-0.001359,0.0026639999999999997,-0.054833,-0.03328599999999998,-0.08391587231322199,llm,mistral-small-3.2-24b,with_formula,0.001234,0.890123,0.0013700066867634,0.912052348132093,-0.0658758797546355,-0.0049927229337808,-0.0060007011474778,-0.0675537344067859,-0.05871612754797329,-0.12459200730260878
NOW,2025-03-03,S - Sale,,,-0.05187699999999999,0.004011,-0.055477,-0.051743,-0.05713299999999999,-0.10901000000000002,llm,mistral-small-3.2-24b,with_formula,0.000683,0.9206,0.0006886696683402,0.9237883488501732,-0.060957159362208004,0.0007058183637940001,-0.0587515686022962,-0.05761132358743451,-0.06660513580707171,-0.1275622951692797
NOW,2025-04-17,S - Sale+OE,,,0.047904,-0.031796,-0.038412999999999996,0.11887000000000002,0.128763,0.176667,llm,mistral-small-3.2-24b,with_formula,0.0021203,0.9841,0.0012719081039337,0.9293890378305862,0.029604739753757398,-0.0308449485528262,-0.0414302161931306,0.11611792647218391,0.12689681453415572,0.15650155428791312
NOW,2025-04-29,S - Sale,,,0.147604,0.012544999999999999,0.006874797777777797,0.010214797777777798,-0.015383202222222203,0.1322207977777778,llm,mistral-small-3.2-24b,with_formula,0.000923,0.950214,0.0007376957831792,0.9338139815457416,0.138138639779237,0.012907447369129799,0.0065432825771013,0.008349889672696897,-0.0151971097798855,0.12294152999935153
NOW,2025-05-09,S - Sale+OE,,,0.15140635777096798,0.0053338308648581,-0.012739169135141898,-0.019874258322241198,-0.027107258322241198,0.12429909944872684,llm,mistral-small-3.2-24b,with_formula,0.000630652,0.987654,0.0008369624775665,1.00534945743822,0.1362225499550436,0.0048351395166185,-0.0173176602184747,-0.024342697420188398,-0.03853117860360669,0.09769137135143688
NOW,2025-05-14,S - Sale+OE,,,0.11548,-0.010967000000000001,-0.026466000000000003,-0.030343000000000002,-0.057867,0.05761299999999999,llm,mistral-small-3.2-24b,with_formula,0.001,0.9,0.0007664003342308,1.005014718004227,0.11354680251797292,-0.0083581844498899,-0.0243559487459112,-0.0232219771447976,-0.0396406679996497,0.07390613451832319
NOW,2025-05-19,S - Sale,,,0.0009349999999999982,-0.014084,-0.011673999999999999,-0.022907999999999998,-0.024194999999999998,-0.023259999999999992,llm,mistral-small-3.2-24b,with_formula,0.001123,0.987654,0.0005498424646108,1.0046541031190437,-0.005000442458747501,-0.0152085691920328,-0.012659354731261,-0.0268302677813379,-0.0282045215280386,-0.033204963986786094
NOW,2025-05-20,S - Sale+OE,,,-0.0124531545700579,0.006507,0.0026309999999999997,-0.009405,-0.009405,-0.021858154570057898,llm,mistral-small-3.2-24b,with_formula,0.000861,0.923456,0.0005819882087201,1.003282860717233,-0.0197250425271448,0.0060485267782009,0.0018282505442549,-0.0138177691080768,-0.0138177691080768,-0.033542811635221596
NOW,2025-05-27,S - Sale,,,-0.016298226093124802,-0.000711,-0.011288000000000001,-0.011288000000000001,-0.011288000000000001,-0.027586226093124805,llm,mistral-small-3.2-24b,with_formula,0.000923,0.950214,0.0017358717552415,1.069884306160908,-0.0444342668387991,-0.007383173767147399,-0.0216084098944322,-0.0216084098944322,-0.0216084098944322,-0.06604267673323129
NOW,2025-05-29,S - Sale,,,-0.0177910000000001,-0.011443,-0.011443,-0.011443,-0.011443,-0.029234000000000097,llm,mistral-small-3.2-24b,with_formula,0.000923,0.987654,0.0016245338176447,1.0814434089218945,-0.0429860637359375,-0.0140104713318663,-0.0140104713318663,-0.0140104713318663,-0.0140104713318663,-0.056996535067803805
NVDA,2024-11-27,S - Sale,,,-0.06886500000000001,-0.005674,0.0006549999999999993,0.0021860000000000004,-0.101717,-0.17058199999999998,llm,mistral-small-3.2-24b,with_formula,0.001846,0.987654,0.0025985690933614,2.341245727060394,-0.11846991327586641,-0.0002403802060286,-0.0231891846324357,-0.0602351907534677,-0.1949211923431654,-0.3133911056190318
NVDA,2024-12-13,S - Sale,,,-0.07735800000000001,-0.023607,-0.038408,0.022718034,0.035783034000000005,-0.041574966,llm,mistral-small-3.2-24b,with_formula,0.0006307692307692,0.920615527955202,0.0022223261919525,2.3011307363434046,-0.16592030505307867,-0.0274823112762479,-0.0136286436603974,0.017115023644195503,0.0512819625892409,-0.1146383424638378
NVDA,2024-12-18,S - Sale,,,-0.09275,0.036483,0.084221,0.06657700000000001,0.10195499999999999,0.009204999999999998,llm,mistral-small-3.2-24b,with_formula,0.000907,0.980612,0.0020964465155401,2.301194062687001,-0.1859887947602103,0.0825290754892895,0.09965158886268921,0.0788935870207187,0.1192422278864025,-0.06674656687380778
NVDA,2025-01-08,S - Sale,,,0.07752800000000001,-0.000659,-0.030622,-0.022414,-0.072361,0.005166999999999963,llm,mistral-small-3.2-24b,with_formula,0.000923,0.987654,0.0010290430295275,2.2125169826093654,0.0640354868594195,-1.7036836708993978e-05,-0.007245229375770195,-0.03995288681219209,-0.10320321245425232,-0.039167725594832795
NVDA,2025-03-12,S - Sale,,,-0.08659399999999998,0.070165,0.074448,0.054749,0.0056539999999999984,-0.08094000000000001,llm,mistral-small-3.2-24b,with_formula,0.001923,0.987654,0.000355177146388,2.22242783592808,0.06793892913626891,0.0786172450837674,0.048240566588080895,0.034700164114919205,0.008831571335297005,0.0767705004715659
NVDA,2025-03-17,S - Sale,,,0.021417142198682713,-0.037933999999999996,-0.03394200000000001,-0.087852,-0.12628363399999998,-0.1048664918013173,llm,mistral-small-3.2-24b,with_formula,0.000251,0.987654,0.0001266128313216,2.2239882382504983,0.12424178784938851,-0.020946748160261403,-0.0371753810873397,-0.093580687499241,0.0318567669870782,0.15609855483646673
NVDA,2025-03-21,S - Sale,,,0.02769841200721149,-0.013164,-0.051887,-0.0686111586158616,0.0053269309946806015,0.033025343001892096,llm,mistral-small-3.2-24b,with_formula,0.00112,0.987654,0.0003192565688278,2.240998698686794,0.09113205504283371,-0.0190285329872883,-0.0673239046012788,-0.0408130124002256,0.06854556631793082,0.15967762136076452
NVDA,2025-03-25,S - Sale,,,0.05446076529715029,-0.047651,-0.052028000000000005,-0.096804,-0.0037780000000000053,0.05068276529715028,llm,mistral-small-3.2-24b,with_formula,0.000923,0.987654,0.0003412878858207,2.23880318937992,0.055619744621968295,-0.0285991561559183,0.006812459086039099,0.08851786642318629,0.07504357260876629,0.1306633172307346
ORCL,2025-01-24,S - Sale+OE,,,0.100846,-0.010499,-0.10904799999999999,-0.056700999999999994,-0.053488999999999995,0.047356999999999996,llm,mistral-small-3.2-24b,with_formula,0.001328,0.9042,0.0012581280344123,0.988028296080478,0.0858476974828367,-0.011752985790443,-0.11398594092161951,-0.0645325574323826,-0.07089709984965473,0.014950597633181986
ORCL,2025-02-14,P - Purchase,,,-0.04173505,-0.002289,0.037960999999999995,0.011931999999999991,-0.037743,-0.07947805000000001,llm,mistral-small-3.2-24b,with_formula,0.0006307692307692,0.980204081632653,0.0005334373936307,0.9325666295400796,-0.0489592859501935,-0.0026010884217577,0.036910016117383704,0.007345678909464203,-0.051463636366004796,-0.1004229223161983
ORCL,2025-03-21,P - Purchase,,,-0.022538999999999997,-0.00962,-0.044991,-0.068015,-0.05957200000000001,-0.08211100000000002,llm,mistral-small-3.2-24b,with_formula,0.001123,0.987654,0.0010979587504589,1.1124475356095076,-0.024005989040983996,-0.0101177473486697,-0.0496608886799072,-0.0703449326651991,-0.0630543076096615,-0.08706029665064549
ORCL,2025-04-04,S - Sale,,,-0.01733099999999999,-0.007783,-0.01605,-0.033697000000000005,-0.030469,-0.04779999999999998,llm,mistral-small-3.2-24b,with_formula,0.000923,0.987654,0.0008632721102156,1.1693568653557356,-0.012542628861596607,0.0018714538338508,-0.026541627305758403,-0.04245565402225221,-0.04878113478791579,-0.0613237636495124
ORCL,2025-04-15,S - Sale+OE,,,-0.05970299999999999,-0.005638,-0.014307,-0.0013029999999999986,0.04722400000000001,-0.012478999999999995,llm,mistral-small-3.2-24b,with_formula,0.001123,0.987654,0.0010734591854799,1.1737221213855566,-0.049408323106055994,-0.0019734023753546002,-0.0103416636152077,-0.0166677933223112,0.0222481858894354,-0.0271601372166206
ORCL,2025-05-06,S - Sale+OE,,,0.09839,0.010405999999999999,0.0021759999999999974,-0.007694000000000001,-0.015801000000000006,0.08258900000000002,llm,mistral-small-3.2-24b,with_formula,0.001823,0.923456,0.000512999594309,1.1191774412030462,0.07712167919212969,0.012514167648109,-0.0006240013371626007,-0.028546523186137207,-0.034761465378434,0.042360213813695695
ORCL,2025-05-06,S - Sale,,,0.09839,0.010405999999999999,0.0021759999999999974,-0.007694000000000001,-0.015801000000000006,0.08258900000000002,llm,mistral-small-3.2-24b,with_formula,0.001823,0.923456,0.000512999594309,1.1191774412030462,0.07712167919212969,0.012514167648109,-0.0006240013371626007,-0.028546523186137207,-0.034761465378434,0.042360213813695695
PLTR,2024-11-05,S - Sale,,,-0.01648016393442629,0.2784747310770933,0.3139077310770933,0.4667120494868956,0.43117470852659884,0.41469454459217264,llm,mistral-small-3.2-24b,with_formula,0.0003001630163016,1.0,0.0031281864199593,1.5033481463066278,-0.05515476623698271,0.2487147305357485,0.2696795431912889,0.4273921690808079,0.3656544980312766,0.31049973179429385
PLTR,2024-11-07,S - Sale+OE,,,0.549335,0.070916,0.121232,0.384289,0.36081399999999997,0.9101490000000001,llm,mistral-small-3.2-24b,with_formula,0.000312,0.987654,0.0035680777072987,1.5187524334428693,0.4160234034602952,0.0396782329994052,0.07667013803353478,0.351680627621084,0.25017896063268225,0.6662023640929775
PLTR,2024-11-07,S - Sale,,,0.549335,0.070916,0.121232,0.384289,0.36081399999999997,0.9101490000000001,llm,mistral-small-3.2-24b,with_formula,0.000312,0.987654,0.0035680777072987,1.5187524334428693,0.4160234034602952,0.0396782329994052,0.07667013803353478,0.351680627621084,0.25017896063268225,0.6662023640929775
PLTR,2024-11-12,S - Sale,,,0.33317,0.007997999999999998,0.122754,0.08673600000000001,0.09576599999999999,0.4289360000000001,llm,mistral-small-3.2-24b,with_formula,0.00093,0.92061,0.0036205841986719,1.5122553883929295,0.2598001712058927,0.0058220181709338,0.1284092427574137,0.0665716271970416,0.04830705052186908,0.3081072217277618
PLTR,2024-11-15,S - Sale+OE,,,0.27622363077791945,0.133456,0.06412999999999999,0.100698,0.17669600000000002,0.4529196307779195,llm,mistral-small-3.2-24b,with_formula,0.000306,0.9806,0.0036117824402799,1.502313007853927,0.2087619560901085,0.1413574053606107,0.0534347390274962,0.0767387974165066,0.1100912102920021,0.3188531663821107
PLTR,2024-11-20,S - Sale+OE,,,0.378089,-0.025756,0.022803,0.050771,0.042529,0.42061800000000016,llm,mistral-small-3.2-24b,with_formula,0.00112,0.982345,0.0037016329438758,1.4992383100847446,0.32075915788897935,-0.032104920272104,0.007376306023842099,0.0205382548489146,0.019709772920180203,0.34046893080915974
PLTR,2024-11-22,S - Sale+OE,,,0.7593728552485525,0.094232,0.117538,0.090336,0.241458,1.0008308552485525,llm,mistral-small-3.2-24b,with_formula,0.000306,0.9806,0.003894054227885,1.4870970552146443,0.609248430012069,0.0847736321056834,0.10488198998069359,0.04656476131223699,0.11615886619151539,0.7254072962035845
PLTR,2024-11-22,S - Sale,,,0.7593728552485525,0.094232,0.117538,0.090336,0.241458,1.0008308552485525,llm,mistral-small-3.2-24b,with_formula,0.000306,0.9806,0.003894054227885,1.4870970552146443,0.609248430012069,0.0847736321056834,0.10488198998069359,0.04656476131223699,0.11615886619151539,0.7254072962035845
PLTR,2024-11-27,S - Sale,,,0.167487,0.010355,-0.0019340000000000017,0.115178,0.080221,0.24770799999999998,llm,mistral-small-3.2-24b,with_formula,0.001234,0.987654,0.0038810388797625,1.4827988297500347,0.1109222054034394,0.0096366087432686,-0.019418864872167298,0.0747475232226273,0.005590288012036409,0.11651249341547582
PLTR,2024-12-03,S - Sale+OE,,,0.10497300000000001,0.036712999999999996,0.120055,0.11503999999999999,0.18603666868829272,0.2910096686882927,llm,mistral-small-3.2-24b,with_formula,0.001004,0.950629,0.003852918761508,1.5080061137206693,0.054050089933174686,0.0198278989734509,0.09369038291613571,0.0681339086145002,0.12011111577246328,0.174161205705638
PLTR,2024-12-04,S - Sale,,,0.153308,6.499999999999909e-05,0.009300999999999997,0.05074000000000001,0.128083,0.281391,llm,mistral-small-3.2-24b,with_formula,0.000306,0.980612,0.0038236604804346,1.5136519685955578,0.099043416653943,-0.011448958621867598,-0.0106009594670637,0.009236821057070403,0.058161348829983195,0.1572047654839262
PLTR,2024-12-06,S - Sale,,,0.031208999999999997,0.054096,-0.004377,0.032613,0.124668,0.155877,llm,mistral-small-3.2-24b,with_formula,0.0006303,0.987654,0.0048290054651811,1.6550456582669617,-0.055255310107018396,0.0439659012961377,-0.0349833086861453,-0.0165598890306204,0.04717024577377439,-0.008085064333244019
PLTR,2024-12-10,S - Sale,,,0.10810682538353827,-0.013778,0.0395548367397789,0.1171808367397789,0.09410383673977891,0.20221066212331718,llm,mistral-small-3.2-24b,with_formula,0.000306,0.9806,0.0052611444388262,1.6473373790407568,0.015277335207840609,-0.0342995304934701,0.012782800996808497,0.07703739804152049,0.015928899631103985,0.0312062348389446
PLTR,2024-12-13,S - Sale+OE,,,0.04125563994299719,0.038029,0.003146,0.10819800000000002,0.06194000000000001,0.1031956399429972,llm,mistral-small-3.2-24b,with_formula,0.001,0.9,0.0054092150008903,1.6324023498273867,-0.010786952889849512,0.0318398006279336,-0.0021123563476170976,0.075390072256145,0.013748640781993806,0.00296168789214429
PLTR,2024-12-16,S - Sale+OE,,,0.10992400000000001,-0.031262,0.077464,0.074661,0.07952000000000001,0.189444,llm,mistral-small-3.2-24b,with_formula,0.000923,0.987654,0.0053498330434904,1.6312023499566073,0.027023340169539195,-0.0478514871241254,0.06353450114396239,0.030132553133002796,0.010901507810792799,0.037924847980331994
PLTR,2025-01-06,S - Sale+OE,,,0.24244613999999998,-0.24321900000000002,-0.29038299999999995,-0.268078,-0.06965800000000001,0.17278813999999998,llm,mistral-small-3.2-24b,with_formula,0.000303,0.9806,0.0043715660277996,1.4203952087340548,0.09367690133271478,-0.2546448034881418,-0.3030154786878686,-0.3042568708625334,-0.1694906119262156,-0.07581371059350077
PLTR,2025-01-06,S - Sale,,,0.24244613999999998,-0.24321900000000002,-0.29038299999999995,-0.268078,-0.06965800000000001,0.17278813999999998,llm,mistral-small-3.2-24b,with_formula,0.000303,0.9806,0.0043715660277996,1.4203952087340548,0.09367690133271478,-0.2546448034881418,-0.3030154786878686,-0.3042568708625334,-0.1694906119262156,-0.07581371059350077
PLTR,2025-01-10,S - Sale,,,-0.15782700000000002,0.001255,-0.006661000000000002,0.023790999999999996,0.10686999999999999,-0.05095699999999999,llm,mistral-small-3.2-24b,with_formula,0.001606,0.980612,0.0047981544477296,1.4445796257555648,-0.2048180620392289,0.004512888652633,-0.022193809003407797,0.011891118470071902,0.0972250141635593,-0.10759304787566959
PLTR,2025-02-05,S - Sale,,,0.44400899999999993,0.06709999999999999,0.11938099999999999,0.12661699999999998,-0.11347535861547914,0.3305336413845209,llm,mistral-small-3.2-24b,with_formula,0.000923,0.950612,0.0051830382848275,1.4849731335126042,0.3721753457622524,0.053304166113379,0.0970312388162121,0.0755944582411236,-0.16956636695974103,0.20260897880251139
PLTR,2025-02-06,S - Sale,,,0.387663,0.101867,0.113007,0.15087,-0.07668260771479991,0.31098039228519997,llm,mistral-small-3.2-24b,with_formula,0.000630567981207,0.920010730665221,0.0048095017637713,1.4505101490950256,0.3217053623629608,0.09672934077984639,0.09588527741120291,0.1106657557123022,-0.12580540647880184,0.19589995588415898
PLTR,2025-02-13,S - Sale,,,0.44835039551386147,-0.003789,0.041033,-0.133275,-0.19296137373737382,0.25538902177648765,llm,mistral-small-3.2-24b,with_formula,0.0003001256,0.980628,0.0044087789221679,1.502774476808464,0.39944144428115214,-0.022512744576897246,0.01781189026249165,-0.15525664341500306,-0.2225426320235775,0.17689881225757453
PLTR,2025-02-24,S - Sale+OE,,,0.4448382384615384,-0.22606099999999998,-0.2749357692307692,-0.2917157692307692,-0.09786576923076919,0.3469724692307692,llm,mistral-small-3.2-24b,with_formula,0.000335,0.950612,0.005180246247727,1.506592563403101,0.30768028215442456,-0.2166233925418084,-0.28546055844938517,-0.2929526536093932,-0.13960635500648302,0.16807392714794162
PLTR,2025-02-24,S - Sale,,,0.4448382384615384,-0.22606099999999998,-0.2749357692307692,-0.2917157692307692,-0.09786576923076919,0.3469724692307692,llm,mistral-small-3.2-24b,with_formula,0.000335,0.950612,0.005180246247727,1.506592563403101,0.30768028215442456,-0.2166233925418084,-0.28546055844938517,-0.2929526536093932,-0.13960635500648302,0.16807392714794162
PLTR,2025-03-05,S - Sale,,,-0.24404423222222216,-0.028071,-0.041535,0.07065899999999999,0.15477077328633568,-0.08927345893588647,llm,mistral-small-3.2-24b,with_formula,0.0008,0.98,0.005783531576968,1.5185625760613457,-0.28079230939138305,-0.033614356019382494,-0.04025690329651679,0.03963235122988281,0.0711901912330278,-0.2096021181583553
PLTR,2025-03-07,S - Sale,,,-0.26704141926747804,0.04814,0.070351,0.108686,0.14419300000000002,-0.12284841926747808,llm,mistral-small-3.2-24b,with_formula,0.000312,0.987654,0.0066905611380019,1.6009776541917384,-0.29230238350811244,0.0373674523999922,0.0579484850937668,0.07039483602866552,0.05225132003605648,-0.24005106347205588
PLTR,2025-03-14,S - Sale+OE,,,-0.09661743051480061,0.057468,0.057530000000000005,0.15356,0.10180072787609912,0.005183297361298522,llm,mistral-small-3.2-24b,with_formula,0.00063,0.920619,0.0073219921299913,1.6188901395269764,-0.12520932059838807,0.0336192944043773,0.011152322775745804,0.0687875925202816,0.016882619174997303,-0.10832670142339078
PLTR,2025-03-19,S - Sale+OE,,,0.035277,0.025835999999999998,0.10278,0.031365000000000004,0.055567000000000005,0.09084400000000001,llm,mistral-small-3.2-24b,with_formula,0.000923,0.987654,0.0074548577028705,1.5966643714916384,-0.009510941415801305,0.0092377364537936,0.0541730712590168,-0.015873586392725292,0.032772158164464105,0.0232612167486628
PLTR,2025-04-02,S - Sale+OE,,,0.013060000000000006,0.034172,0.023968000000000003,0.09542,0.181969,0.195029,llm,mistral-small-3.2-24b,with_formula,0.000923,0.923077,0.0067514762033746,1.62800092134566,-0.055489223910956995,0.0582407321761805,0.0748666536166258,0.0671538560080269,0.13195321802755383,0.07646399411659695
PLTR,2025-04-03,S - Sale,,,0.088645,-0.046445,0.018129,0.08121199999999998,0.21913,0.30777499999999997,llm,mistral-small-3.2-24b,with_formula,0.000312,0.987654,0.0070167884572101,1.6541487975180096,-0.02477027508926151,0.022177880759886897,0.0871234674295044,0.054465038243394596,0.1425974670214495,0.11782719193218799
PLTR,2025-04-07,S - Sale,,,-0.027856999999999993,0.065353,0.12033799999999997,0.20688199999999998,0.33596423694327276,0.3081072369432728,llm,mistral-small-3.2-24b,with_formula,0.0008,0.95,0.0068301355988035,1.7237480876999842,-0.024819551625058202,0.066745667598441,0.027747794031903604,0.10739341553182909,0.1498847852746384,0.1250652336495802
PLTR,2025-05-05,S - Sale,,,0.22031499999999998,-0.107391,-0.044002,-0.02564819999999999,-0.0656582,0.15465679999999998,llm,mistral-small-3.2-24b,with_formula,0.001128,0.987654,0.0077400808436797,1.8050819376165,0.08411506446898678,-0.1110089101628584,-0.0807589350044075,-0.13735635873143728,-0.18526190430382178,-0.10114683983483497
PLTR,2025-05-12,P - Purchase,,,0.14495500000000003,0.03582814709773981,0.022971147097739803,-0.015940852902260196,0.0477701470977398,0.19272514709773983,llm,mistral-small-3.2-24b,with_formula,0.00063,0.980612,0.0078942331450333,1.7082346473931491,-0.0448417910620309,-0.026335697185380598,-0.0567153483110768,-0.1191160755052126,-0.09842469042669949,-0.1432664814887304
PLTR,2025-05-22,S - Sale+OE,,,-0.036142999999999974,0.038365,-0.007162999999999998,0.128775,0.128775,0.09263200000000003,llm,mistral-small-3.2-24b,with_formula,0.001122,0.987654,0.0081997622934941,1.7088016361819622,-0.3416054463081198,0.0366743161661922,-0.06268559549045401,0.04066352854148159,0.04066352854148159,-0.3009419177666382
PLTR,2025-05-22,S - Sale,,,-0.036142999999999974,0.038365,-0.007162999999999998,0.128775,0.128775,0.09263200000000003,llm,mistral-small-3.2-24b,with_formula,0.001122,0.987654,0.0081997622934941,1.7088016361819622,-0.3416054463081198,0.0366743161661922,-0.06268559549045401,0.04066352854148159,0.04066352854148159,-0.3009419177666382
PYPL,2025-02-28,S - Sale,,,-0.0370029278691024,-0.011558,-0.017374,0.022146,0.031592999999999996,-0.005409927869102401,llm,mistral-small-3.2-24b,with_formula,0.000312,0.987654,0.0011219046802419,0.5922688725415,-0.0716997733396151,-0.0062703672806328,-0.0214900983782671,-0.0079868721980429,-0.002009546820884299,-0.0737093201604994
TSLA,2024-11-04,S - Sale+OE,,,0.16297898623076928,-0.00022199999999999998,0.21270667799999998,0.1977302455,0.32915313546721325,0.49213212169798254,llm,mistral-small-3.2-24b,with_formula,0.000907,0.980612,-0.0011219660588845,1.6402125307738058,0.18824202831952064,-0.0049966578886257995,0.1821987229134422,0.17770166007016508,0.32070217663460876,0.5089442049541294
TSLA,2024-11-05,S - Sale+OE,,,0.12915984030303043,0.139895,0.2347839393939393,0.2724553381238422,0.3180011751075406,0.4471610154105709,llm,mistral-small-3.2-24b,with_formula,0.000312,0.987654,-0.0012634615381821,1.6459580107902332,0.15253448148745546,0.1133987618335448,0.20057010462258762,0.265441581965269,0.2977767954110171,0.45031127689847267
TSLA,2024-11-13,S - Sale+OE,,,0.423341931048951,-0.043615,0.059045999999999994,0.08832399999999999,0.06206699999999998,0.4854089310489511,llm,mistral-small-3.2-24b,with_formula,0.000312,0.987654,-0.0017193904029924,1.6041945604489296,0.40913678857343366,-0.034466584431909406,0.08211768349289889,0.11193370882182178,0.08132110701918178,0.49045789559261554
TSLA,2024-11-19,S - Sale+OE,,,0.28034857675651853,-0.0008440821105263011,0.0279648078531083,-0.0036905919691138933,0.09062040803088611,0.37096898478740464,llm,mistral-small-3.2-24b,with_formula,0.000312,0.987654,-0.0018521153165302,1.6114003416982745,0.30772530418597877,-0.0013050409633036004,0.030265746151483097,-0.00015136115861510632,0.0921206122049,0.39984591639087863
TSLA,2024-12-04,S - Sale+OE,,,0.0595991484603866,0.03945,0.092128,0.19555599999999998,0.25625299999999995,0.3158521484603865,llm,mistral-small-3.2-24b,with_formula,0.000306,0.980612,-0.0001339400914821,1.686708541997483,0.048340974245487604,0.0320587290975968,0.0839853561957447,0.1837522460981223,0.2418951858762086,0.2902361601216962
TSLA,2024-12-06,S - Sale+OE,,,0.09290899999999999,0.045139,0.12313000000000002,0.205354,0.20073,0.29363900000000004,llm,mistral-small-3.2-24b,with_formula,0.000923,0.987654,0.0004237868967013,1.797640298073807,0.045474665698070904,0.038418973065536,0.1105494565971344,0.1857444220632552,0.1835231668883103,0.2289978325863812
TSLA,2024-12-09,S - Sale+OE,,,0.08415162937823831,0.036068,0.110923,0.14387,0.11944584786447661,0.20359747724271487,llm,mistral-small-3.2-24b,with_formula,0.000306,0.980612,0.0004952235393392,1.799625929869615,0.03784072151925601,0.0448693837642016,0.1082702980964036,0.1616992660303712,0.1209996768856507,0.15884039840490669
TSLA,2025-01-08,S - Sale+OE,,,-0.08413499999999999,0.002018,0.03967,0.072394,0.00025099999999998734,-0.083884,llm,mistral-small-3.2-24b,with_formula,0.00063070045914,0.92001400140014,0.0021134767912973,1.8608521597623644,-0.13400781213577703,0.000388363662805,0.0548138160741163,0.053572879624732186,-0.038665534719022704,-0.1726733468547997
TSLA,2025-02-05,S - Sale+OE,,,-0.09019,-0.052713,-0.113927,-0.11112900000000002,-0.2080110222204969,-0.29820102222049694,llm,mistral-small-3.2-24b,with_formula,0.00063,0.920619,0.0031845852398431,1.991912208679897,-0.1419964489825224,-0.06631040876232369,-0.12916452053864308,-0.1550222680265353,-0.2288888346114003,-0.3708852835939227
TSLA,2025-02-10,S - Sale,,,-0.16379100000000002,-0.10003400000000001,-0.038519000000000005,-0.038693000000000005,-0.161813,-0.325604,llm,mistral-small-3.2-24b,with_formula,0.001123,0.987654,0.0032429105562625,1.987910491204445,-0.197454671818431,-0.1123171595280532,-0.0788196237771569,-0.0858990527470372,-0.1761618003558058,-0.37361647217423677
TSLA,2025-03-05,S - Sale+OE,,,-0.1291199999999999,-0.018848,-0.143544,-0.026453252655178602,0.09978074734482141,-0.029339252655178533,llm,mistral-small-3.2-24b,with_formula,0.000923,0.987654,0.0032390062808443,1.9587287915096905,-0.1061198011809408,-0.014218433644407402,-0.11332723457874519,-0.0365906638672306,0.0377135890659961,-0.0684062121149447
TSLA,2025-03-06,S - Sale+OE,,,-0.15992099999999998,-0.040669,-0.11727000000000001,-0.050864000000000006,0.03887500000000003,-0.12104599999999996,llm,mistral-small-3.2-24b,with_formula,0.000806,0.980612,0.0031576435317873,1.9593351980461555,-0.13599432353050306,-0.0280571846068011,-0.068694173070315,-0.0300461205860534,0.025826518157306324,-0.11016780537319677
TSLA,2025-03-12,S - Sale+OE,,,-0.291147,0.053323,0.015481000000000002,0.063094,0.16482999999999998,-0.126317,llm,mistral-small-3.2-24b,with_formula,0.001316,0.9846,0.0029137849028985,1.980472910027856,-0.19111672346072947,0.0548879920986088,-0.017900067366304097,0.020515187611081398,0.12253992387022479,-0.06857679959050468
TSLA,2025-04-09,S - Sale+OE,,,0.10098099999999999,0.074775,0.048048999999999994,0.036169,0.1679476750977778,0.2689286750977778,llm,mistral-small-3.2-24b,with_formula,0.000306,0.9806,0.001405937070397,2.1660895802441287,0.25699611020886615,-0.018813075132053398,-0.0802485563502216,-0.0574046271624008,-0.021287118218731294,0.23570899199013484
TSLA,2025-04-28,P - Purchase,,,0.019163,-0.0006419082991763999,-0.0453649082991764,-0.050105261921379,0.09378935607862099,0.112952356078621,llm,mistral-small-3.2-24b,with_formula,0.001623,0.987654,0.0025069834833001,2.271028453967452,-0.06403714490592058,0.0095099795719468,-0.0804777050294503,-0.09194254307007849,-0.05484713725269119,-0.11888428215861184
TSLA,2025-05-01,S - Sale+OE,,,0.0541849398797595,-0.012038,-0.037865,0.02836199999999999,0.10693399999999999,0.16111893987975945,llm,mistral-small-3.2-24b,with_formula,0.000923,0.987654,0.002963611965834,2.26907026493284,-0.0627419628420582,-0.0564852485174533,-0.06762526422779999,-0.025656301025110385,-0.048336484129220696,-0.1110784469712789
TSLA,2025-05-05,S - Sale+OE,,,0.07363000000000001,-0.025816,0.040993849164067404,0.0876008491640674,0.11079884916406738,0.1844288491640674,llm,mistral-small-3.2-24b,with_formula,0.001123,0.987654,0.0035358446991681,2.154445777931695,-0.051537231408769,-0.014128566149295101,0.0276706080627128,0.017004438547775003,0.028959007547301706,-0.022578223861467284
TSLA,2025-05-08,S - Sale+OE,,,0.056430000000000015,0.067098,0.124864,0.16164900000000001,0.1883110000000001,0.24474100000000004,llm,mistral-small-3.2-24b,with_formula,0.001123,0.987654,0.0033837823063024,2.1246838264109003,-0.0834551016167223,0.0487064741640295,0.032042262559217494,0.04710355981755309,0.0574780070806312,-0.02597709453609108
TSLA,2025-05-13,S - Sale+OE,,,0.161601944,0.06690199999999999,0.07048399999999999,0.062924,0.06471699999999998,0.226318944,llm,mistral-small-3.2-24b,with_formula,0.001122,0.987654,0.002926491620334,2.0284245179764886,-0.02168048820194505,0.0368624290150191,0.0310870165410803,0.0367462914746388,0.0078045634300390986,-0.013875924771905964
TSLA,2025-05-20,S - Sale+OE,,,0.0624863282697218,-0.009277,0.008938,0.011054000000000007,0.011054000000000007,0.07354032826972179,llm,mistral-small-3.2-24b,with_formula,0.001646,0.9234,0.0020217162365398,2.005730673391361,-0.05735177915943611,0.0101466166544876,0.0346412457653144,0.009777548364864,0.009777548364864,-0.0475742307945721
TSLA,2025-05-29,S - Sale+OE,,,0.147003,-0.03055,-0.03055,-0.03055,-0.03055,0.11645299999999999,llm,mistral-small-3.2-24b,with_formula,0.000907,0.980612,0.0022422455584705,1.989264722335084,0.0761154937613229,-0.0349546834678316,-0.0349546834678316,-0.0349546834678316,-0.0349546834678316,0.04116081029349129
TXN,2024-11-08,S - Sale+OE,,,0.15668999999999997,0.022824,-0.108941,-0.05129299999999999,-0.153695,0.0029949999999999907,llm,mistral-small-3.2-24b,with_formula,0.001234,0.987654,0.000167897908216,0.9524392207721544,0.11837964338970519,0.023234955390774,-0.10735214879220001,-0.0493314910720622,-0.15568698850179138,-0.03730734511208621
TXN,2024-11-08,S - Sale,,,0.15668999999999997,0.022824,-0.108941,-0.05129299999999999,-0.153695,0.0029949999999999907,llm,mistral-small-3.2-24b,with_formula,0.001234,0.987654,0.000167897908216,0.9524392207721544,0.11837964338970519,0.023234955390774,-0.10735214879220001,-0.0493314910720622,-0.15568698850179138,-0.03730734511208621
TXN,2024-11-13,S - Sale+OE,,,0.011157000000000004,-0.023315,-0.0008429999999999965,-0.057243,-0.085147,-0.07398999999999999,llm,mistral-small-3.2-24b,with_formula,0.000312,0.952143,1.2128821145525956e-05,0.9683298868173298,0.010017530892084705,-0.0231007824708101,-0.0008067709926919964,-0.0565373266598904,-0.08395125701131159,-0.07393372611922688
TXN,2024-11-26,S - Sale+OE,,,-0.024803999999999996,-0.018847,-0.018482,-0.089755,-0.122882,-0.14768599999999998,llm,mistral-small-3.2-24b,with_formula,0.000635,0.923456,0.0002762535913648,0.9366074325753632,-0.028712020010014206,-0.0193799907503844,-0.0181675124145031,-0.0902698391838013,-0.1256734643942859,-0.1543854844043001
TXN,2025-02-05,S - Sale,,,-0.10183900000000001,0.0068839999999999995,-0.0052640000000000004,-0.009950999999999998,0.12969399999999998,0.027855000000000005,llm,mistral-small-3.2-24b,with_formula,0.000635,0.950123,-5.262139305163571e-05,0.9450733250601676,-0.08339503334354362,0.0084913153764357,-0.0039915936440445,-0.0036803790447678996,0.135567069833304,0.05217203648976038
TXN,2025-02-19,S - Sale,,,0.014995000000000005,0.09037300000000001,0.10694600000000001,0.10475000000000001,0.07261656899999999,0.08761156900000003,llm,mistral-small-3.2-24b,with_formula,0.00063,0.95,-7.359594729668649e-05,0.9305326944687552,0.023575990028924194,0.0956034045079346,0.1116360518814528,0.1098305179576984,0.08327772635800998,0.1068537163869342
TXN,2025-02-20,S - Sale+OE,,,0.041347999999999996,0.055325,0.07019,0.059895000000000004,0.01551872239229321,0.05686672239229321,llm,mistral-small-3.2-24b,with_formula,0.00063,0.92061,-2.1203185627264665e-05,0.932275958122542,0.049652030023072696,0.054184643148703,0.0681177872034187,0.0573128701388599,0.009945600978498007,0.059597631001570686
TXN,2025-02-25,S - Sale+OE,,,0.1286777765289841,-0.0023569999999999997,-0.001469999999999999,0.012581,-0.020794000000000003,0.1078837765289841,llm,mistral-small-3.2-24b,with_formula,0.001006,0.950622,-0.0003135806374387,0.9556723197235856,0.13011966646814732,-0.0014046092112317,-0.0002815315106255,0.0063577373580274,-0.0274897100286746,0.10262995643947269
TXN,2025-02-27,S - Sale+OE,,,0.1121584132803729,0.0012579999999999996,0.022285988461538397,0.010522031025641,-0.012207968974359003,0.0999504443060139,llm,mistral-small-3.2-24b,with_formula,0.000635,0.920612,-0.000318868637652,0.8730507369132721,0.11685462493664628,0.0001837413980774992,0.0210930433688318,0.0040140307790069996,-0.0184368214446601,0.0984178034919862
TXN,2025-03-03,S - Sale+OE,,,0.123759,0.023723,0.004819000000000001,-0.028754000000000005,-0.03227100000000001,0.091488,llm,mistral-small-3.2-24b,with_formula,0.001234,0.987654,-9.22749259276922e-05,0.8658470716856687,0.12600012637156832,0.0202405923010627,0.002450104391899199,-0.045961595745430295,-0.03856362866772499,0.08743649770384329
VZ,2025-01-29,S - Sale,,,0.029867000000000008,-0.021331000000000003,0.004703999999999996,-0.004378000000000003,-0.0024110000000000043,0.027455999999999998,llm,mistral-small-3.2-24b,with_formula,0.001234,0.987654,0.0004698716631889,-0.1530187997771298,0.0516027425739107,-0.024419367074809798,-0.014665538350870599,-0.017931882502176,0.016029773193536302,0.06763251576744701
VZ,2025-01-30,S - Sale,,,0.04004099999999999,-0.021747,-0.013436999999999998,-0.006267999999999999,0.016496,0.056537,llm,mistral-small-3.2-24b,with_formula,0.001001,0.95,0.0004385271670358,-0.1503024732466972,0.04775952346322361,-0.0230493451308429,-0.0129721845062095,-0.013472545279633399,0.0399396370407714,0.087699160503995
VZ,2025-01-31,S - Sale,,,0.0019899999999999952,0.000508,0.014241000000000002,0.0090439506779477,0.0481719506779477,0.050161950677947695,llm,mistral-small-3.2-24b,with_formula,0.001234,0.987654,0.000449616270017,-0.1473337033002945,0.0420623351337977,-0.0028829481445328,0.015043371011507099,0.009399497591057999,0.0701940145740317,0.11225634970782941
VZ,2025-02-05,S - Sale,,,0.028830999999999996,-0.00462,-0.0013500000000000005,0.001821999999999999,0.107402,0.136233,llm,mistral-small-3.2-24b,with_formula,0.001234,0.897654,0.0005189294013912,-0.1554810780289151,0.0372535534345222,0.0033556332895733005,0.0019809136989606007,0.028239985823174798,0.081887426369742,0.11914097980426419
VZ,2025-02-06,S - Sale,,,0.021532696820132497,0.002173999999999999,0.006514432077835499,-0.0007665679221645011,0.08663843207783549,0.108171128897968,llm,mistral-small-3.2-24b,with_formula,0.001234,0.987654,0.0004280405287345,-0.1638833892300756,0.04412562765816729,-0.0084876724274617,0.0069452932341165004,0.02119765383769,0.06283104698835248,0.10695667464651978
VZ,2025-02-27,S - Sale,,,0.112315811722012,0.009600324210526298,0.0318286789164086,0.10535267891640859,0.08247836149705368,0.1947941732190657,llm,mistral-small-3.2-24b,with_formula,0.00082,0.95,0.0004964446017428,-0.1684123659518955,0.06611124267678471,-0.0047737854340237,-0.015734410785811496,0.0551564996295704,0.0031281208597671046,0.0692393635365518
VZ,2025-04-24,S - Sale,,,-0.0570344640516744,-0.055345,-0.035767295445073,-0.047191295445073,-0.1386490486773059,-0.19568351272898032,llm,mistral-small-3.2-24b,with_formula,0.000952,0.952341,0.0006895732082278,-0.2410780838044867,-0.051144277272256906,-0.010171816059268299,0.014201255389365902,0.0379699262039271,0.0159388121225318,-0.03520546514972509
VZ,2025-04-25,S - Sale+OE,,,-0.070201,-0.031276,0.012857000000000002,-0.017341999999999996,-0.08323986225851221,-0.15344086225851222,llm,mistral-small-3.2-24b,with_formula,0.000952,0.9234,0.0007496006017672,-0.2473710220903484,0.028728404572659905,-0.0186472387406866,0.030516283949683802,0.0222486977522094,0.0327874390580154,0.061515843630675304
VZ,2025-05-01,S - Sale,,,-0.021425433,-0.032593000000000004,-0.009938000000000006,-0.03417200000000001,-0.07843599999999999,-0.09986143300000001,llm,mistral-small-3.2-24b,with_formula,0.000923,0.850123,0.0010131934437342,-0.237447076797271,0.030052385767633104,-0.0019358590357551001,0.0016553118697124006,-0.010448357868828499,-0.002224019075047103,0.02782836669258601
VZ,2025-05-08,S - Sale,,,-0.08465836842105262,-0.016130000000000002,-0.09437999999999999,-0.07666899999999999,-0.093663,-0.1783213684210526,llm,mistral-small-3.2-24b,with_formula,0.000487,0.951238,0.0004981189219637,-0.1396053859163408,0.0037185945286393003,-0.0058744811903468,-0.020677058770880802,0.010680605338522197,-0.0130452331983355,-0.009326638669696205
VZ,2025-05-09,S - Sale+OE,,,-0.1110431002222712,-3.9518e-05,-0.095093518,-0.05640707900000009,-0.07418362940227799,-0.1852267296245492,llm,mistral-small-3.2-24b,with_formula,0.001923,0.9006,0.0006712543729112,-0.0675336444120804,-0.011140155027302898,-0.0006683188337971,-0.0273323842377347,0.016582906213622697,-0.0103621508630767,-0.021502305890379603
