ticker,trade_date,insider_name,trade_type,shares,price,value,raw_response_preview
AAPL,2024-11-15,Kondo Chris,S - Sale,1000.0,180.5,180500.0,"```json
[
  {
    ""date"": ""2024-11-15"",
    ""insider_name"": ""Kondo Chris"",
    ""role"": ""Director"",
    ""transaction_type"": ""S - Sale"",
    ""shares"": 1000,
    ""price_per_share"": 180.50,
    ""total_val"
AAPL,2024-12-20,Kondo Chris,P - Purchase,500.0,175.25,87625.0,"```json
[
  {
    ""date"": ""2024-11-15"",
    ""insider_name"": ""Kondo Chris"",
    ""role"": ""Director"",
    ""transaction_type"": ""S - Sale"",
    ""shares"": 1000,
    ""price_per_share"": 180.50,
    ""total_val"
AAPL,2025-02-10,Kondo Chris,S - Sale+OE,750.0,190.75,143062.5,"```json
[
  {
    ""date"": ""2024-11-15"",
    ""insider_name"": ""Kondo Chris"",
    ""role"": ""Director"",
    ""transaction_type"": ""S - Sale"",
    ""shares"": 1000,
    ""price_per_share"": 180.50,
    ""total_val"
AAPL,2025-03-15,Kondo Chris,P - Purchase,300.0,185.0,55500.0,"```json
[
  {
    ""date"": ""2024-11-15"",
    ""insider_name"": ""Kondo Chris"",
    ""role"": ""Director"",
    ""transaction_type"": ""S - Sale"",
    ""shares"": 1000,
    ""price_per_share"": 180.50,
    ""total_val"
AAPL,2025-05-22,Kondo Chris,S - Sale,1200.0,200.0,240000.0,"```json
[
  {
    ""date"": ""2024-11-15"",
    ""insider_name"": ""Kondo Chris"",
    ""role"": ""Director"",
    ""transaction_type"": ""S - Sale"",
    ""shares"": 1000,
    ""price_per_share"": 180.50,
    ""total_val"
AAPL,2024-11-15,Levinson Arthur D,S - Sale,1000.0,180.5,180500.0,"```json
[
  {
    ""date"": ""2024-11-15"",
    ""insider_name"": ""Levinson Arthur D"",
    ""role"": ""Director"",
    ""transaction_type"": ""S - Sale"",
    ""shares"": 1000,
    ""price_per_share"": 180.50,
    ""tot"
AAPL,2024-12-20,Levinson Arthur D,P - Purchase,500.0,175.25,87625.0,"```json
[
  {
    ""date"": ""2024-11-15"",
    ""insider_name"": ""Levinson Arthur D"",
    ""role"": ""Director"",
    ""transaction_type"": ""S - Sale"",
    ""shares"": 1000,
    ""price_per_share"": 180.50,
    ""tot"
AAPL,2025-01-10,Levinson Arthur D,S - Sale,750.0,185.75,139312.5,"```json
[
  {
    ""date"": ""2024-11-15"",
    ""insider_name"": ""Levinson Arthur D"",
    ""role"": ""Director"",
    ""transaction_type"": ""S - Sale"",
    ""shares"": 1000,
    ""price_per_share"": 180.50,
    ""tot"
AAPL,2025-02-28,Levinson Arthur D,S - Sale+OE,1200.0,190.0,228000.0,"```json
[
  {
    ""date"": ""2024-11-15"",
    ""insider_name"": ""Levinson Arthur D"",
    ""role"": ""Director"",
    ""transaction_type"": ""S - Sale"",
    ""shares"": 1000,
    ""price_per_share"": 180.50,
    ""tot"
AAPL,2025-03-15,Levinson Arthur D,P - Purchase,300.0,195.5,58650.0,"```json
[
  {
    ""date"": ""2024-11-15"",
    ""insider_name"": ""Levinson Arthur D"",
    ""role"": ""Director"",
    ""transaction_type"": ""S - Sale"",
    ""shares"": 1000,
    ""price_per_share"": 180.50,
    ""tot"
AAPL,2025-04-22,Levinson Arthur D,S - Sale,800.0,200.25,160200.0,"```json
[
  {
    ""date"": ""2024-11-15"",
    ""insider_name"": ""Levinson Arthur D"",
    ""role"": ""Director"",
    ""transaction_type"": ""S - Sale"",
    ""shares"": 1000,
    ""price_per_share"": 180.50,
    ""tot"
AAPL,2025-05-30,Levinson Arthur D,S - Sale+OE,1500.0,205.0,307500.0,"```json
[
  {
    ""date"": ""2024-11-15"",
    ""insider_name"": ""Levinson Arthur D"",
    ""role"": ""Director"",
    ""transaction_type"": ""S - Sale"",
    ""shares"": 1000,
    ""price_per_share"": 180.50,
    ""tot"
AAPL,2024-11-15,Williams Jeffrey E,S - Sale,1000.0,180.5,180500.0,"```json
[
  {
    ""date"": ""2024-11-15"",
    ""insider_name"": ""Williams Jeffrey E"",
    ""role"": ""Director"",
    ""transaction_type"": ""S - Sale"",
    ""shares"": 1000,
    ""price_per_share"": 180.50,
    ""to"
AAPL,2024-12-20,Williams Jeffrey E,P - Purchase,500.0,175.25,87625.0,"```json
[
  {
    ""date"": ""2024-11-15"",
    ""insider_name"": ""Williams Jeffrey E"",
    ""role"": ""Director"",
    ""transaction_type"": ""S - Sale"",
    ""shares"": 1000,
    ""price_per_share"": 180.50,
    ""to"
AAPL,2025-01-10,Williams Jeffrey E,S - Sale+OE,750.0,185.75,139312.5,"```json
[
  {
    ""date"": ""2024-11-15"",
    ""insider_name"": ""Williams Jeffrey E"",
    ""role"": ""Director"",
    ""transaction_type"": ""S - Sale"",
    ""shares"": 1000,
    ""price_per_share"": 180.50,
    ""to"
AAPL,2025-02-28,Williams Jeffrey E,P - Purchase,300.0,190.0,57000.0,"```json
[
  {
    ""date"": ""2024-11-15"",
    ""insider_name"": ""Williams Jeffrey E"",
    ""role"": ""Director"",
    ""transaction_type"": ""S - Sale"",
    ""shares"": 1000,
    ""price_per_share"": 180.50,
    ""to"
AAPL,2025-03-15,Williams Jeffrey E,S - Sale,1200.0,195.5,234600.0,"```json
[
  {
    ""date"": ""2024-11-15"",
    ""insider_name"": ""Williams Jeffrey E"",
    ""role"": ""Director"",
    ""transaction_type"": ""S - Sale"",
    ""shares"": 1000,
    ""price_per_share"": 180.50,
    ""to"
AAPL,2025-04-30,Williams Jeffrey E,P - Purchase,600.0,200.25,120150.0,"```json
[
  {
    ""date"": ""2024-11-15"",
    ""insider_name"": ""Williams Jeffrey E"",
    ""role"": ""Director"",
    ""transaction_type"": ""S - Sale"",
    ""shares"": 1000,
    ""price_per_share"": 180.50,
    ""to"
AAPL,2025-05-20,Williams Jeffrey E,S - Sale+OE,800.0,205.0,164000.0,"```json
[
  {
    ""date"": ""2024-11-15"",
    ""insider_name"": ""Williams Jeffrey E"",
    ""role"": ""Director"",
    ""transaction_type"": ""S - Sale"",
    ""shares"": 1000,
    ""price_per_share"": 180.50,
    ""to"
AAPL,2024-11-15,Adams Katherine L.,S - Sale,1000.0,180.5,180500.0,"```json
[
  {
    ""date"": ""2024-11-15"",
    ""insider_name"": ""Adams Katherine L."",
    ""role"": ""Director"",
    ""transaction_type"": ""S - Sale"",
    ""shares"": 1000,
    ""price_per_share"": 180.50,
    ""to"
AAPL,2024-12-20,Adams Katherine L.,P - Purchase,500.0,175.25,87625.0,"```json
[
  {
    ""date"": ""2024-11-15"",
    ""insider_name"": ""Adams Katherine L."",
    ""role"": ""Director"",
    ""transaction_type"": ""S - Sale"",
    ""shares"": 1000,
    ""price_per_share"": 180.50,
    ""to"
AAPL,2025-02-10,Adams Katherine L.,S - Sale+OE,750.0,185.75,139312.5,"```json
[
  {
    ""date"": ""2024-11-15"",
    ""insider_name"": ""Adams Katherine L."",
    ""role"": ""Director"",
    ""transaction_type"": ""S - Sale"",
    ""shares"": 1000,
    ""price_per_share"": 180.50,
    ""to"
AAPL,2025-03-15,Adams Katherine L.,P - Purchase,300.0,190.0,57000.0,"```json
[
  {
    ""date"": ""2024-11-15"",
    ""insider_name"": ""Adams Katherine L."",
    ""role"": ""Director"",
    ""transaction_type"": ""S - Sale"",
    ""shares"": 1000,
    ""price_per_share"": 180.50,
    ""to"
AAPL,2025-05-22,Adams Katherine L.,S - Sale,1200.0,195.5,234600.0,"```json
[
  {
    ""date"": ""2024-11-15"",
    ""insider_name"": ""Adams Katherine L."",
    ""role"": ""Director"",
    ""transaction_type"": ""S - Sale"",
    ""shares"": 1000,
    ""price_per_share"": 180.50,
    ""to"
AAPL,2024-11-15,Cook Timothy D,S - Sale,25000.0,180.5,4512500.0,"```json
[
  {
    ""date"": ""2024-11-15"",
    ""insider_name"": ""Cook Timothy D"",
    ""role"": ""CEO"",
    ""transaction_type"": ""S - Sale"",
    ""shares"": 25000,
    ""price_per_share"": 180.50,
    ""total_valu"
AAPL,2024-12-10,Cook Timothy D,S - Sale,15000.0,175.25,2628750.0,"```json
[
  {
    ""date"": ""2024-11-15"",
    ""insider_name"": ""Cook Timothy D"",
    ""role"": ""CEO"",
    ""transaction_type"": ""S - Sale"",
    ""shares"": 25000,
    ""price_per_share"": 180.50,
    ""total_valu"
AAPL,2025-01-20,Cook Timothy D,P - Purchase,5000.0,165.75,828750.0,"```json
[
  {
    ""date"": ""2024-11-15"",
    ""insider_name"": ""Cook Timothy D"",
    ""role"": ""CEO"",
    ""transaction_type"": ""S - Sale"",
    ""shares"": 25000,
    ""price_per_share"": 180.50,
    ""total_valu"
AAPL,2025-02-25,Cook Timothy D,S - Sale+OE,30000.0,170.0,5100000.0,"```json
[
  {
    ""date"": ""2024-11-15"",
    ""insider_name"": ""Cook Timothy D"",
    ""role"": ""CEO"",
    ""transaction_type"": ""S - Sale"",
    ""shares"": 25000,
    ""price_per_share"": 180.50,
    ""total_valu"
AAPL,2025-03-15,Cook Timothy D,S - Sale,20000.0,168.5,3370000.0,"```json
[
  {
    ""date"": ""2024-11-15"",
    ""insider_name"": ""Cook Timothy D"",
    ""role"": ""CEO"",
    ""transaction_type"": ""S - Sale"",
    ""shares"": 25000,
    ""price_per_share"": 180.50,
    ""total_valu"
AAPL,2025-04-10,Cook Timothy D,P - Purchase,10000.0,160.25,1602500.0,"```json
[
  {
    ""date"": ""2024-11-15"",
    ""insider_name"": ""Cook Timothy D"",
    ""role"": ""CEO"",
    ""transaction_type"": ""S - Sale"",
    ""shares"": 25000,
    ""price_per_share"": 180.50,
    ""total_valu"
AAPL,2025-05-20,Cook Timothy D,S - Sale,10000.0,172.0,1720000.0,"```json
[
  {
    ""date"": ""2024-11-15"",
    ""insider_name"": ""Cook Timothy D"",
    ""role"": ""CEO"",
    ""transaction_type"": ""S - Sale"",
    ""shares"": 25000,
    ""price_per_share"": 180.50,
    ""total_valu"
AAPL,2024-11-15,Parekh Kevan,S - Sale,1000.0,180.5,180500.0,"```json
[
  {
    ""date"": ""2024-11-15"",
    ""insider_name"": ""Parekh Kevan"",
    ""role"": ""Director"",
    ""transaction_type"": ""S - Sale"",
    ""shares"": 1000,
    ""price_per_share"": 180.50,
    ""total_va"
AAPL,2024-12-20,Parekh Kevan,P - Purchase,500.0,175.25,87625.0,"```json
[
  {
    ""date"": ""2024-11-15"",
    ""insider_name"": ""Parekh Kevan"",
    ""role"": ""Director"",
    ""transaction_type"": ""S - Sale"",
    ""shares"": 1000,
    ""price_per_share"": 180.50,
    ""total_va"
AAPL,2025-01-10,Parekh Kevan,S - Sale+OE,750.0,185.75,139312.5,"```json
[
  {
    ""date"": ""2024-11-15"",
    ""insider_name"": ""Parekh Kevan"",
    ""role"": ""Director"",
    ""transaction_type"": ""S - Sale"",
    ""shares"": 1000,
    ""price_per_share"": 180.50,
    ""total_va"
AAPL,2025-03-05,Parekh Kevan,P - Purchase,300.0,190.0,57000.0,"```json
[
  {
    ""date"": ""2024-11-15"",
    ""insider_name"": ""Parekh Kevan"",
    ""role"": ""Director"",
    ""transaction_type"": ""S - Sale"",
    ""shares"": 1000,
    ""price_per_share"": 180.50,
    ""total_va"
AAPL,2025-05-22,Parekh Kevan,S - Sale,1200.0,195.5,234600.0,"```json
[
  {
    ""date"": ""2024-11-15"",
    ""insider_name"": ""Parekh Kevan"",
    ""role"": ""Director"",
    ""transaction_type"": ""S - Sale"",
    ""shares"": 1000,
    ""price_per_share"": 180.50,
    ""total_va"
ADBE,2024-11-15,Banse Amy,S - Sale,1000.0,500.25,500250.0,"```json
[
  {
    ""date"": ""2024-11-15"",
    ""insider_name"": ""Banse Amy"",
    ""role"": ""Director"",
    ""transaction_type"": ""S - Sale"",
    ""shares"": 1000,
    ""price_per_share"": 500.25,
    ""total_value"
ADBE,2024-12-20,Banse Amy,P - Purchase,500.0,495.75,247875.0,"```json
[
  {
    ""date"": ""2024-11-15"",
    ""insider_name"": ""Banse Amy"",
    ""role"": ""Director"",
    ""transaction_type"": ""S - Sale"",
    ""shares"": 1000,
    ""price_per_share"": 500.25,
    ""total_value"
ADBE,2025-01-10,Banse Amy,S - Sale+OE,750.0,510.5,382875.0,"```json
[
  {
    ""date"": ""2024-11-15"",
    ""insider_name"": ""Banse Amy"",
    ""role"": ""Director"",
    ""transaction_type"": ""S - Sale"",
    ""shares"": 1000,
    ""price_per_share"": 500.25,
    ""total_value"
ADBE,2025-02-28,Banse Amy,P - Purchase,300.0,505.0,151500.0,"```json
[
  {
    ""date"": ""2024-11-15"",
    ""insider_name"": ""Banse Amy"",
    ""role"": ""Director"",
    ""transaction_type"": ""S - Sale"",
    ""shares"": 1000,
    ""price_per_share"": 500.25,
    ""total_value"
ADBE,2025-03-15,Banse Amy,S - Sale,1200.0,520.0,624000.0,"```json
[
  {
    ""date"": ""2024-11-15"",
    ""insider_name"": ""Banse Amy"",
    ""role"": ""Director"",
    ""transaction_type"": ""S - Sale"",
    ""shares"": 1000,
    ""price_per_share"": 500.25,
    ""total_value"
ADBE,2025-04-30,Banse Amy,P - Purchase,800.0,515.25,412200.0,"```json
[
  {
    ""date"": ""2024-11-15"",
    ""insider_name"": ""Banse Amy"",
    ""role"": ""Director"",
    ""transaction_type"": ""S - Sale"",
    ""shares"": 1000,
    ""price_per_share"": 500.25,
    ""total_value"
ADBE,2025-05-20,Banse Amy,S - Sale+OE,600.0,525.75,315450.0,"```json
[
  {
    ""date"": ""2024-11-15"",
    ""insider_name"": ""Banse Amy"",
    ""role"": ""Director"",
    ""transaction_type"": ""S - Sale"",
    ""shares"": 1000,
    ""price_per_share"": 500.25,
    ""total_value"
ADBE,2024-11-15,Belsky Scott,S - Sale,1000.0,500.25,500250.0,"```json
[
  {
    ""date"": ""2024-11-15"",
    ""insider_name"": ""Belsky Scott"",
    ""role"": ""Director"",
    ""transaction_type"": ""S - Sale"",
    ""shares"": 1000,
    ""price_per_share"": 500.25,
    ""total_va"
ADBE,2024-12-20,Belsky Scott,P - Purchase,500.0,495.75,247875.0,"```json
[
  {
    ""date"": ""2024-11-15"",
    ""insider_name"": ""Belsky Scott"",
    ""role"": ""Director"",
    ""transaction_type"": ""S - Sale"",
    ""shares"": 1000,
    ""price_per_share"": 500.25,
    ""total_va"
ADBE,2025-01-10,Belsky Scott,S - Sale+OE,750.0,510.5,382875.0,"```json
[
  {
    ""date"": ""2024-11-15"",
    ""insider_name"": ""Belsky Scott"",
    ""role"": ""Director"",
    ""transaction_type"": ""S - Sale"",
    ""shares"": 1000,
    ""price_per_share"": 500.25,
    ""total_va"
ADBE,2025-03-05,Belsky Scott,P - Purchase,300.0,520.0,156000.0,"```json
[
  {
    ""date"": ""2024-11-15"",
    ""insider_name"": ""Belsky Scott"",
    ""role"": ""Director"",
    ""transaction_type"": ""S - Sale"",
    ""shares"": 1000,
    ""price_per_share"": 500.25,
    ""total_va"
ADBE,2025-05-20,Belsky Scott,S - Sale,1200.0,530.75,636900.0,"```json
[
  {
    ""date"": ""2024-11-15"",
    ""insider_name"": ""Belsky Scott"",
    ""role"": ""Director"",
    ""transaction_type"": ""S - Sale"",
    ""shares"": 1000,
    ""price_per_share"": 500.25,
    ""total_va"
ADBE,2024-11-15,Forusz Jillian,S - Sale,1000.0,500.25,500250.0,"```json
[
  {
    ""date"": ""2024-11-15"",
    ""insider_name"": ""Forusz Jillian"",
    ""role"": ""Director"",
    ""transaction_type"": ""S - Sale"",
    ""shares"": 1000,
    ""price_per_share"": 500.25,
    ""total_"
ADBE,2025-01-20,Forusz Jillian,P - Purchase,500.0,495.75,247875.0,"```json
[
  {
    ""date"": ""2024-11-15"",
    ""insider_name"": ""Forusz Jillian"",
    ""role"": ""Director"",
    ""transaction_type"": ""S - Sale"",
    ""shares"": 1000,
    ""price_per_share"": 500.25,
    ""total_"
ADBE,2025-03-10,Forusz Jillian,S - Sale+OE,750.0,510.5,382875.0,"```json
[
  {
    ""date"": ""2024-11-15"",
    ""insider_name"": ""Forusz Jillian"",
    ""role"": ""Director"",
    ""transaction_type"": ""S - Sale"",
    ""shares"": 1000,
    ""price_per_share"": 500.25,
    ""total_"
ADBE,2025-05-05,Forusz Jillian,P - Purchase,300.0,520.0,156000.0,"```json
[
  {
    ""date"": ""2024-11-15"",
    ""insider_name"": ""Forusz Jillian"",
    ""role"": ""Director"",
    ""transaction_type"": ""S - Sale"",
    ""shares"": 1000,
    ""price_per_share"": 500.25,
    ""total_"
ADBE,2024-11-15,Ricks David A,S - Sale,1000.0,500.25,500250.0,"```json
[
  {
    ""date"": ""2024-11-15"",
    ""insider_name"": ""Ricks David A"",
    ""role"": ""Director"",
    ""transaction_type"": ""S - Sale"",
    ""shares"": 1000,
    ""price_per_share"": 500.25,
    ""total_v"
ADBE,2024-12-20,Ricks David A,P - Purchase,500.0,495.75,247875.0,"```json
[
  {
    ""date"": ""2024-11-15"",
    ""insider_name"": ""Ricks David A"",
    ""role"": ""Director"",
    ""transaction_type"": ""S - Sale"",
    ""shares"": 1000,
    ""price_per_share"": 500.25,
    ""total_v"
ADBE,2025-01-10,Ricks David A,S - Sale+OE,750.0,510.5,382875.0,"```json
[
  {
    ""date"": ""2024-11-15"",
    ""insider_name"": ""Ricks David A"",
    ""role"": ""Director"",
    ""transaction_type"": ""S - Sale"",
    ""shares"": 1000,
    ""price_per_share"": 500.25,
    ""total_v"
ADBE,2025-02-28,Ricks David A,P - Purchase,300.0,505.0,151500.0,"```json
[
  {
    ""date"": ""2024-11-15"",
    ""insider_name"": ""Ricks David A"",
    ""role"": ""Director"",
    ""transaction_type"": ""S - Sale"",
    ""shares"": 1000,
    ""price_per_share"": 500.25,
    ""total_v"
ADBE,2025-03-15,Ricks David A,S - Sale,1200.0,520.0,624000.0,"```json
[
  {
    ""date"": ""2024-11-15"",
    ""insider_name"": ""Ricks David A"",
    ""role"": ""Director"",
    ""transaction_type"": ""S - Sale"",
    ""shares"": 1000,
    ""price_per_share"": 500.25,
    ""total_v"
ADBE,2025-04-30,Ricks David A,P - Purchase,800.0,515.25,412200.0,"```json
[
  {
    ""date"": ""2024-11-15"",
    ""insider_name"": ""Ricks David A"",
    ""role"": ""Director"",
    ""transaction_type"": ""S - Sale"",
    ""shares"": 1000,
    ""price_per_share"": 500.25,
    ""total_v"
ADBE,2025-05-20,Ricks David A,S - Sale+OE,600.0,525.75,315450.0,"```json
[
  {
    ""date"": ""2024-11-15"",
    ""insider_name"": ""Ricks David A"",
    ""role"": ""Director"",
    ""transaction_type"": ""S - Sale"",
    ""shares"": 1000,
    ""price_per_share"": 500.25,
    ""total_v"
ADBE,2024-11-15,Durn Daniel,S - Sale,1000.0,500.25,500250.0,"```json
[
  {
    ""date"": ""2024-11-15"",
    ""insider_name"": ""Durn Daniel"",
    ""role"": ""Director"",
    ""transaction_type"": ""S - Sale"",
    ""shares"": 1000,
    ""price_per_share"": 500.25,
    ""total_val"
ADBE,2024-12-20,Durn Daniel,P - Purchase,500.0,495.75,247875.0,"```json
[
  {
    ""date"": ""2024-11-15"",
    ""insider_name"": ""Durn Daniel"",
    ""role"": ""Director"",
    ""transaction_type"": ""S - Sale"",
    ""shares"": 1000,
    ""price_per_share"": 500.25,
    ""total_val"
ADBE,2025-01-10,Durn Daniel,S - Sale+OE,750.0,510.5,382875.0,"```json
[
  {
    ""date"": ""2024-11-15"",
    ""insider_name"": ""Durn Daniel"",
    ""role"": ""Director"",
    ""transaction_type"": ""S - Sale"",
    ""shares"": 1000,
    ""price_per_share"": 500.25,
    ""total_val"
ADBE,2025-03-05,Durn Daniel,P - Purchase,300.0,520.0,156000.0,"```json
[
  {
    ""date"": ""2024-11-15"",
    ""insider_name"": ""Durn Daniel"",
    ""role"": ""Director"",
    ""transaction_type"": ""S - Sale"",
    ""shares"": 1000,
    ""price_per_share"": 500.25,
    ""total_val"
ADBE,2025-05-20,Durn Daniel,S - Sale,1200.0,530.25,636300.0,"```json
[
  {
    ""date"": ""2024-11-15"",
    ""insider_name"": ""Durn Daniel"",
    ""role"": ""Director"",
    ""transaction_type"": ""S - Sale"",
    ""shares"": 1000,
    ""price_per_share"": 500.25,
    ""total_val"
ADI,2024-11-15,Bryant Gregory M,S - Sale,1000.0,150.25,150250.0,"```json
[
  {
    ""date"": ""2024-11-15"",
    ""insider_name"": ""Bryant Gregory M"",
    ""role"": ""Director"",
    ""transaction_type"": ""S - Sale"",
    ""shares"": 1000,
    ""price_per_share"": 150.25,
    ""tota"
ADI,2024-12-20,Bryant Gregory M,P - Purchase,500.0,145.75,72875.0,"```json
[
  {
    ""date"": ""2024-11-15"",
    ""insider_name"": ""Bryant Gregory M"",
    ""role"": ""Director"",
    ""transaction_type"": ""S - Sale"",
    ""shares"": 1000,
    ""price_per_share"": 150.25,
    ""tota"
ADI,2025-01-10,Bryant Gregory M,S - Sale+OE,750.0,152.5,114375.0,"```json
[
  {
    ""date"": ""2024-11-15"",
    ""insider_name"": ""Bryant Gregory M"",
    ""role"": ""Director"",
    ""transaction_type"": ""S - Sale"",
    ""shares"": 1000,
    ""price_per_share"": 150.25,
    ""tota"
ADI,2025-03-05,Bryant Gregory M,P - Purchase,300.0,148.2,44460.0,"```json
[
  {
    ""date"": ""2024-11-15"",
    ""insider_name"": ""Bryant Gregory M"",
    ""role"": ""Director"",
    ""transaction_type"": ""S - Sale"",
    ""shares"": 1000,
    ""price_per_share"": 150.25,
    ""tota"
ADI,2025-05-22,Bryant Gregory M,S - Sale,1200.0,155.0,186000.0,"```json
[
  {
    ""date"": ""2024-11-15"",
    ""insider_name"": ""Bryant Gregory M"",
    ""role"": ""Director"",
    ""transaction_type"": ""S - Sale"",
    ""shares"": 1000,
    ""price_per_share"": 150.25,
    ""tota"
ADI,2024-11-15,Roche Vincent,S - Sale,5000.0,150.25,751250.0,"```json
[
  {
    ""date"": ""2024-11-15"",
    ""insider_name"": ""Roche Vincent"",
    ""role"": ""Director"",
    ""transaction_type"": ""S - Sale"",
    ""shares"": 5000,
    ""price_per_share"": 150.25,
    ""total_v"
ADI,2024-12-20,Roche Vincent,P - Purchase,2000.0,145.75,291500.0,"```json
[
  {
    ""date"": ""2024-11-15"",
    ""insider_name"": ""Roche Vincent"",
    ""role"": ""Director"",
    ""transaction_type"": ""S - Sale"",
    ""shares"": 5000,
    ""price_per_share"": 150.25,
    ""total_v"
ADI,2025-02-10,Roche Vincent,S - Sale+OE,3000.0,155.5,466500.0,"```json
[
  {
    ""date"": ""2024-11-15"",
    ""insider_name"": ""Roche Vincent"",
    ""role"": ""Director"",
    ""transaction_type"": ""S - Sale"",
    ""shares"": 5000,
    ""price_per_share"": 150.25,
    ""total_v"
ADI,2025-03-15,Roche Vincent,P - Purchase,1000.0,160.0,160000.0,"```json
[
  {
    ""date"": ""2024-11-15"",
    ""insider_name"": ""Roche Vincent"",
    ""role"": ""Director"",
    ""transaction_type"": ""S - Sale"",
    ""shares"": 5000,
    ""price_per_share"": 150.25,
    ""total_v"
ADI,2025-05-25,Roche Vincent,S - Sale,4000.0,165.25,661000.0,"```json
[
  {
    ""date"": ""2024-11-15"",
    ""insider_name"": ""Roche Vincent"",
    ""role"": ""Director"",
    ""transaction_type"": ""S - Sale"",
    ""shares"": 5000,
    ""price_per_share"": 150.25,
    ""total_v"
ADI,2024-11-15,Johnson Mercedes,S - Sale,1000.0,150.25,150250.0,"```json
[
  {
    ""date"": ""2024-11-15"",
    ""insider_name"": ""Johnson Mercedes"",
    ""role"": ""Director"",
    ""transaction_type"": ""S - Sale"",
    ""shares"": 1000,
    ""price_per_share"": 150.25,
    ""tota"
ADI,2024-12-20,Johnson Mercedes,P - Purchase,500.0,145.75,72875.0,"```json
[
  {
    ""date"": ""2024-11-15"",
    ""insider_name"": ""Johnson Mercedes"",
    ""role"": ""Director"",
    ""transaction_type"": ""S - Sale"",
    ""shares"": 1000,
    ""price_per_share"": 150.25,
    ""tota"
ADI,2025-01-10,Johnson Mercedes,S - Sale+OE,750.0,152.5,114375.0,"```json
[
  {
    ""date"": ""2024-11-15"",
    ""insider_name"": ""Johnson Mercedes"",
    ""role"": ""Director"",
    ""transaction_type"": ""S - Sale"",
    ""shares"": 1000,
    ""price_per_share"": 150.25,
    ""tota"
ADI,2025-03-05,Johnson Mercedes,P - Purchase,300.0,148.0,44400.0,"```json
[
  {
    ""date"": ""2024-11-15"",
    ""insider_name"": ""Johnson Mercedes"",
    ""role"": ""Director"",
    ""transaction_type"": ""S - Sale"",
    ""shares"": 1000,
    ""price_per_share"": 150.25,
    ""tota"
ADI,2025-05-22,Johnson Mercedes,S - Sale,1200.0,155.0,186000.0,"```json
[
  {
    ""date"": ""2024-11-15"",
    ""insider_name"": ""Johnson Mercedes"",
    ""role"": ""Director"",
    ""transaction_type"": ""S - Sale"",
    ""shares"": 1000,
    ""price_per_share"": 150.25,
    ""tota"
ADI,2024-11-15,Stata Ray,S - Sale,1000.0,150.25,150250.0,"```json
[
  {
    ""date"": ""2024-11-15"",
    ""insider_name"": ""Stata Ray"",
    ""role"": ""Director"",
    ""transaction_type"": ""S - Sale"",
    ""shares"": 1000,
    ""price_per_share"": 150.25,
    ""total_value"
ADI,2024-12-20,Stata Ray,P - Purchase,500.0,145.75,72875.0,"```json
[
  {
    ""date"": ""2024-11-15"",
    ""insider_name"": ""Stata Ray"",
    ""role"": ""Director"",
    ""transaction_type"": ""S - Sale"",
    ""shares"": 1000,
    ""price_per_share"": 150.25,
    ""total_value"
ADI,2025-01-10,Stata Ray,S - Sale+OE,750.0,152.5,114375.0,"```json
[
  {
    ""date"": ""2024-11-15"",
    ""insider_name"": ""Stata Ray"",
    ""role"": ""Director"",
    ""transaction_type"": ""S - Sale"",
    ""shares"": 1000,
    ""price_per_share"": 150.25,
    ""total_value"
ADI,2025-03-05,Stata Ray,P - Purchase,300.0,148.0,44400.0,"```json
[
  {
    ""date"": ""2024-11-15"",
    ""insider_name"": ""Stata Ray"",
    ""role"": ""Director"",
    ""transaction_type"": ""S - Sale"",
    ""shares"": 1000,
    ""price_per_share"": 150.25,
    ""total_value"
ADI,2025-05-22,Stata Ray,S - Sale,1200.0,155.0,186000.0,"```json
[
  {
    ""date"": ""2024-11-15"",
    ""insider_name"": ""Stata Ray"",
    ""role"": ""Director"",
    ""transaction_type"": ""S - Sale"",
    ""shares"": 1000,
    ""price_per_share"": 150.25,
    ""total_value"
ADI,2024-11-15,Puccio Richard C Jr,S - Sale,1000.0,150.25,150250.0,"```json
[
  {
    ""date"": ""2024-11-15"",
    ""insider_name"": ""Puccio Richard C Jr"",
    ""role"": ""Director"",
    ""transaction_type"": ""S - Sale"",
    ""shares"": 1000,
    ""price_per_share"": 150.25,
    ""t"
ADI,2024-12-20,Puccio Richard C Jr,P - Purchase,500.0,145.75,72875.0,"```json
[
  {
    ""date"": ""2024-11-15"",
    ""insider_name"": ""Puccio Richard C Jr"",
    ""role"": ""Director"",
    ""transaction_type"": ""S - Sale"",
    ""shares"": 1000,
    ""price_per_share"": 150.25,
    ""t"
ADI,2025-01-10,Puccio Richard C Jr,S - Sale+OE,750.0,152.5,114375.0,"```json
[
  {
    ""date"": ""2024-11-15"",
    ""insider_name"": ""Puccio Richard C Jr"",
    ""role"": ""Director"",
    ""transaction_type"": ""S - Sale"",
    ""shares"": 1000,
    ""price_per_share"": 150.25,
    ""t"
ADI,2025-03-05,Puccio Richard C Jr,P - Purchase,300.0,148.2,44460.0,"```json
[
  {
    ""date"": ""2024-11-15"",
    ""insider_name"": ""Puccio Richard C Jr"",
    ""role"": ""Director"",
    ""transaction_type"": ""S - Sale"",
    ""shares"": 1000,
    ""price_per_share"": 150.25,
    ""t"
ADI,2025-05-22,Puccio Richard C Jr,S - Sale,1200.0,155.0,186000.0,"```json
[
  {
    ""date"": ""2024-11-15"",
    ""insider_name"": ""Puccio Richard C Jr"",
    ""role"": ""Director"",
    ""transaction_type"": ""S - Sale"",
    ""shares"": 1000,
    ""price_per_share"": 150.25,
    ""t"
ADI,2024-11-15,Jain Vivek,S - Sale,1000.0,150.25,150250.0,"```json
[
  {
    ""date"": ""2024-11-15"",
    ""insider_name"": ""Jain Vivek"",
    ""role"": ""Director"",
    ""transaction_type"": ""S - Sale"",
    ""shares"": 1000,
    ""price_per_share"": 150.25,
    ""total_valu"
ADI,2024-12-20,Jain Vivek,P - Purchase,500.0,145.75,72875.0,"```json
[
  {
    ""date"": ""2024-11-15"",
    ""insider_name"": ""Jain Vivek"",
    ""role"": ""Director"",
    ""transaction_type"": ""S - Sale"",
    ""shares"": 1000,
    ""price_per_share"": 150.25,
    ""total_valu"
ADI,2025-01-10,Jain Vivek,S - Sale+OE,750.0,152.5,114375.0,"```json
[
  {
    ""date"": ""2024-11-15"",
    ""insider_name"": ""Jain Vivek"",
    ""role"": ""Director"",
    ""transaction_type"": ""S - Sale"",
    ""shares"": 1000,
    ""price_per_share"": 150.25,
    ""total_valu"
ADI,2025-03-05,Jain Vivek,P - Purchase,300.0,148.0,44400.0,"```json
[
  {
    ""date"": ""2024-11-15"",
    ""insider_name"": ""Jain Vivek"",
    ""role"": ""Director"",
    ""transaction_type"": ""S - Sale"",
    ""shares"": 1000,
    ""price_per_share"": 150.25,
    ""total_valu"
ADI,2025-05-22,Jain Vivek,S - Sale,1200.0,155.0,186000.0,"```json
[
  {
    ""date"": ""2024-11-15"",
    ""insider_name"": ""Jain Vivek"",
    ""role"": ""Director"",
    ""transaction_type"": ""S - Sale"",
    ""shares"": 1000,
    ""price_per_share"": 150.25,
    ""total_valu"
ADP,2024-11-15,Kutam Sreenivasa,S - Sale,1000.0,200.5,200500.0,"```json
[
  {
    ""date"": ""2024-11-15"",
    ""insider_name"": ""Kutam Sreenivasa"",
    ""role"": ""Director"",
    ""transaction_type"": ""S - Sale"",
    ""shares"": 1000,
    ""price_per_share"": 200.50,
    ""tota"
ADP,2025-02-20,Kutam Sreenivasa,P - Purchase,500.0,195.75,97875.0,"```json
[
  {
    ""date"": ""2024-11-15"",
    ""insider_name"": ""Kutam Sreenivasa"",
    ""role"": ""Director"",
    ""transaction_type"": ""S - Sale"",
    ""shares"": 1000,
    ""price_per_share"": 200.50,
    ""tota"
ADP,2025-05-10,Kutam Sreenivasa,S - Sale+OE,750.0,205.25,153937.5,"```json
[
  {
    ""date"": ""2024-11-15"",
    ""insider_name"": ""Kutam Sreenivasa"",
    ""role"": ""Director"",
    ""transaction_type"": ""S - Sale"",
    ""shares"": 1000,
    ""price_per_share"": 200.50,
    ""tota"
ADP,2024-11-15,Michaud Brian L.,S - Sale,1000.0,200.5,200500.0,"```json
[
  {
    ""date"": ""2024-11-15"",
    ""insider_name"": ""Michaud Brian L."",
    ""role"": ""Director"",
    ""transaction_type"": ""S - Sale"",
    ""shares"": 1000,
    ""price_per_share"": 200.50,
    ""tota"
ADP,2024-12-20,Michaud Brian L.,P - Purchase,500.0,195.75,97875.0,"```json
[
  {
    ""date"": ""2024-11-15"",
    ""insider_name"": ""Michaud Brian L."",
    ""role"": ""Director"",
    ""transaction_type"": ""S - Sale"",
    ""shares"": 1000,
    ""price_per_share"": 200.50,
    ""tota"
ADP,2025-01-10,Michaud Brian L.,S - Sale+OE,750.0,205.25,153937.5,"```json
[
  {
    ""date"": ""2024-11-15"",
    ""insider_name"": ""Michaud Brian L."",
    ""role"": ""Director"",
    ""transaction_type"": ""S - Sale"",
    ""shares"": 1000,
    ""price_per_share"": 200.50,
    ""tota"
ADP,2025-03-05,Michaud Brian L.,P - Purchase,300.0,210.0,63000.0,"```json
[
  {
    ""date"": ""2024-11-15"",
    ""insider_name"": ""Michaud Brian L."",
    ""role"": ""Director"",
    ""transaction_type"": ""S - Sale"",
    ""shares"": 1000,
    ""price_per_share"": 200.50,
    ""tota"
ADP,2025-05-20,Michaud Brian L.,S - Sale,1200.0,215.5,258600.0,"```json
[
  {
    ""date"": ""2024-11-15"",
    ""insider_name"": ""Michaud Brian L."",
    ""role"": ""Director"",
    ""transaction_type"": ""S - Sale"",
    ""shares"": 1000,
    ""price_per_share"": 200.50,
    ""tota"
ADP,2024-11-15,Kwon David,S - Sale,1000.0,200.5,200500.0,"```json
[
  {
    ""date"": ""2024-11-15"",
    ""insider_name"": ""Kwon David"",
    ""role"": ""Director"",
    ""transaction_type"": ""S - Sale"",
    ""shares"": 1000,
    ""price_per_share"": 200.50,
    ""total_valu"
ADP,2024-12-20,Kwon David,P - Purchase,500.0,195.75,97875.0,"```json
[
  {
    ""date"": ""2024-11-15"",
    ""insider_name"": ""Kwon David"",
    ""role"": ""Director"",
    ""transaction_type"": ""S - Sale"",
    ""shares"": 1000,
    ""price_per_share"": 200.50,
    ""total_valu"
ADP,2025-02-10,Kwon David,S - Sale+OE,750.0,205.25,153937.5,"```json
[
  {
    ""date"": ""2024-11-15"",
    ""insider_name"": ""Kwon David"",
    ""role"": ""Director"",
    ""transaction_type"": ""S - Sale"",
    ""shares"": 1000,
    ""price_per_share"": 200.50,
    ""total_valu"
ADP,2025-03-15,Kwon David,P - Purchase,300.0,210.0,63000.0,"```json
[
  {
    ""date"": ""2024-11-15"",
    ""insider_name"": ""Kwon David"",
    ""role"": ""Director"",
    ""transaction_type"": ""S - Sale"",
    ""shares"": 1000,
    ""price_per_share"": 200.50,
    ""total_valu"
ADP,2025-05-22,Kwon David,S - Sale,1200.0,215.5,258600.0,"```json
[
  {
    ""date"": ""2024-11-15"",
    ""insider_name"": ""Kwon David"",
    ""role"": ""Director"",
    ""transaction_type"": ""S - Sale"",
    ""shares"": 1000,
    ""price_per_share"": 200.50,
    ""total_valu"
ADP,2024-11-15,McGuire Don,S - Sale,1000.0,200.5,200500.0,"```json
[
  {
    ""date"": ""2024-11-15"",
    ""insider_name"": ""McGuire Don"",
    ""role"": ""Director"",
    ""transaction_type"": ""S - Sale"",
    ""shares"": 1000,
    ""price_per_share"": 200.50,
    ""total_val"
ADP,2024-12-20,McGuire Don,P - Purchase,500.0,195.75,97875.0,"```json
[
  {
    ""date"": ""2024-11-15"",
    ""insider_name"": ""McGuire Don"",
    ""role"": ""Director"",
    ""transaction_type"": ""S - Sale"",
    ""shares"": 1000,
    ""price_per_share"": 200.50,
    ""total_val"
ADP,2025-01-10,McGuire Don,S - Sale+OE,750.0,205.25,153937.5,"```json
[
  {
    ""date"": ""2024-11-15"",
    ""insider_name"": ""McGuire Don"",
    ""role"": ""Director"",
    ""transaction_type"": ""S - Sale"",
    ""shares"": 1000,
    ""price_per_share"": 200.50,
    ""total_val"
ADP,2025-03-05,McGuire Don,P - Purchase,300.0,210.0,63000.0,"```json
[
  {
    ""date"": ""2024-11-15"",
    ""insider_name"": ""McGuire Don"",
    ""role"": ""Director"",
    ""transaction_type"": ""S - Sale"",
    ""shares"": 1000,
    ""price_per_share"": 200.50,
    ""total_val"
ADP,2025-05-15,McGuire Don,S - Sale,1200.0,215.5,258600.0,"```json
[
  {
    ""date"": ""2024-11-15"",
    ""insider_name"": ""McGuire Don"",
    ""role"": ""Director"",
    ""transaction_type"": ""S - Sale"",
    ""shares"": 1000,
    ""price_per_share"": 200.50,
    ""total_val"
ADP,2024-11-15,Lehberger Jonathan S,S - Sale,1000.0,200.5,200500.0,"```json
[
  {
    ""date"": ""2024-11-15"",
    ""insider_name"": ""Lehberger Jonathan S"",
    ""role"": ""Director"",
    ""transaction_type"": ""S - Sale"",
    ""shares"": 1000,
    ""price_per_share"": 200.50,
    """
ADP,2024-12-20,Lehberger Jonathan S,P - Purchase,500.0,195.75,97875.0,"```json
[
  {
    ""date"": ""2024-11-15"",
    ""insider_name"": ""Lehberger Jonathan S"",
    ""role"": ""Director"",
    ""transaction_type"": ""S - Sale"",
    ""shares"": 1000,
    ""price_per_share"": 200.50,
    """
ADP,2025-01-10,Lehberger Jonathan S,S - Sale+OE,750.0,205.25,153937.5,"```json
[
  {
    ""date"": ""2024-11-15"",
    ""insider_name"": ""Lehberger Jonathan S"",
    ""role"": ""Director"",
    ""transaction_type"": ""S - Sale"",
    ""shares"": 1000,
    ""price_per_share"": 200.50,
    """
ADP,2025-03-05,Lehberger Jonathan S,P - Purchase,300.0,210.0,63000.0,"```json
[
  {
    ""date"": ""2024-11-15"",
    ""insider_name"": ""Lehberger Jonathan S"",
    ""role"": ""Director"",
    ""transaction_type"": ""S - Sale"",
    ""shares"": 1000,
    ""price_per_share"": 200.50,
    """
ADP,2025-05-20,Lehberger Jonathan S,S - Sale,1200.0,215.5,258600.0,"```json
[
  {
    ""date"": ""2024-11-15"",
    ""insider_name"": ""Lehberger Jonathan S"",
    ""role"": ""Director"",
    ""transaction_type"": ""S - Sale"",
    ""shares"": 1000,
    ""price_per_share"": 200.50,
    """
ADP,2024-11-15,Black Maria,P - Purchase,1000.0,200.5,200500.0,"```json
[
  {
    ""date"": ""2024-11-15"",
    ""insider_name"": ""Black Maria"",
    ""role"": ""Director"",
    ""transaction_type"": ""P - Purchase"",
    ""shares"": 1000,
    ""price_per_share"": 200.50,
    ""total"
ADP,2024-12-20,Black Maria,S - Sale,500.0,210.75,105375.0,"```json
[
  {
    ""date"": ""2024-11-15"",
    ""insider_name"": ""Black Maria"",
    ""role"": ""Director"",
    ""transaction_type"": ""P - Purchase"",
    ""shares"": 1000,
    ""price_per_share"": 200.50,
    ""total"
ADP,2025-01-10,Black Maria,P - Purchase,750.0,205.25,153937.5,"```json
[
  {
    ""date"": ""2024-11-15"",
    ""insider_name"": ""Black Maria"",
    ""role"": ""Director"",
    ""transaction_type"": ""P - Purchase"",
    ""shares"": 1000,
    ""price_per_share"": 200.50,
    ""total"
ADP,2025-02-28,Black Maria,S - Sale+OE,1200.0,215.0,258000.0,"```json
[
  {
    ""date"": ""2024-11-15"",
    ""insider_name"": ""Black Maria"",
    ""role"": ""Director"",
    ""transaction_type"": ""P - Purchase"",
    ""shares"": 1000,
    ""price_per_share"": 200.50,
    ""total"
ADP,2025-03-15,Black Maria,P - Purchase,800.0,220.0,176000.0,"```json
[
  {
    ""date"": ""2024-11-15"",
    ""insider_name"": ""Black Maria"",
    ""role"": ""Director"",
    ""transaction_type"": ""P - Purchase"",
    ""shares"": 1000,
    ""price_per_share"": 200.50,
    ""total"
ADP,2025-04-30,Black Maria,S - Sale,600.0,225.5,135300.0,"```json
[
  {
    ""date"": ""2024-11-15"",
    ""insider_name"": ""Black Maria"",
    ""role"": ""Director"",
    ""transaction_type"": ""P - Purchase"",
    ""shares"": 1000,
    ""price_per_share"": 200.50,
    ""total"
ADP,2025-05-20,Black Maria,P - Purchase,900.0,230.25,207225.0,"```json
[
  {
    ""date"": ""2024-11-15"",
    ""insider_name"": ""Black Maria"",
    ""role"": ""Director"",
    ""transaction_type"": ""P - Purchase"",
    ""shares"": 1000,
    ""price_per_share"": 200.50,
    ""total"
ADP,2024-11-15,Ayala John,S - Sale,1000.0,200.5,200500.0,"```json
[
  {
    ""date"": ""2024-11-15"",
    ""insider_name"": ""Ayala John"",
    ""role"": ""Director"",
    ""transaction_type"": ""S - Sale"",
    ""shares"": 1000,
    ""price_per_share"": 200.50,
    ""total_valu"
ADP,2024-12-20,Ayala John,P - Purchase,500.0,195.75,97875.0,"```json
[
  {
    ""date"": ""2024-11-15"",
    ""insider_name"": ""Ayala John"",
    ""role"": ""Director"",
    ""transaction_type"": ""S - Sale"",
    ""shares"": 1000,
    ""price_per_share"": 200.50,
    ""total_valu"
ADP,2025-01-10,Ayala John,S - Sale+OE,750.0,205.25,153937.5,"```json
[
  {
    ""date"": ""2024-11-15"",
    ""insider_name"": ""Ayala John"",
    ""role"": ""Director"",
    ""transaction_type"": ""S - Sale"",
    ""shares"": 1000,
    ""price_per_share"": 200.50,
    ""total_valu"
ADP,2025-03-05,Ayala John,P - Purchase,300.0,210.0,63000.0,"```json
[
  {
    ""date"": ""2024-11-15"",
    ""insider_name"": ""Ayala John"",
    ""role"": ""Director"",
    ""transaction_type"": ""S - Sale"",
    ""shares"": 1000,
    ""price_per_share"": 200.50,
    ""total_valu"
ADP,2025-05-22,Ayala John,S - Sale,1200.0,215.5,258600.0,"```json
[
  {
    ""date"": ""2024-11-15"",
    ""insider_name"": ""Ayala John"",
    ""role"": ""Director"",
    ""transaction_type"": ""S - Sale"",
    ""shares"": 1000,
    ""price_per_share"": 200.50,
    ""total_valu"
ADP,2024-11-15,Desilva Joseph,S - Sale,1000.0,200.5,200500.0,"```json
[
  {
    ""date"": ""2024-11-15"",
    ""insider_name"": ""Desilva Joseph"",
    ""role"": ""Director"",
    ""transaction_type"": ""S - Sale"",
    ""shares"": 1000,
    ""price_per_share"": 200.50,
    ""total_"
ADP,2024-12-20,Desilva Joseph,P - Purchase,500.0,195.75,97875.0,"```json
[
  {
    ""date"": ""2024-11-15"",
    ""insider_name"": ""Desilva Joseph"",
    ""role"": ""Director"",
    ""transaction_type"": ""S - Sale"",
    ""shares"": 1000,
    ""price_per_share"": 200.50,
    ""total_"
ADP,2025-01-10,Desilva Joseph,S - Sale+OE,750.0,205.25,153937.5,"```json
[
  {
    ""date"": ""2024-11-15"",
    ""insider_name"": ""Desilva Joseph"",
    ""role"": ""Director"",
    ""transaction_type"": ""S - Sale"",
    ""shares"": 1000,
    ""price_per_share"": 200.50,
    ""total_"
ADP,2025-03-05,Desilva Joseph,P - Purchase,300.0,210.0,63000.0,"```json
[
  {
    ""date"": ""2024-11-15"",
    ""insider_name"": ""Desilva Joseph"",
    ""role"": ""Director"",
    ""transaction_type"": ""S - Sale"",
    ""shares"": 1000,
    ""price_per_share"": 200.50,
    ""total_"
ADP,2025-05-20,Desilva Joseph,S - Sale,1200.0,215.5,258600.0,"```json
[
  {
    ""date"": ""2024-11-15"",
    ""insider_name"": ""Desilva Joseph"",
    ""role"": ""Director"",
    ""transaction_type"": ""S - Sale"",
    ""shares"": 1000,
    ""price_per_share"": 200.50,
    ""total_"
ADP,2024-11-15,Foskett David,S - Sale,1000.0,200.5,200500.0,"```json
[
  {
    ""date"": ""2024-11-15"",
    ""insider_name"": ""Foskett David"",
    ""role"": ""Director"",
    ""transaction_type"": ""S - Sale"",
    ""shares"": 1000,
    ""price_per_share"": 200.50,
    ""total_v"
ADP,2024-12-20,Foskett David,P - Purchase,500.0,195.75,97875.0,"```json
[
  {
    ""date"": ""2024-11-15"",
    ""insider_name"": ""Foskett David"",
    ""role"": ""Director"",
    ""transaction_type"": ""S - Sale"",
    ""shares"": 1000,
    ""price_per_share"": 200.50,
    ""total_v"
ADP,2025-01-10,Foskett David,S - Sale+OE,750.0,205.25,153937.5,"```json
[
  {
    ""date"": ""2024-11-15"",
    ""insider_name"": ""Foskett David"",
    ""role"": ""Director"",
    ""transaction_type"": ""S - Sale"",
    ""shares"": 1000,
    ""price_per_share"": 200.50,
    ""total_v"
ADP,2025-03-05,Foskett David,P - Purchase,300.0,210.0,63000.0,"```json
[
  {
    ""date"": ""2024-11-15"",
    ""insider_name"": ""Foskett David"",
    ""role"": ""Director"",
    ""transaction_type"": ""S - Sale"",
    ""shares"": 1000,
    ""price_per_share"": 200.50,
    ""total_v"
ADP,2025-05-20,Foskett David,S - Sale,1200.0,215.5,258600.0,"```json
[
  {
    ""date"": ""2024-11-15"",
    ""insider_name"": ""Foskett David"",
    ""role"": ""Director"",
    ""transaction_type"": ""S - Sale"",
    ""shares"": 1000,
    ""price_per_share"": 200.50,
    ""total_v"
ADP,2024-11-15,Magliulo Virginia,S - Sale,1000.0,200.5,200500.0,"```json
[
  {
    ""date"": ""2024-11-15"",
    ""insider_name"": ""Magliulo Virginia"",
    ""role"": ""Director"",
    ""transaction_type"": ""S - Sale"",
    ""shares"": 1000,
    ""price_per_share"": 200.50,
    ""tot"
ADP,2025-02-20,Magliulo Virginia,P - Purchase,500.0,195.75,97875.0,"```json
[
  {
    ""date"": ""2024-11-15"",
    ""insider_name"": ""Magliulo Virginia"",
    ""role"": ""Director"",
    ""transaction_type"": ""S - Sale"",
    ""shares"": 1000,
    ""price_per_share"": 200.50,
    ""tot"
ADP,2025-05-10,Magliulo Virginia,S - Sale+OE,750.0,205.25,153937.5,"```json
[
  {
    ""date"": ""2024-11-15"",
    ""insider_name"": ""Magliulo Virginia"",
    ""role"": ""Director"",
    ""transaction_type"": ""S - Sale"",
    ""shares"": 1000,
    ""price_per_share"": 200.50,
    ""tot"
ADP,2024-11-15,Bonarti Michael A,S - Sale,1000.0,200.5,200500.0,"```json
[
  {
    ""date"": ""2024-11-15"",
    ""insider_name"": ""Bonarti Michael A"",
    ""role"": ""Director"",
    ""transaction_type"": ""S - Sale"",
    ""shares"": 1000,
    ""price_per_share"": 200.50,
    ""tot"
ADP,2024-12-20,Bonarti Michael A,P - Purchase,500.0,195.75,97875.0,"```json
[
  {
    ""date"": ""2024-11-15"",
    ""insider_name"": ""Bonarti Michael A"",
    ""role"": ""Director"",
    ""transaction_type"": ""S - Sale"",
    ""shares"": 1000,
    ""price_per_share"": 200.50,
    ""tot"
ADP,2025-01-10,Bonarti Michael A,S - Sale,750.0,205.25,153937.5,"```json
[
  {
    ""date"": ""2024-11-15"",
    ""insider_name"": ""Bonarti Michael A"",
    ""role"": ""Director"",
    ""transaction_type"": ""S - Sale"",
    ""shares"": 1000,
    ""price_per_share"": 200.50,
    ""tot"
ADP,2025-02-28,Bonarti Michael A,P - Purchase,300.0,210.0,63000.0,"```json
[
  {
    ""date"": ""2024-11-15"",
    ""insider_name"": ""Bonarti Michael A"",
    ""role"": ""Director"",
    ""transaction_type"": ""S - Sale"",
    ""shares"": 1000,
    ""price_per_share"": 200.50,
    ""tot"
ADP,2025-03-15,Bonarti Michael A,S - Sale+OE,1200.0,215.5,258600.0,"```json
[
  {
    ""date"": ""2024-11-15"",
    ""insider_name"": ""Bonarti Michael A"",
    ""role"": ""Director"",
    ""transaction_type"": ""S - Sale"",
    ""shares"": 1000,
    ""price_per_share"": 200.50,
    ""tot"
ADP,2025-04-30,Bonarti Michael A,P - Purchase,800.0,220.25,176200.0,"```json
[
  {
    ""date"": ""2024-11-15"",
    ""insider_name"": ""Bonarti Michael A"",
    ""role"": ""Director"",
    ""transaction_type"": ""S - Sale"",
    ""shares"": 1000,
    ""price_per_share"": 200.50,
    ""tot"
ADP,2025-05-20,Bonarti Michael A,S - Sale,600.0,225.0,135000.0,"```json
[
  {
    ""date"": ""2024-11-15"",
    ""insider_name"": ""Bonarti Michael A"",
    ""role"": ""Director"",
    ""transaction_type"": ""S - Sale"",
    ""shares"": 1000,
    ""price_per_share"": 200.50,
    ""tot"
ADP,2024-11-15,D'Ambrosio Christopher,S - Sale,1000.0,200.5,200500.0,"```json
[
  {
    ""date"": ""2024-11-15"",
    ""insider_name"": ""D'Ambrosio Christopher"",
    ""role"": ""Director"",
    ""transaction_type"": ""S - Sale"",
    ""shares"": 1000,
    ""price_per_share"": 200.50,
   "
ADP,2025-02-20,D'Ambrosio Christopher,P - Purchase,500.0,195.75,97875.0,"```json
[
  {
    ""date"": ""2024-11-15"",
    ""insider_name"": ""D'Ambrosio Christopher"",
    ""role"": ""Director"",
    ""transaction_type"": ""S - Sale"",
    ""shares"": 1000,
    ""price_per_share"": 200.50,
   "
ADP,2025-05-10,D'Ambrosio Christopher,S - Sale+OE,750.0,205.25,153937.5,"```json
[
  {
    ""date"": ""2024-11-15"",
    ""insider_name"": ""D'Ambrosio Christopher"",
    ""role"": ""Director"",
    ""transaction_type"": ""S - Sale"",
    ""shares"": 1000,
    ""price_per_share"": 200.50,
   "
AMAT,2024-11-15,Sanders Adam,S - Sale,10000.0,150.25,1502500.0,"```json
[
  {
    ""date"": ""2024-11-15"",
    ""insider_name"": ""Sanders Adam"",
    ""role"": ""Director"",
    ""transaction_type"": ""S - Sale"",
    ""shares"": 10000,
    ""price_per_share"": 150.25,
    ""total_v"
AMAT,2024-12-20,Sanders Adam,P - Purchase,5000.0,145.75,728750.0,"```json
[
  {
    ""date"": ""2024-11-15"",
    ""insider_name"": ""Sanders Adam"",
    ""role"": ""Director"",
    ""transaction_type"": ""S - Sale"",
    ""shares"": 10000,
    ""price_per_share"": 150.25,
    ""total_v"
AMAT,2025-01-10,Sanders Adam,S - Sale+OE,7500.0,152.5,1143750.0,"```json
[
  {
    ""date"": ""2024-11-15"",
    ""insider_name"": ""Sanders Adam"",
    ""role"": ""Director"",
    ""transaction_type"": ""S - Sale"",
    ""shares"": 10000,
    ""price_per_share"": 150.25,
    ""total_v"
AMAT,2025-03-05,Sanders Adam,P - Purchase,3000.0,148.2,444600.0,"```json
[
  {
    ""date"": ""2024-11-15"",
    ""insider_name"": ""Sanders Adam"",
    ""role"": ""Director"",
    ""transaction_type"": ""S - Sale"",
    ""shares"": 10000,
    ""price_per_share"": 150.25,
    ""total_v"
AMAT,2025-05-22,Sanders Adam,S - Sale,12000.0,155.0,1860000.0,"```json
[
  {
    ""date"": ""2024-11-15"",
    ""insider_name"": ""Sanders Adam"",
    ""role"": ""Director"",
    ""transaction_type"": ""S - Sale"",
    ""shares"": 10000,
    ""price_per_share"": 150.25,
    ""total_v"
AMAT,2024-11-15,Sanders Adam,S - Sale,10000.0,150.25,1502500.0,"```json
[
  {
    ""date"": ""2024-11-15"",
    ""insider_name"": ""Sanders Adam"",
    ""role"": ""Director"",
    ""transaction_type"": ""S - Sale"",
    ""shares"": 10000,
    ""price_per_share"": 150.25,
    ""total_v"
AMAT,2024-12-20,Sanders Adam,P - Purchase,5000.0,145.75,728750.0,"```json
[
  {
    ""date"": ""2024-11-15"",
    ""insider_name"": ""Sanders Adam"",
    ""role"": ""Director"",
    ""transaction_type"": ""S - Sale"",
    ""shares"": 10000,
    ""price_per_share"": 150.25,
    ""total_v"
AMAT,2025-01-10,Sanders Adam,S - Sale+OE,7500.0,152.5,1143750.0,"```json
[
  {
    ""date"": ""2024-11-15"",
    ""insider_name"": ""Sanders Adam"",
    ""role"": ""Director"",
    ""transaction_type"": ""S - Sale"",
    ""shares"": 10000,
    ""price_per_share"": 150.25,
    ""total_v"
AMAT,2025-03-05,Sanders Adam,P - Purchase,3000.0,148.2,444600.0,"```json
[
  {
    ""date"": ""2024-11-15"",
    ""insider_name"": ""Sanders Adam"",
    ""role"": ""Director"",
    ""transaction_type"": ""S - Sale"",
    ""shares"": 10000,
    ""price_per_share"": 150.25,
    ""total_v"
AMAT,2025-05-22,Sanders Adam,S - Sale,12000.0,155.0,1860000.0,"```json
[
  {
    ""date"": ""2024-11-15"",
    ""insider_name"": ""Sanders Adam"",
    ""role"": ""Director"",
    ""transaction_type"": ""S - Sale"",
    ""shares"": 10000,
    ""price_per_share"": 150.25,
    ""total_v"
AMAT,2024-11-15,Dickerson Gary E,S - Sale,1000.0,150.25,150250.0,"```json
[
  {
    ""date"": ""2024-11-15"",
    ""insider_name"": ""Dickerson Gary E"",
    ""role"": ""Director"",
    ""transaction_type"": ""S - Sale"",
    ""shares"": 1000,
    ""price_per_share"": 150.25,
    ""tota"
AMAT,2024-12-20,Dickerson Gary E,P - Purchase,500.0,145.75,72875.0,"```json
[
  {
    ""date"": ""2024-11-15"",
    ""insider_name"": ""Dickerson Gary E"",
    ""role"": ""Director"",
    ""transaction_type"": ""S - Sale"",
    ""shares"": 1000,
    ""price_per_share"": 150.25,
    ""tota"
AMAT,2025-01-10,Dickerson Gary E,S - Sale+OE,750.0,152.5,114375.0,"```json
[
  {
    ""date"": ""2024-11-15"",
    ""insider_name"": ""Dickerson Gary E"",
    ""role"": ""Director"",
    ""transaction_type"": ""S - Sale"",
    ""shares"": 1000,
    ""price_per_share"": 150.25,
    ""tota"
AMAT,2025-03-05,Dickerson Gary E,P - Purchase,300.0,148.0,44400.0,"```json
[
  {
    ""date"": ""2024-11-15"",
    ""insider_name"": ""Dickerson Gary E"",
    ""role"": ""Director"",
    ""transaction_type"": ""S - Sale"",
    ""shares"": 1000,
    ""price_per_share"": 150.25,
    ""tota"
AMAT,2025-05-20,Dickerson Gary E,S - Sale,1200.0,155.0,186000.0,"```json
[
  {
    ""date"": ""2024-11-15"",
    ""insider_name"": ""Dickerson Gary E"",
    ""role"": ""Director"",
    ""transaction_type"": ""S - Sale"",
    ""shares"": 1000,
    ""price_per_share"": 150.25,
    ""tota"
AMZN,2024-11-15,Bezos Jeffrey P,S - Sale,10000.0,180.5,1805000.0,"```json
[
  {
    ""date"": ""2024-11-15"",
    ""insider_name"": ""Bezos Jeffrey P"",
    ""role"": ""Executive Chairman"",
    ""transaction_type"": ""S - Sale"",
    ""shares"": 10000,
    ""price_per_share"": 180.50,"
AMZN,2024-12-20,Bezos Jeffrey P,S - Sale,5000.0,175.25,876250.0,"```json
[
  {
    ""date"": ""2024-11-15"",
    ""insider_name"": ""Bezos Jeffrey P"",
    ""role"": ""Executive Chairman"",
    ""transaction_type"": ""S - Sale"",
    ""shares"": 10000,
    ""price_per_share"": 180.50,"
AMZN,2025-01-10,Bezos Jeffrey P,S - Sale+OE,20000.0,170.0,3400000.0,"```json
[
  {
    ""date"": ""2024-11-15"",
    ""insider_name"": ""Bezos Jeffrey P"",
    ""role"": ""Executive Chairman"",
    ""transaction_type"": ""S - Sale"",
    ""shares"": 10000,
    ""price_per_share"": 180.50,"
AMZN,2025-02-28,Bezos Jeffrey P,S - Sale,15000.0,165.75,2486250.0,"```json
[
  {
    ""date"": ""2024-11-15"",
    ""insider_name"": ""Bezos Jeffrey P"",
    ""role"": ""Executive Chairman"",
    ""transaction_type"": ""S - Sale"",
    ""shares"": 10000,
    ""price_per_share"": 180.50,"
AMZN,2025-03-15,Bezos Jeffrey P,P - Purchase,5000.0,160.25,801250.0,"```json
[
  {
    ""date"": ""2024-11-15"",
    ""insider_name"": ""Bezos Jeffrey P"",
    ""role"": ""Executive Chairman"",
    ""transaction_type"": ""S - Sale"",
    ""shares"": 10000,
    ""price_per_share"": 180.50,"
AMZN,2025-04-30,Bezos Jeffrey P,S - Sale,10000.0,172.5,1725000.0,"```json
[
  {
    ""date"": ""2024-11-15"",
    ""insider_name"": ""Bezos Jeffrey P"",
    ""role"": ""Executive Chairman"",
    ""transaction_type"": ""S - Sale"",
    ""shares"": 10000,
    ""price_per_share"": 180.50,"
AMZN,2025-05-20,Bezos Jeffrey P,S - Sale+OE,25000.0,178.0,4450000.0,"```json
[
  {
    ""date"": ""2024-11-15"",
    ""insider_name"": ""Bezos Jeffrey P"",
    ""role"": ""Executive Chairman"",
    ""transaction_type"": ""S - Sale"",
    ""shares"": 10000,
    ""price_per_share"": 180.50,"
AMZN,2024-11-15,Herrington Douglas J,S - Sale,1000.0,200.5,200500.0,"```json
[
  {
    ""date"": ""2024-11-15"",
    ""insider_name"": ""Herrington Douglas J"",
    ""role"": ""Director"",
    ""transaction_type"": ""S - Sale"",
    ""shares"": 1000,
    ""price_per_share"": 200.50,
    """
AMZN,2024-12-20,Herrington Douglas J,P - Purchase,500.0,195.25,97625.0,"```json
[
  {
    ""date"": ""2024-11-15"",
    ""insider_name"": ""Herrington Douglas J"",
    ""role"": ""Director"",
    ""transaction_type"": ""S - Sale"",
    ""shares"": 1000,
    ""price_per_share"": 200.50,
    """
AMZN,2025-01-10,Herrington Douglas J,S - Sale+OE,750.0,205.75,154312.5,"```json
[
  {
    ""date"": ""2024-11-15"",
    ""insider_name"": ""Herrington Douglas J"",
    ""role"": ""Director"",
    ""transaction_type"": ""S - Sale"",
    ""shares"": 1000,
    ""price_per_share"": 200.50,
    """
AMZN,2025-02-28,Herrington Douglas J,P - Purchase,300.0,210.0,63000.0,"```json
[
  {
    ""date"": ""2024-11-15"",
    ""insider_name"": ""Herrington Douglas J"",
    ""role"": ""Director"",
    ""transaction_type"": ""S - Sale"",
    ""shares"": 1000,
    ""price_per_share"": 200.50,
    """
AMZN,2025-03-15,Herrington Douglas J,S - Sale,1200.0,215.5,258600.0,"```json
[
  {
    ""date"": ""2024-11-15"",
    ""insider_name"": ""Herrington Douglas J"",
    ""role"": ""Director"",
    ""transaction_type"": ""S - Sale"",
    ""shares"": 1000,
    ""price_per_share"": 200.50,
    """
AMZN,2025-04-30,Herrington Douglas J,P - Purchase,800.0,220.25,176200.0,"```json
[
  {
    ""date"": ""2024-11-15"",
    ""insider_name"": ""Herrington Douglas J"",
    ""role"": ""Director"",
    ""transaction_type"": ""S - Sale"",
    ""shares"": 1000,
    ""price_per_share"": 200.50,
    """
AMZN,2025-05-20,Herrington Douglas J,S - Sale+OE,600.0,225.0,135000.0,"```json
[
  {
    ""date"": ""2024-11-15"",
    ""insider_name"": ""Herrington Douglas J"",
    ""role"": ""Director"",
    ""transaction_type"": ""S - Sale"",
    ""shares"": 1000,
    ""price_per_share"": 200.50,
    """
AMZN,2024-11-15,Rubinstein Jonathan,S - Sale,1000.0,200.5,200500.0,"```json
[
  {
    ""date"": ""2024-11-15"",
    ""insider_name"": ""Rubinstein Jonathan"",
    ""role"": ""Director"",
    ""transaction_type"": ""S - Sale"",
    ""shares"": 1000,
    ""price_per_share"": 200.50,
    ""t"
AMZN,2024-12-20,Rubinstein Jonathan,P - Purchase,500.0,195.25,97625.0,"```json
[
  {
    ""date"": ""2024-11-15"",
    ""insider_name"": ""Rubinstein Jonathan"",
    ""role"": ""Director"",
    ""transaction_type"": ""S - Sale"",
    ""shares"": 1000,
    ""price_per_share"": 200.50,
    ""t"
AMZN,2025-01-10,Rubinstein Jonathan,S - Sale+OE,750.0,205.75,154312.5,"```json
[
  {
    ""date"": ""2024-11-15"",
    ""insider_name"": ""Rubinstein Jonathan"",
    ""role"": ""Director"",
    ""transaction_type"": ""S - Sale"",
    ""shares"": 1000,
    ""price_per_share"": 200.50,
    ""t"
AMZN,2025-03-05,Rubinstein Jonathan,P - Purchase,300.0,210.0,63000.0,"```json
[
  {
    ""date"": ""2024-11-15"",
    ""insider_name"": ""Rubinstein Jonathan"",
    ""role"": ""Director"",
    ""transaction_type"": ""S - Sale"",
    ""shares"": 1000,
    ""price_per_share"": 200.50,
    ""t"
AMZN,2025-05-20,Rubinstein Jonathan,S - Sale,1200.0,215.5,258600.0,"```json
[
  {
    ""date"": ""2024-11-15"",
    ""insider_name"": ""Rubinstein Jonathan"",
    ""role"": ""Director"",
    ""transaction_type"": ""S - Sale"",
    ""shares"": 1000,
    ""price_per_share"": 200.50,
    ""t"
AMZN,2024-11-15,Alexander Keith Brian,S - Sale,1000.0,200.5,200500.0,"```json
[
  {
    ""date"": ""2024-11-15"",
    ""insider_name"": ""Alexander Keith Brian"",
    ""role"": ""Director"",
    ""transaction_type"": ""S - Sale"",
    ""shares"": 1000,
    ""price_per_share"": 200.50,
    "
AMZN,2024-12-20,Alexander Keith Brian,P - Purchase,500.0,195.25,97625.0,"```json
[
  {
    ""date"": ""2024-11-15"",
    ""insider_name"": ""Alexander Keith Brian"",
    ""role"": ""Director"",
    ""transaction_type"": ""S - Sale"",
    ""shares"": 1000,
    ""price_per_share"": 200.50,
    "
AMZN,2025-01-10,Alexander Keith Brian,S - Sale+OE,750.0,205.75,154312.5,"```json
[
  {
    ""date"": ""2024-11-15"",
    ""insider_name"": ""Alexander Keith Brian"",
    ""role"": ""Director"",
    ""transaction_type"": ""S - Sale"",
    ""shares"": 1000,
    ""price_per_share"": 200.50,
    "
AMZN,2025-03-05,Alexander Keith Brian,P - Purchase,300.0,210.0,63000.0,"```json
[
  {
    ""date"": ""2024-11-15"",
    ""insider_name"": ""Alexander Keith Brian"",
    ""role"": ""Director"",
    ""transaction_type"": ""S - Sale"",
    ""shares"": 1000,
    ""price_per_share"": 200.50,
    "
AMZN,2025-05-20,Alexander Keith Brian,S - Sale,1200.0,215.5,258600.0,"```json
[
  {
    ""date"": ""2024-11-15"",
    ""insider_name"": ""Alexander Keith Brian"",
    ""role"": ""Director"",
    ""transaction_type"": ""S - Sale"",
    ""shares"": 1000,
    ""price_per_share"": 200.50,
    "
AMZN,2024-11-15,Bezos Jeffrey P,S - Sale,10000.0,180.5,1805000.0,"```json
[
  {
    ""date"": ""2024-11-15"",
    ""insider_name"": ""Bezos Jeffrey P"",
    ""role"": ""Executive Chairman"",
    ""transaction_type"": ""S - Sale"",
    ""shares"": 10000,
    ""price_per_share"": 180.50,"
AMZN,2024-12-20,Bezos Jeffrey P,S - Sale,5000.0,175.25,876250.0,"```json
[
  {
    ""date"": ""2024-11-15"",
    ""insider_name"": ""Bezos Jeffrey P"",
    ""role"": ""Executive Chairman"",
    ""transaction_type"": ""S - Sale"",
    ""shares"": 10000,
    ""price_per_share"": 180.50,"
AMZN,2025-01-10,Bezos Jeffrey P,S - Sale+OE,20000.0,170.0,3400000.0,"```json
[
  {
    ""date"": ""2024-11-15"",
    ""insider_name"": ""Bezos Jeffrey P"",
    ""role"": ""Executive Chairman"",
    ""transaction_type"": ""S - Sale"",
    ""shares"": 10000,
    ""price_per_share"": 180.50,"
AMZN,2025-02-28,Bezos Jeffrey P,S - Sale,15000.0,165.75,2486250.0,"```json
[
  {
    ""date"": ""2024-11-15"",
    ""insider_name"": ""Bezos Jeffrey P"",
    ""role"": ""Executive Chairman"",
    ""transaction_type"": ""S - Sale"",
    ""shares"": 10000,
    ""price_per_share"": 180.50,"
AMZN,2025-03-15,Bezos Jeffrey P,P - Purchase,5000.0,160.25,801250.0,"```json
[
  {
    ""date"": ""2024-11-15"",
    ""insider_name"": ""Bezos Jeffrey P"",
    ""role"": ""Executive Chairman"",
    ""transaction_type"": ""S - Sale"",
    ""shares"": 10000,
    ""price_per_share"": 180.50,"
AMZN,2025-04-30,Bezos Jeffrey P,S - Sale,10000.0,172.5,1725000.0,"```json
[
  {
    ""date"": ""2024-11-15"",
    ""insider_name"": ""Bezos Jeffrey P"",
    ""role"": ""Executive Chairman"",
    ""transaction_type"": ""S - Sale"",
    ""shares"": 10000,
    ""price_per_share"": 180.50,"
AMZN,2025-05-20,Bezos Jeffrey P,S - Sale+OE,25000.0,178.0,4450000.0,"```json
[
  {
    ""date"": ""2024-11-15"",
    ""insider_name"": ""Bezos Jeffrey P"",
    ""role"": ""Executive Chairman"",
    ""transaction_type"": ""S - Sale"",
    ""shares"": 10000,
    ""price_per_share"": 180.50,"
AMZN,2024-11-15,Huttenlocher Daniel P,S - Sale,1000.0,200.5,200500.0,"```json
[
  {
    ""date"": ""2024-11-15"",
    ""insider_name"": ""Huttenlocher Daniel P"",
    ""role"": ""Director"",
    ""transaction_type"": ""S - Sale"",
    ""shares"": 1000,
    ""price_per_share"": 200.50,
    "
AMZN,2024-12-20,Huttenlocher Daniel P,P - Purchase,500.0,195.25,97625.0,"```json
[
  {
    ""date"": ""2024-11-15"",
    ""insider_name"": ""Huttenlocher Daniel P"",
    ""role"": ""Director"",
    ""transaction_type"": ""S - Sale"",
    ""shares"": 1000,
    ""price_per_share"": 200.50,
    "
AMZN,2025-01-10,Huttenlocher Daniel P,S - Sale,750.0,205.75,154312.5,"```json
[
  {
    ""date"": ""2024-11-15"",
    ""insider_name"": ""Huttenlocher Daniel P"",
    ""role"": ""Director"",
    ""transaction_type"": ""S - Sale"",
    ""shares"": 1000,
    ""price_per_share"": 200.50,
    "
AMZN,2025-02-28,Huttenlocher Daniel P,S - Sale+OE,1200.0,210.0,252000.0,"```json
[
  {
    ""date"": ""2024-11-15"",
    ""insider_name"": ""Huttenlocher Daniel P"",
    ""role"": ""Director"",
    ""transaction_type"": ""S - Sale"",
    ""shares"": 1000,
    ""price_per_share"": 200.50,
    "
AMZN,2025-03-15,Huttenlocher Daniel P,P - Purchase,300.0,208.5,62550.0,"```json
[
  {
    ""date"": ""2024-11-15"",
    ""insider_name"": ""Huttenlocher Daniel P"",
    ""role"": ""Director"",
    ""transaction_type"": ""S - Sale"",
    ""shares"": 1000,
    ""price_per_share"": 200.50,
    "
AMZN,2025-04-30,Huttenlocher Daniel P,S - Sale,800.0,215.25,172200.0,"```json
[
  {
    ""date"": ""2024-11-15"",
    ""insider_name"": ""Huttenlocher Daniel P"",
    ""role"": ""Director"",
    ""transaction_type"": ""S - Sale"",
    ""shares"": 1000,
    ""price_per_share"": 200.50,
    "
AMZN,2025-05-20,Huttenlocher Daniel P,P - Purchase,400.0,212.75,85100.0,"```json
[
  {
    ""date"": ""2024-11-15"",
    ""insider_name"": ""Huttenlocher Daniel P"",
    ""role"": ""Director"",
    ""transaction_type"": ""S - Sale"",
    ""shares"": 1000,
    ""price_per_share"": 200.50,
    "
AMZN,2024-11-15,Garman Matthew S,S - Sale,1000.0,200.5,200500.0,"```json
[
  {
    ""date"": ""2024-11-15"",
    ""insider_name"": ""Garman Matthew S"",
    ""role"": ""Director"",
    ""transaction_type"": ""S - Sale"",
    ""shares"": 1000,
    ""price_per_share"": 200.50,
    ""tota"
AMZN,2024-12-20,Garman Matthew S,P - Purchase,500.0,195.25,97625.0,"```json
[
  {
    ""date"": ""2024-11-15"",
    ""insider_name"": ""Garman Matthew S"",
    ""role"": ""Director"",
    ""transaction_type"": ""S - Sale"",
    ""shares"": 1000,
    ""price_per_share"": 200.50,
    ""tota"
AMZN,2025-01-10,Garman Matthew S,S - Sale+OE,750.0,205.75,154312.5,"```json
[
  {
    ""date"": ""2024-11-15"",
    ""insider_name"": ""Garman Matthew S"",
    ""role"": ""Director"",
    ""transaction_type"": ""S - Sale"",
    ""shares"": 1000,
    ""price_per_share"": 200.50,
    ""tota"
AMZN,2025-02-28,Garman Matthew S,P - Purchase,300.0,210.0,63000.0,"```json
[
  {
    ""date"": ""2024-11-15"",
    ""insider_name"": ""Garman Matthew S"",
    ""role"": ""Director"",
    ""transaction_type"": ""S - Sale"",
    ""shares"": 1000,
    ""price_per_share"": 200.50,
    ""tota"
AMZN,2025-03-15,Garman Matthew S,S - Sale,1200.0,215.5,258600.0,"```json
[
  {
    ""date"": ""2024-11-15"",
    ""insider_name"": ""Garman Matthew S"",
    ""role"": ""Director"",
    ""transaction_type"": ""S - Sale"",
    ""shares"": 1000,
    ""price_per_share"": 200.50,
    ""tota"
AMZN,2025-04-30,Garman Matthew S,P - Purchase,800.0,220.25,176200.0,"```json
[
  {
    ""date"": ""2024-11-15"",
    ""insider_name"": ""Garman Matthew S"",
    ""role"": ""Director"",
    ""transaction_type"": ""S - Sale"",
    ""shares"": 1000,
    ""price_per_share"": 200.50,
    ""tota"
AMZN,2025-05-20,Garman Matthew S,S - Sale+OE,600.0,225.0,135000.0,"```json
[
  {
    ""date"": ""2024-11-15"",
    ""insider_name"": ""Garman Matthew S"",
    ""role"": ""Director"",
    ""transaction_type"": ""S - Sale"",
    ""shares"": 1000,
    ""price_per_share"": 200.50,
    ""tota"
AMZN,2024-11-15,Reynolds Shelley,S - Sale,1000.0,200.5,200500.0,"```json
[
  {
    ""date"": ""2024-11-15"",
    ""insider_name"": ""Reynolds Shelley"",
    ""role"": ""Director"",
    ""transaction_type"": ""S - Sale"",
    ""shares"": 1000,
    ""price_per_share"": 200.50,
    ""tota"
AMZN,2024-12-20,Reynolds Shelley,P - Purchase,500.0,195.25,97625.0,"```json
[
  {
    ""date"": ""2024-11-15"",
    ""insider_name"": ""Reynolds Shelley"",
    ""role"": ""Director"",
    ""transaction_type"": ""S - Sale"",
    ""shares"": 1000,
    ""price_per_share"": 200.50,
    ""tota"
AMZN,2025-01-10,Reynolds Shelley,S - Sale+OE,750.0,205.75,154312.5,"```json
[
  {
    ""date"": ""2024-11-15"",
    ""insider_name"": ""Reynolds Shelley"",
    ""role"": ""Director"",
    ""transaction_type"": ""S - Sale"",
    ""shares"": 1000,
    ""price_per_share"": 200.50,
    ""tota"
AMZN,2025-03-05,Reynolds Shelley,P - Purchase,300.0,210.0,63000.0,"```json
[
  {
    ""date"": ""2024-11-15"",
    ""insider_name"": ""Reynolds Shelley"",
    ""role"": ""Director"",
    ""transaction_type"": ""S - Sale"",
    ""shares"": 1000,
    ""price_per_share"": 200.50,
    ""tota"
AMZN,2025-05-22,Reynolds Shelley,S - Sale,1200.0,215.5,258600.0,"```json
[
  {
    ""date"": ""2024-11-15"",
    ""insider_name"": ""Reynolds Shelley"",
    ""role"": ""Director"",
    ""transaction_type"": ""S - Sale"",
    ""shares"": 1000,
    ""price_per_share"": 200.50,
    ""tota"
AMZN,2024-11-15,Zapolsky David,S - Sale,1000.0,200.5,200500.0,"```json
[
  {
    ""date"": ""2024-11-15"",
    ""insider_name"": ""Zapolsky David"",
    ""role"": ""Senior Vice President, General Counsel, Secretary"",
    ""transaction_type"": ""S - Sale"",
    ""shares"": 1000,
 "
AMZN,2024-12-20,Zapolsky David,S - Sale,500.0,205.75,102875.0,"```json
[
  {
    ""date"": ""2024-11-15"",
    ""insider_name"": ""Zapolsky David"",
    ""role"": ""Senior Vice President, General Counsel, Secretary"",
    ""transaction_type"": ""S - Sale"",
    ""shares"": 1000,
 "
AMZN,2025-01-10,Zapolsky David,P - Purchase,200.0,198.25,39650.0,"```json
[
  {
    ""date"": ""2024-11-15"",
    ""insider_name"": ""Zapolsky David"",
    ""role"": ""Senior Vice President, General Counsel, Secretary"",
    ""transaction_type"": ""S - Sale"",
    ""shares"": 1000,
 "
AMZN,2025-02-28,Zapolsky David,S - Sale+OE,1500.0,210.0,315000.0,"```json
[
  {
    ""date"": ""2024-11-15"",
    ""insider_name"": ""Zapolsky David"",
    ""role"": ""Senior Vice President, General Counsel, Secretary"",
    ""transaction_type"": ""S - Sale"",
    ""shares"": 1000,
 "
AMZN,2025-03-15,Zapolsky David,S - Sale,800.0,215.5,172400.0,"```json
[
  {
    ""date"": ""2024-11-15"",
    ""insider_name"": ""Zapolsky David"",
    ""role"": ""Senior Vice President, General Counsel, Secretary"",
    ""transaction_type"": ""S - Sale"",
    ""shares"": 1000,
 "
AMZN,2025-04-30,Zapolsky David,P - Purchase,300.0,220.75,66225.0,"```json
[
  {
    ""date"": ""2024-11-15"",
    ""insider_name"": ""Zapolsky David"",
    ""role"": ""Senior Vice President, General Counsel, Secretary"",
    ""transaction_type"": ""S - Sale"",
    ""shares"": 1000,
 "
AMZN,2025-05-20,Zapolsky David,S - Sale,1200.0,225.0,270000.0,"```json
[
  {
    ""date"": ""2024-11-15"",
    ""insider_name"": ""Zapolsky David"",
    ""role"": ""Senior Vice President, General Counsel, Secretary"",
    ""transaction_type"": ""S - Sale"",
    ""shares"": 1000,
 "
AMZN,2024-11-15,Olsavsky Brian T,S - Sale,1000.0,200.0,200000.0,"```json
[
  {
    ""date"": ""2024-11-15"",
    ""insider_name"": ""Olsavsky Brian T"",
    ""role"": ""Senior Vice President, CFO"",
    ""transaction_type"": ""S - Sale"",
    ""shares"": 1000,
    ""price_per_share"":"
AMZN,2024-12-20,Olsavsky Brian T,P - Purchase,500.0,195.0,97500.0,"```json
[
  {
    ""date"": ""2024-11-15"",
    ""insider_name"": ""Olsavsky Brian T"",
    ""role"": ""Senior Vice President, CFO"",
    ""transaction_type"": ""S - Sale"",
    ""shares"": 1000,
    ""price_per_share"":"
AMZN,2025-01-10,Olsavsky Brian T,S - Sale,750.0,205.0,153750.0,"```json
[
  {
    ""date"": ""2024-11-15"",
    ""insider_name"": ""Olsavsky Brian T"",
    ""role"": ""Senior Vice President, CFO"",
    ""transaction_type"": ""S - Sale"",
    ""shares"": 1000,
    ""price_per_share"":"
AMZN,2025-02-28,Olsavsky Brian T,S - Sale+OE,1200.0,210.0,252000.0,"```json
[
  {
    ""date"": ""2024-11-15"",
    ""insider_name"": ""Olsavsky Brian T"",
    ""role"": ""Senior Vice President, CFO"",
    ""transaction_type"": ""S - Sale"",
    ""shares"": 1000,
    ""price_per_share"":"
AMZN,2025-03-15,Olsavsky Brian T,P - Purchase,300.0,200.0,60000.0,"```json
[
  {
    ""date"": ""2024-11-15"",
    ""insider_name"": ""Olsavsky Brian T"",
    ""role"": ""Senior Vice President, CFO"",
    ""transaction_type"": ""S - Sale"",
    ""shares"": 1000,
    ""price_per_share"":"
AMZN,2025-04-22,Olsavsky Brian T,S - Sale,800.0,215.0,172000.0,"```json
[
  {
    ""date"": ""2024-11-15"",
    ""insider_name"": ""Olsavsky Brian T"",
    ""role"": ""Senior Vice President, CFO"",
    ""transaction_type"": ""S - Sale"",
    ""shares"": 1000,
    ""price_per_share"":"
AMZN,2025-05-30,Olsavsky Brian T,S - Sale+OE,1500.0,220.0,330000.0,"```json
[
  {
    ""date"": ""2024-11-15"",
    ""insider_name"": ""Olsavsky Brian T"",
    ""role"": ""Senior Vice President, CFO"",
    ""transaction_type"": ""S - Sale"",
    ""shares"": 1000,
    ""price_per_share"":"
AMZN,2024-11-15,Jassy Andrew R,S - Sale,1000.0,200.5,200500.0,"```json
[
  {
    ""date"": ""2024-11-15"",
    ""insider_name"": ""Jassy Andrew R"",
    ""role"": ""CEO"",
    ""transaction_type"": ""S - Sale"",
    ""shares"": 1000,
    ""price_per_share"": 200.50,
    ""total_value"
AMZN,2024-12-20,Jassy Andrew R,P - Purchase,500.0,195.25,97625.0,"```json
[
  {
    ""date"": ""2024-11-15"",
    ""insider_name"": ""Jassy Andrew R"",
    ""role"": ""CEO"",
    ""transaction_type"": ""S - Sale"",
    ""shares"": 1000,
    ""price_per_share"": 200.50,
    ""total_value"
AMZN,2025-01-10,Jassy Andrew R,S - Sale,750.0,205.75,154312.5,"```json
[
  {
    ""date"": ""2024-11-15"",
    ""insider_name"": ""Jassy Andrew R"",
    ""role"": ""CEO"",
    ""transaction_type"": ""S - Sale"",
    ""shares"": 1000,
    ""price_per_share"": 200.50,
    ""total_value"
AMZN,2025-02-28,Jassy Andrew R,S - Sale+OE,1200.0,210.0,252000.0,"```json
[
  {
    ""date"": ""2024-11-15"",
    ""insider_name"": ""Jassy Andrew R"",
    ""role"": ""CEO"",
    ""transaction_type"": ""S - Sale"",
    ""shares"": 1000,
    ""price_per_share"": 200.50,
    ""total_value"
AMZN,2025-03-15,Jassy Andrew R,P - Purchase,300.0,208.5,62550.0,"```json
[
  {
    ""date"": ""2024-11-15"",
    ""insider_name"": ""Jassy Andrew R"",
    ""role"": ""CEO"",
    ""transaction_type"": ""S - Sale"",
    ""shares"": 1000,
    ""price_per_share"": 200.50,
    ""total_value"
AMZN,2025-04-30,Jassy Andrew R,S - Sale,800.0,215.25,172200.0,"```json
[
  {
    ""date"": ""2024-11-15"",
    ""insider_name"": ""Jassy Andrew R"",
    ""role"": ""CEO"",
    ""transaction_type"": ""S - Sale"",
    ""shares"": 1000,
    ""price_per_share"": 200.50,
    ""total_value"
AMZN,2025-05-20,Jassy Andrew R,S - Sale+OE,1500.0,220.75,331125.0,"```json
[
  {
    ""date"": ""2024-11-15"",
    ""insider_name"": ""Jassy Andrew R"",
    ""role"": ""CEO"",
    ""transaction_type"": ""S - Sale"",
    ""shares"": 1000,
    ""price_per_share"": 200.50,
    ""total_value"
ANET,2024-11-15,Taxay Marc,S - Sale,1000.0,150.25,150250.0,"```json
[
  {
    ""date"": ""2024-11-15"",
    ""insider_name"": ""Taxay Marc"",
    ""role"": ""Director"",
    ""transaction_type"": ""S - Sale"",
    ""shares"": 1000,
    ""price_per_share"": 150.25,
    ""total_valu"
ANET,2024-12-20,Taxay Marc,P - Purchase,500.0,145.75,72875.0,"```json
[
  {
    ""date"": ""2024-11-15"",
    ""insider_name"": ""Taxay Marc"",
    ""role"": ""Director"",
    ""transaction_type"": ""S - Sale"",
    ""shares"": 1000,
    ""price_per_share"": 150.25,
    ""total_valu"
ANET,2025-01-10,Taxay Marc,S - Sale+OE,750.0,152.5,114375.0,"```json
[
  {
    ""date"": ""2024-11-15"",
    ""insider_name"": ""Taxay Marc"",
    ""role"": ""Director"",
    ""transaction_type"": ""S - Sale"",
    ""shares"": 1000,
    ""price_per_share"": 150.25,
    ""total_valu"
ANET,2025-03-05,Taxay Marc,P - Purchase,300.0,148.0,44400.0,"```json
[
  {
    ""date"": ""2024-11-15"",
    ""insider_name"": ""Taxay Marc"",
    ""role"": ""Director"",
    ""transaction_type"": ""S - Sale"",
    ""shares"": 1000,
    ""price_per_share"": 150.25,
    ""total_valu"
ANET,2025-05-22,Taxay Marc,S - Sale,1200.0,155.0,186000.0,"```json
[
  {
    ""date"": ""2024-11-15"",
    ""insider_name"": ""Taxay Marc"",
    ""role"": ""Director"",
    ""transaction_type"": ""S - Sale"",
    ""shares"": 1000,
    ""price_per_share"": 150.25,
    ""total_valu"
ANET,2024-11-15,McCool John F,S - Sale,1000.0,150.25,150250.0,"```json
[
  {
    ""date"": ""2024-11-15"",
    ""insider_name"": ""McCool John F"",
    ""role"": ""Director"",
    ""transaction_type"": ""S - Sale"",
    ""shares"": 1000,
    ""price_per_share"": 150.25,
    ""total_v"
ANET,2024-12-20,McCool John F,P - Purchase,500.0,145.75,72875.0,"```json
[
  {
    ""date"": ""2024-11-15"",
    ""insider_name"": ""McCool John F"",
    ""role"": ""Director"",
    ""transaction_type"": ""S - Sale"",
    ""shares"": 1000,
    ""price_per_share"": 150.25,
    ""total_v"
ANET,2025-01-10,McCool John F,S - Sale+OE,750.0,152.5,114375.0,"```json
[
  {
    ""date"": ""2024-11-15"",
    ""insider_name"": ""McCool John F"",
    ""role"": ""Director"",
    ""transaction_type"": ""S - Sale"",
    ""shares"": 1000,
    ""price_per_share"": 150.25,
    ""total_v"
ANET,2025-03-05,McCool John F,P - Purchase,300.0,148.0,44400.0,"```json
[
  {
    ""date"": ""2024-11-15"",
    ""insider_name"": ""McCool John F"",
    ""role"": ""Director"",
    ""transaction_type"": ""S - Sale"",
    ""shares"": 1000,
    ""price_per_share"": 150.25,
    ""total_v"
ANET,2025-05-22,McCool John F,S - Sale,1200.0,155.0,186000.0,"```json
[
  {
    ""date"": ""2024-11-15"",
    ""insider_name"": ""McCool John F"",
    ""role"": ""Director"",
    ""transaction_type"": ""S - Sale"",
    ""shares"": 1000,
    ""price_per_share"": 150.25,
    ""total_v"
ANET,2024-11-15,Giancarlo Charles H,S - Sale,1000.0,150.25,150250.0,"```json
[
  {
    ""date"": ""2024-11-15"",
    ""insider_name"": ""Giancarlo Charles H"",
    ""role"": ""Director"",
    ""transaction_type"": ""S - Sale"",
    ""shares"": 1000,
    ""price_per_share"": 150.25,
    ""t"
ANET,2024-12-20,Giancarlo Charles H,P - Purchase,500.0,145.75,72875.0,"```json
[
  {
    ""date"": ""2024-11-15"",
    ""insider_name"": ""Giancarlo Charles H"",
    ""role"": ""Director"",
    ""transaction_type"": ""S - Sale"",
    ""shares"": 1000,
    ""price_per_share"": 150.25,
    ""t"
ANET,2025-01-10,Giancarlo Charles H,S - Sale+OE,750.0,152.5,114375.0,"```json
[
  {
    ""date"": ""2024-11-15"",
    ""insider_name"": ""Giancarlo Charles H"",
    ""role"": ""Director"",
    ""transaction_type"": ""S - Sale"",
    ""shares"": 1000,
    ""price_per_share"": 150.25,
    ""t"
ANET,2025-03-05,Giancarlo Charles H,P - Purchase,300.0,148.2,44460.0,"```json
[
  {
    ""date"": ""2024-11-15"",
    ""insider_name"": ""Giancarlo Charles H"",
    ""role"": ""Director"",
    ""transaction_type"": ""S - Sale"",
    ""shares"": 1000,
    ""price_per_share"": 150.25,
    ""t"
ANET,2025-05-22,Giancarlo Charles H,S - Sale,1200.0,155.0,186000.0,"```json
[
  {
    ""date"": ""2024-11-15"",
    ""insider_name"": ""Giancarlo Charles H"",
    ""role"": ""Director"",
    ""transaction_type"": ""S - Sale"",
    ""shares"": 1000,
    ""price_per_share"": 150.25,
    ""t"
ANET,2024-11-15,Ullal Jayshree,S - Sale,1000.0,150.25,150250.0,"```json
[
  {
    ""date"": ""2024-11-15"",
    ""insider_name"": ""Ullal Jayshree"",
    ""role"": ""Director"",
    ""transaction_type"": ""S - Sale"",
    ""shares"": 1000,
    ""price_per_share"": 150.25,
    ""total_"
ANET,2024-12-20,Ullal Jayshree,P - Purchase,500.0,145.75,72875.0,"```json
[
  {
    ""date"": ""2024-11-15"",
    ""insider_name"": ""Ullal Jayshree"",
    ""role"": ""Director"",
    ""transaction_type"": ""S - Sale"",
    ""shares"": 1000,
    ""price_per_share"": 150.25,
    ""total_"
ANET,2025-01-10,Ullal Jayshree,S - Sale+OE,1500.0,160.5,240750.0,"```json
[
  {
    ""date"": ""2024-11-15"",
    ""insider_name"": ""Ullal Jayshree"",
    ""role"": ""Director"",
    ""transaction_type"": ""S - Sale"",
    ""shares"": 1000,
    ""price_per_share"": 150.25,
    ""total_"
ANET,2025-03-05,Ullal Jayshree,P - Purchase,300.0,155.0,46500.0,"```json
[
  {
    ""date"": ""2024-11-15"",
    ""insider_name"": ""Ullal Jayshree"",
    ""role"": ""Director"",
    ""transaction_type"": ""S - Sale"",
    ""shares"": 1000,
    ""price_per_share"": 150.25,
    ""total_"
ANET,2025-05-22,Ullal Jayshree,S - Sale,800.0,165.25,132200.0,"```json
[
  {
    ""date"": ""2024-11-15"",
    ""insider_name"": ""Ullal Jayshree"",
    ""role"": ""Director"",
    ""transaction_type"": ""S - Sale"",
    ""shares"": 1000,
    ""price_per_share"": 150.25,
    ""total_"
ANET,2024-11-15,Duda Kenneth,S - Sale,1000.0,150.25,150250.0,"```json
[
  {
    ""date"": ""2024-11-15"",
    ""insider_name"": ""Duda Kenneth"",
    ""role"": ""Director"",
    ""transaction_type"": ""S - Sale"",
    ""shares"": 1000,
    ""price_per_share"": 150.25,
    ""total_va"
ANET,2024-12-20,Duda Kenneth,P - Purchase,500.0,145.75,72875.0,"```json
[
  {
    ""date"": ""2024-11-15"",
    ""insider_name"": ""Duda Kenneth"",
    ""role"": ""Director"",
    ""transaction_type"": ""S - Sale"",
    ""shares"": 1000,
    ""price_per_share"": 150.25,
    ""total_va"
ANET,2025-01-10,Duda Kenneth,S - Sale+OE,750.0,152.5,114375.0,"```json
[
  {
    ""date"": ""2024-11-15"",
    ""insider_name"": ""Duda Kenneth"",
    ""role"": ""Director"",
    ""transaction_type"": ""S - Sale"",
    ""shares"": 1000,
    ""price_per_share"": 150.25,
    ""total_va"
ANET,2025-03-05,Duda Kenneth,P - Purchase,300.0,148.0,44400.0,"```json
[
  {
    ""date"": ""2024-11-15"",
    ""insider_name"": ""Duda Kenneth"",
    ""role"": ""Director"",
    ""transaction_type"": ""S - Sale"",
    ""shares"": 1000,
    ""price_per_share"": 150.25,
    ""total_va"
ANET,2025-05-22,Duda Kenneth,S - Sale,1200.0,155.0,186000.0,"```json
[
  {
    ""date"": ""2024-11-15"",
    ""insider_name"": ""Duda Kenneth"",
    ""role"": ""Director"",
    ""transaction_type"": ""S - Sale"",
    ""shares"": 1000,
    ""price_per_share"": 150.25,
    ""total_va"
ANET,2024-11-15,Wassenaar Yvonne,S - Sale,1000.0,150.25,150250.0,"```json
[
  {
    ""date"": ""2024-11-15"",
    ""insider_name"": ""Wassenaar Yvonne"",
    ""role"": ""Director"",
    ""transaction_type"": ""S - Sale"",
    ""shares"": 1000,
    ""price_per_share"": 150.25,
    ""tota"
ANET,2024-12-20,Wassenaar Yvonne,P - Purchase,500.0,145.75,72875.0,"```json
[
  {
    ""date"": ""2024-11-15"",
    ""insider_name"": ""Wassenaar Yvonne"",
    ""role"": ""Director"",
    ""transaction_type"": ""S - Sale"",
    ""shares"": 1000,
    ""price_per_share"": 150.25,
    ""tota"
ANET,2025-01-10,Wassenaar Yvonne,S - Sale+OE,750.0,152.5,114375.0,"```json
[
  {
    ""date"": ""2024-11-15"",
    ""insider_name"": ""Wassenaar Yvonne"",
    ""role"": ""Director"",
    ""transaction_type"": ""S - Sale"",
    ""shares"": 1000,
    ""price_per_share"": 150.25,
    ""tota"
ANET,2025-03-05,Wassenaar Yvonne,P - Purchase,300.0,148.0,44400.0,"```json
[
  {
    ""date"": ""2024-11-15"",
    ""insider_name"": ""Wassenaar Yvonne"",
    ""role"": ""Director"",
    ""transaction_type"": ""S - Sale"",
    ""shares"": 1000,
    ""price_per_share"": 150.25,
    ""tota"
ANET,2025-05-22,Wassenaar Yvonne,S - Sale,1200.0,155.0,186000.0,"```json
[
  {
    ""date"": ""2024-11-15"",
    ""insider_name"": ""Wassenaar Yvonne"",
    ""role"": ""Director"",
    ""transaction_type"": ""S - Sale"",
    ""shares"": 1000,
    ""price_per_share"": 150.25,
    ""tota"
ANET,2024-11-15,Battles Kelly Bodnar,S - Sale,1000.0,150.25,150250.0,"```json
[
  {
    ""date"": ""2024-11-15"",
    ""insider_name"": ""Battles Kelly Bodnar"",
    ""role"": ""Director"",
    ""transaction_type"": ""S - Sale"",
    ""shares"": 1000,
    ""price_per_share"": 150.25,
    """
ANET,2024-12-20,Battles Kelly Bodnar,P - Purchase,500.0,145.75,72875.0,"```json
[
  {
    ""date"": ""2024-11-15"",
    ""insider_name"": ""Battles Kelly Bodnar"",
    ""role"": ""Director"",
    ""transaction_type"": ""S - Sale"",
    ""shares"": 1000,
    ""price_per_share"": 150.25,
    """
ANET,2025-02-10,Battles Kelly Bodnar,S - Sale+OE,750.0,160.5,120375.0,"```json
[
  {
    ""date"": ""2024-11-15"",
    ""insider_name"": ""Battles Kelly Bodnar"",
    ""role"": ""Director"",
    ""transaction_type"": ""S - Sale"",
    ""shares"": 1000,
    ""price_per_share"": 150.25,
    """
ANET,2025-03-15,Battles Kelly Bodnar,P - Purchase,300.0,155.0,46500.0,"```json
[
  {
    ""date"": ""2024-11-15"",
    ""insider_name"": ""Battles Kelly Bodnar"",
    ""role"": ""Director"",
    ""transaction_type"": ""S - Sale"",
    ""shares"": 1000,
    ""price_per_share"": 150.25,
    """
ANET,2025-05-25,Battles Kelly Bodnar,S - Sale,1200.0,165.25,198300.0,"```json
[
  {
    ""date"": ""2024-11-15"",
    ""insider_name"": ""Battles Kelly Bodnar"",
    ""role"": ""Director"",
    ""transaction_type"": ""S - Sale"",
    ""shares"": 1000,
    ""price_per_share"": 150.25,
    """
APP,2024-11-15,Jansen Katie Kihorany,S - Sale,10000.0,50.25,502500.0,"```json
[
  {
    ""date"": ""2024-11-15"",
    ""insider_name"": ""Jansen Katie Kihorany"",
    ""role"": ""Director"",
    ""transaction_type"": ""S - Sale"",
    ""shares"": 10000,
    ""price_per_share"": 50.25,
    "
APP,2024-12-20,Jansen Katie Kihorany,P - Purchase,5000.0,48.75,243750.0,"```json
[
  {
    ""date"": ""2024-11-15"",
    ""insider_name"": ""Jansen Katie Kihorany"",
    ""role"": ""Director"",
    ""transaction_type"": ""S - Sale"",
    ""shares"": 10000,
    ""price_per_share"": 50.25,
    "
APP,2025-01-10,Jansen Katie Kihorany,S - Sale+OE,7500.0,52.0,390000.0,"```json
[
  {
    ""date"": ""2024-11-15"",
    ""insider_name"": ""Jansen Katie Kihorany"",
    ""role"": ""Director"",
    ""transaction_type"": ""S - Sale"",
    ""shares"": 10000,
    ""price_per_share"": 50.25,
    "
APP,2025-03-05,Jansen Katie Kihorany,P - Purchase,3000.0,55.5,166500.0,"```json
[
  {
    ""date"": ""2024-11-15"",
    ""insider_name"": ""Jansen Katie Kihorany"",
    ""role"": ""Director"",
    ""transaction_type"": ""S - Sale"",
    ""shares"": 10000,
    ""price_per_share"": 50.25,
    "
APP,2025-05-22,Jansen Katie Kihorany,S - Sale,12000.0,60.0,720000.0,"```json
[
  {
    ""date"": ""2024-11-15"",
    ""insider_name"": ""Jansen Katie Kihorany"",
    ""role"": ""Director"",
    ""transaction_type"": ""S - Sale"",
    ""shares"": 10000,
    ""price_per_share"": 50.25,
    "
APP,2024-11-15,Stumpf Matthew,P - Purchase,10000.0,25.5,255000.0,"```json
[
  {
    ""date"": ""2024-11-15"",
    ""insider_name"": ""Stumpf Matthew"",
    ""role"": ""Director"",
    ""transaction_type"": ""P - Purchase"",
    ""shares"": 10000,
    ""price_per_share"": 25.50,
    ""to"
APP,2024-12-20,Stumpf Matthew,S - Sale,5000.0,30.25,151250.0,"```json
[
  {
    ""date"": ""2024-11-15"",
    ""insider_name"": ""Stumpf Matthew"",
    ""role"": ""Director"",
    ""transaction_type"": ""P - Purchase"",
    ""shares"": 10000,
    ""price_per_share"": 25.50,
    ""to"
APP,2025-01-10,Stumpf Matthew,P - Purchase,7500.0,28.75,215625.0,"```json
[
  {
    ""date"": ""2024-11-15"",
    ""insider_name"": ""Stumpf Matthew"",
    ""role"": ""Director"",
    ""transaction_type"": ""P - Purchase"",
    ""shares"": 10000,
    ""price_per_share"": 25.50,
    ""to"
APP,2025-02-28,Stumpf Matthew,S - Sale+OE,12000.0,32.0,384000.0,"```json
[
  {
    ""date"": ""2024-11-15"",
    ""insider_name"": ""Stumpf Matthew"",
    ""role"": ""Director"",
    ""transaction_type"": ""P - Purchase"",
    ""shares"": 10000,
    ""price_per_share"": 25.50,
    ""to"
APP,2025-03-15,Stumpf Matthew,P - Purchase,8000.0,29.5,236000.0,"```json
[
  {
    ""date"": ""2024-11-15"",
    ""insider_name"": ""Stumpf Matthew"",
    ""role"": ""Director"",
    ""transaction_type"": ""P - Purchase"",
    ""shares"": 10000,
    ""price_per_share"": 25.50,
    ""to"
APP,2025-04-30,Stumpf Matthew,S - Sale,6000.0,31.75,190500.0,"```json
[
  {
    ""date"": ""2024-11-15"",
    ""insider_name"": ""Stumpf Matthew"",
    ""role"": ""Director"",
    ""transaction_type"": ""P - Purchase"",
    ""shares"": 10000,
    ""price_per_share"": 25.50,
    ""to"
APP,2025-05-20,Stumpf Matthew,P - Purchase,9000.0,27.25,245250.0,"```json
[
  {
    ""date"": ""2024-11-15"",
    ""insider_name"": ""Stumpf Matthew"",
    ""role"": ""Director"",
    ""transaction_type"": ""P - Purchase"",
    ""shares"": 10000,
    ""price_per_share"": 25.50,
    ""to"
APP,2024-11-15,Billings Craig Scott,S - Sale,10000.0,50.25,502500.0,"```json
[
  {
    ""date"": ""2024-11-15"",
    ""insider_name"": ""Billings Craig Scott"",
    ""role"": ""Director"",
    ""transaction_type"": ""S - Sale"",
    ""shares"": 10000,
    ""price_per_share"": 50.25,
    """
APP,2024-12-20,Billings Craig Scott,P - Purchase,5000.0,48.75,243750.0,"```json
[
  {
    ""date"": ""2024-11-15"",
    ""insider_name"": ""Billings Craig Scott"",
    ""role"": ""Director"",
    ""transaction_type"": ""S - Sale"",
    ""shares"": 10000,
    ""price_per_share"": 50.25,
    """
APP,2025-01-10,Billings Craig Scott,S - Sale+OE,7500.0,52.0,390000.0,"```json
[
  {
    ""date"": ""2024-11-15"",
    ""insider_name"": ""Billings Craig Scott"",
    ""role"": ""Director"",
    ""transaction_type"": ""S - Sale"",
    ""shares"": 10000,
    ""price_per_share"": 50.25,
    """
APP,2025-03-05,Billings Craig Scott,P - Purchase,3000.0,55.5,166500.0,"```json
[
  {
    ""date"": ""2024-11-15"",
    ""insider_name"": ""Billings Craig Scott"",
    ""role"": ""Director"",
    ""transaction_type"": ""S - Sale"",
    ""shares"": 10000,
    ""price_per_share"": 50.25,
    """
APP,2025-05-22,Billings Craig Scott,S - Sale,12000.0,60.0,720000.0,"```json
[
  {
    ""date"": ""2024-11-15"",
    ""insider_name"": ""Billings Craig Scott"",
    ""role"": ""Director"",
    ""transaction_type"": ""S - Sale"",
    ""shares"": 10000,
    ""price_per_share"": 50.25,
    """
APP,2024-11-15,Vasily Shikin,S - Sale,10000.0,45.5,455000.0,"```json
[
  {
    ""date"": ""2024-11-15"",
    ""insider_name"": ""Vasily Shikin"",
    ""role"": ""Director"",
    ""transaction_type"": ""S - Sale"",
    ""shares"": 10000,
    ""price_per_share"": 45.50,
    ""total_v"
APP,2024-12-20,Vasily Shikin,P - Purchase,5000.0,42.75,213750.0,"```json
[
  {
    ""date"": ""2024-11-15"",
    ""insider_name"": ""Vasily Shikin"",
    ""role"": ""Director"",
    ""transaction_type"": ""S - Sale"",
    ""shares"": 10000,
    ""price_per_share"": 45.50,
    ""total_v"
APP,2025-02-10,Vasily Shikin,S - Sale+OE,7500.0,48.2,361500.0,"```json
[
  {
    ""date"": ""2024-11-15"",
    ""insider_name"": ""Vasily Shikin"",
    ""role"": ""Director"",
    ""transaction_type"": ""S - Sale"",
    ""shares"": 10000,
    ""price_per_share"": 45.50,
    ""total_v"
APP,2025-03-22,Vasily Shikin,P - Purchase,3000.0,50.1,150300.0,"```json
[
  {
    ""date"": ""2024-11-15"",
    ""insider_name"": ""Vasily Shikin"",
    ""role"": ""Director"",
    ""transaction_type"": ""S - Sale"",
    ""shares"": 10000,
    ""price_per_share"": 45.50,
    ""total_v"
APP,2025-05-15,Vasily Shikin,S - Sale,12000.0,52.8,633600.0,"```json
[
  {
    ""date"": ""2024-11-15"",
    ""insider_name"": ""Vasily Shikin"",
    ""role"": ""Director"",
    ""transaction_type"": ""S - Sale"",
    ""shares"": 10000,
    ""price_per_share"": 45.50,
    ""total_v"
APP,2024-11-15,Kkr Denali Holdings L.P.,P - Purchase,1000000.0,25.5,25500000.0,"```json
[
  {
    ""date"": ""2024-11-15"",
    ""insider_name"": ""Kkr Denali Holdings L.P."",
    ""role"": ""Director"",
    ""transaction_type"": ""P - Purchase"",
    ""shares"": 1000000,
    ""price_per_share"": 25"
APP,2024-12-10,Kkr Denali Holdings L.P.,P - Purchase,500000.0,26.2,13100000.0,"```json
[
  {
    ""date"": ""2024-11-15"",
    ""insider_name"": ""Kkr Denali Holdings L.P."",
    ""role"": ""Director"",
    ""transaction_type"": ""P - Purchase"",
    ""shares"": 1000000,
    ""price_per_share"": 25"
APP,2025-01-20,Kkr Denali Holdings L.P.,S - Sale,750000.0,30.1,22575000.0,"```json
[
  {
    ""date"": ""2024-11-15"",
    ""insider_name"": ""Kkr Denali Holdings L.P."",
    ""role"": ""Director"",
    ""transaction_type"": ""P - Purchase"",
    ""shares"": 1000000,
    ""price_per_share"": 25"
APP,2025-02-25,Kkr Denali Holdings L.P.,P - Purchase,1200000.0,28.75,34500000.0,"```json
[
  {
    ""date"": ""2024-11-15"",
    ""insider_name"": ""Kkr Denali Holdings L.P."",
    ""role"": ""Director"",
    ""transaction_type"": ""P - Purchase"",
    ""shares"": 1000000,
    ""price_per_share"": 25"
APP,2025-03-15,Kkr Denali Holdings L.P.,S - Sale+OE,900000.0,32.4,29160000.0,"```json
[
  {
    ""date"": ""2024-11-15"",
    ""insider_name"": ""Kkr Denali Holdings L.P."",
    ""role"": ""Director"",
    ""transaction_type"": ""P - Purchase"",
    ""shares"": 1000000,
    ""price_per_share"": 25"
APP,2025-04-10,Kkr Denali Holdings L.P.,P - Purchase,600000.0,29.8,17880000.0,"```json
[
  {
    ""date"": ""2024-11-15"",
    ""insider_name"": ""Kkr Denali Holdings L.P."",
    ""role"": ""Director"",
    ""transaction_type"": ""P - Purchase"",
    ""shares"": 1000000,
    ""price_per_share"": 25"
APP,2025-05-20,Kkr Denali Holdings L.P.,S - Sale,800000.0,31.5,25200000.0,"```json
[
  {
    ""date"": ""2024-11-15"",
    ""insider_name"": ""Kkr Denali Holdings L.P."",
    ""role"": ""Director"",
    ""transaction_type"": ""P - Purchase"",
    ""shares"": 1000000,
    ""price_per_share"": 25"
APP,2024-11-15,Henry C. Silverman,P - Purchase,10000.0,25.5,255000.0,"```json
[
  {
    ""date"": ""2024-11-15"",
    ""insider_name"": ""Henry C. Silverman"",
    ""role"": ""Director"",
    ""transaction_type"": ""P - Purchase"",
    ""shares"": 10000,
    ""price_per_share"": 25.50,
   "
APP,2024-12-20,Joseph Y. Bae,S - Sale,15000.0,28.75,431250.0,"```json
[
  {
    ""date"": ""2024-11-15"",
    ""insider_name"": ""Henry C. Silverman"",
    ""role"": ""Director"",
    ""transaction_type"": ""P - Purchase"",
    ""shares"": 10000,
    ""price_per_share"": 25.50,
   "
APP,2025-01-10,Scott C. Nuttall,P - Purchase,5000.0,27.2,136000.0,"```json
[
  {
    ""date"": ""2024-11-15"",
    ""insider_name"": ""Henry C. Silverman"",
    ""role"": ""Director"",
    ""transaction_type"": ""P - Purchase"",
    ""shares"": 10000,
    ""price_per_share"": 25.50,
   "
APP,2025-02-28,Alexander G. Navab,S - Sale+OE,20000.0,30.1,602000.0,"```json
[
  {
    ""date"": ""2024-11-15"",
    ""insider_name"": ""Henry C. Silverman"",
    ""role"": ""Director"",
    ""transaction_type"": ""P - Purchase"",
    ""shares"": 10000,
    ""price_per_share"": 25.50,
   "
APP,2025-03-15,James M. Gorman,P - Purchase,7500.0,29.5,221250.0,"```json
[
  {
    ""date"": ""2024-11-15"",
    ""insider_name"": ""Henry C. Silverman"",
    ""role"": ""Director"",
    ""transaction_type"": ""P - Purchase"",
    ""shares"": 10000,
    ""price_per_share"": 25.50,
   "
APP,2025-04-30,Henry C. Silverman,S - Sale,12000.0,31.8,381600.0,"```json
[
  {
    ""date"": ""2024-11-15"",
    ""insider_name"": ""Henry C. Silverman"",
    ""role"": ""Director"",
    ""transaction_type"": ""P - Purchase"",
    ""shares"": 10000,
    ""price_per_share"": 25.50,
   "
APP,2025-05-15,Joseph Y. Bae,P - Purchase,8000.0,32.4,259200.0,"```json
[
  {
    ""date"": ""2024-11-15"",
    ""insider_name"": ""Henry C. Silverman"",
    ""role"": ""Director"",
    ""transaction_type"": ""P - Purchase"",
    ""shares"": 10000,
    ""price_per_share"": 25.50,
   "
APP,2024-11-15,Vivas Eduardo,S - Sale,10000.0,50.25,502500.0,"```json
[
  {
    ""date"": ""2024-11-15"",
    ""insider_name"": ""Vivas Eduardo"",
    ""role"": ""Director"",
    ""transaction_type"": ""S - Sale"",
    ""shares"": 10000,
    ""price_per_share"": 50.25,
    ""total_v"
APP,2024-12-20,Vivas Eduardo,P - Purchase,5000.0,48.75,243750.0,"```json
[
  {
    ""date"": ""2024-11-15"",
    ""insider_name"": ""Vivas Eduardo"",
    ""role"": ""Director"",
    ""transaction_type"": ""S - Sale"",
    ""shares"": 10000,
    ""price_per_share"": 50.25,
    ""total_v"
APP,2025-01-10,Vivas Eduardo,S - Sale+OE,7500.0,52.0,390000.0,"```json
[
  {
    ""date"": ""2024-11-15"",
    ""insider_name"": ""Vivas Eduardo"",
    ""role"": ""Director"",
    ""transaction_type"": ""S - Sale"",
    ""shares"": 10000,
    ""price_per_share"": 50.25,
    ""total_v"
APP,2025-03-05,Vivas Eduardo,P - Purchase,3000.0,49.5,148500.0,"```json
[
  {
    ""date"": ""2024-11-15"",
    ""insider_name"": ""Vivas Eduardo"",
    ""role"": ""Director"",
    ""transaction_type"": ""S - Sale"",
    ""shares"": 10000,
    ""price_per_share"": 50.25,
    ""total_v"
APP,2025-05-22,Vivas Eduardo,S - Sale,12000.0,55.0,660000.0,"```json
[
  {
    ""date"": ""2024-11-15"",
    ""insider_name"": ""Vivas Eduardo"",
    ""role"": ""Director"",
    ""transaction_type"": ""S - Sale"",
    ""shares"": 10000,
    ""price_per_share"": 50.25,
    ""total_v"
APP,2024-11-15,Harvey Dawson Alyssa,S - Sale,10000.0,50.25,502500.0,"```json
[
  {
    ""date"": ""2024-11-15"",
    ""insider_name"": ""Harvey Dawson Alyssa"",
    ""role"": ""Director"",
    ""transaction_type"": ""S - Sale"",
    ""shares"": 10000,
    ""price_per_share"": 50.25,
    """
APP,2024-12-20,Harvey Dawson Alyssa,P - Purchase,5000.0,48.75,243750.0,"```json
[
  {
    ""date"": ""2024-11-15"",
    ""insider_name"": ""Harvey Dawson Alyssa"",
    ""role"": ""Director"",
    ""transaction_type"": ""S - Sale"",
    ""shares"": 10000,
    ""price_per_share"": 50.25,
    """
APP,2025-01-10,Harvey Dawson Alyssa,S - Sale+OE,7500.0,52.0,390000.0,"```json
[
  {
    ""date"": ""2024-11-15"",
    ""insider_name"": ""Harvey Dawson Alyssa"",
    ""role"": ""Director"",
    ""transaction_type"": ""S - Sale"",
    ""shares"": 10000,
    ""price_per_share"": 50.25,
    """
APP,2025-03-05,Harvey Dawson Alyssa,P - Purchase,3000.0,55.5,166500.0,"```json
[
  {
    ""date"": ""2024-11-15"",
    ""insider_name"": ""Harvey Dawson Alyssa"",
    ""role"": ""Director"",
    ""transaction_type"": ""S - Sale"",
    ""shares"": 10000,
    ""price_per_share"": 50.25,
    """
APP,2025-05-22,Harvey Dawson Alyssa,S - Sale,12000.0,60.0,720000.0,"```json
[
  {
    ""date"": ""2024-11-15"",
    ""insider_name"": ""Harvey Dawson Alyssa"",
    ""role"": ""Director"",
    ""transaction_type"": ""S - Sale"",
    ""shares"": 10000,
    ""price_per_share"": 50.25,
    """
APP,2024-11-15,Georgiadis Mary Margaret Hastings,S - Sale,10000.0,50.25,502500.0,"```json
[
  {
    ""date"": ""2024-11-15"",
    ""insider_name"": ""Georgiadis Mary Margaret Hastings"",
    ""role"": ""Director"",
    ""transaction_type"": ""S - Sale"",
    ""shares"": 10000,
    ""price_per_share"":"
APP,2024-12-20,Georgiadis Mary Margaret Hastings,P - Purchase,5000.0,48.75,243750.0,"```json
[
  {
    ""date"": ""2024-11-15"",
    ""insider_name"": ""Georgiadis Mary Margaret Hastings"",
    ""role"": ""Director"",
    ""transaction_type"": ""S - Sale"",
    ""shares"": 10000,
    ""price_per_share"":"
APP,2025-02-10,Georgiadis Mary Margaret Hastings,S - Sale+OE,7500.0,52.5,393750.0,"```json
[
  {
    ""date"": ""2024-11-15"",
    ""insider_name"": ""Georgiadis Mary Margaret Hastings"",
    ""role"": ""Director"",
    ""transaction_type"": ""S - Sale"",
    ""shares"": 10000,
    ""price_per_share"":"
APP,2025-03-15,Georgiadis Mary Margaret Hastings,P - Purchase,3000.0,55.0,165000.0,"```json
[
  {
    ""date"": ""2024-11-15"",
    ""insider_name"": ""Georgiadis Mary Margaret Hastings"",
    ""role"": ""Director"",
    ""transaction_type"": ""S - Sale"",
    ""shares"": 10000,
    ""price_per_share"":"
APP,2025-05-25,Georgiadis Mary Margaret Hastings,S - Sale,12000.0,57.25,687000.0,"```json
[
  {
    ""date"": ""2024-11-15"",
    ""insider_name"": ""Georgiadis Mary Margaret Hastings"",
    ""role"": ""Director"",
    ""transaction_type"": ""S - Sale"",
    ""shares"": 10000,
    ""price_per_share"":"
APP,2024-11-15,Valenzuela Victoria,S - Sale,10000.0,50.25,502500.0,"```json
[
  {
    ""date"": ""2024-11-15"",
    ""insider_name"": ""Valenzuela Victoria"",
    ""role"": ""Director"",
    ""transaction_type"": ""S - Sale"",
    ""shares"": 10000,
    ""price_per_share"": 50.25,
    ""t"
APP,2024-12-20,Valenzuela Victoria,P - Purchase,5000.0,48.75,243750.0,"```json
[
  {
    ""date"": ""2024-11-15"",
    ""insider_name"": ""Valenzuela Victoria"",
    ""role"": ""Director"",
    ""transaction_type"": ""S - Sale"",
    ""shares"": 10000,
    ""price_per_share"": 50.25,
    ""t"
APP,2025-01-10,Valenzuela Victoria,S - Sale+OE,7500.0,52.0,390000.0,"```json
[
  {
    ""date"": ""2024-11-15"",
    ""insider_name"": ""Valenzuela Victoria"",
    ""role"": ""Director"",
    ""transaction_type"": ""S - Sale"",
    ""shares"": 10000,
    ""price_per_share"": 50.25,
    ""t"
APP,2025-03-05,Valenzuela Victoria,P - Purchase,3000.0,49.5,148500.0,"```json
[
  {
    ""date"": ""2024-11-15"",
    ""insider_name"": ""Valenzuela Victoria"",
    ""role"": ""Director"",
    ""transaction_type"": ""S - Sale"",
    ""shares"": 10000,
    ""price_per_share"": 50.25,
    ""t"
APP,2025-05-22,Valenzuela Victoria,S - Sale,12000.0,55.0,660000.0,"```json
[
  {
    ""date"": ""2024-11-15"",
    ""insider_name"": ""Valenzuela Victoria"",
    ""role"": ""Director"",
    ""transaction_type"": ""S - Sale"",
    ""shares"": 10000,
    ""price_per_share"": 50.25,
    ""t"
APP,2024-11-15,Chen Herald Y,S - Sale,10000.0,50.25,502500.0,"```json
[
  {
    ""date"": ""2024-11-15"",
    ""insider_name"": ""Chen Herald Y"",
    ""role"": ""Director"",
    ""transaction_type"": ""S - Sale"",
    ""shares"": 10000,
    ""price_per_share"": 50.25,
    ""total_v"
APP,2024-12-20,Chen Herald Y,P - Purchase,5000.0,48.75,243750.0,"```json
[
  {
    ""date"": ""2024-11-15"",
    ""insider_name"": ""Chen Herald Y"",
    ""role"": ""Director"",
    ""transaction_type"": ""S - Sale"",
    ""shares"": 10000,
    ""price_per_share"": 50.25,
    ""total_v"
APP,2025-01-10,Chen Herald Y,S - Sale+OE,7500.0,52.0,390000.0,"```json
[
  {
    ""date"": ""2024-11-15"",
    ""insider_name"": ""Chen Herald Y"",
    ""role"": ""Director"",
    ""transaction_type"": ""S - Sale"",
    ""shares"": 10000,
    ""price_per_share"": 50.25,
    ""total_v"
APP,2025-03-05,Chen Herald Y,P - Purchase,3000.0,49.5,148500.0,"```json
[
  {
    ""date"": ""2024-11-15"",
    ""insider_name"": ""Chen Herald Y"",
    ""role"": ""Director"",
    ""transaction_type"": ""S - Sale"",
    ""shares"": 10000,
    ""price_per_share"": 50.25,
    ""total_v"
APP,2025-05-22,Chen Herald Y,S - Sale,12000.0,55.0,660000.0,"```json
[
  {
    ""date"": ""2024-11-15"",
    ""insider_name"": ""Chen Herald Y"",
    ""role"": ""Director"",
    ""transaction_type"": ""S - Sale"",
    ""shares"": 10000,
    ""price_per_share"": 50.25,
    ""total_v"
APP,2024-11-15,Foroughi Arash Adam,S - Sale,10000.0,50.25,502500.0,"```json
[
  {
    ""date"": ""2024-11-15"",
    ""insider_name"": ""Foroughi Arash Adam"",
    ""role"": ""Director"",
    ""transaction_type"": ""S - Sale"",
    ""shares"": 10000,
    ""price_per_share"": 50.25,
    ""t"
APP,2024-12-20,Foroughi Arash Adam,P - Purchase,5000.0,48.75,243750.0,"```json
[
  {
    ""date"": ""2024-11-15"",
    ""insider_name"": ""Foroughi Arash Adam"",
    ""role"": ""Director"",
    ""transaction_type"": ""S - Sale"",
    ""shares"": 10000,
    ""price_per_share"": 50.25,
    ""t"
APP,2025-01-10,Foroughi Arash Adam,S - Sale+OE,7500.0,52.0,390000.0,"```json
[
  {
    ""date"": ""2024-11-15"",
    ""insider_name"": ""Foroughi Arash Adam"",
    ""role"": ""Director"",
    ""transaction_type"": ""S - Sale"",
    ""shares"": 10000,
    ""price_per_share"": 50.25,
    ""t"
APP,2025-03-05,Foroughi Arash Adam,P - Purchase,3000.0,55.5,166500.0,"```json
[
  {
    ""date"": ""2024-11-15"",
    ""insider_name"": ""Foroughi Arash Adam"",
    ""role"": ""Director"",
    ""transaction_type"": ""S - Sale"",
    ""shares"": 10000,
    ""price_per_share"": 50.25,
    ""t"
APP,2025-05-22,Foroughi Arash Adam,S - Sale,12000.0,60.0,720000.0,"```json
[
  {
    ""date"": ""2024-11-15"",
    ""insider_name"": ""Foroughi Arash Adam"",
    ""role"": ""Director"",
    ""transaction_type"": ""S - Sale"",
    ""shares"": 10000,
    ""price_per_share"": 50.25,
    ""t"
APP,2024-11-15,Chen Herald Y,S - Sale,10000.0,50.25,502500.0,"```json
[
  {
    ""date"": ""2024-11-15"",
    ""insider_name"": ""Chen Herald Y"",
    ""role"": ""Director"",
    ""transaction_type"": ""S - Sale"",
    ""shares"": 10000,
    ""price_per_share"": 50.25,
    ""total_v"
APP,2024-12-20,Chen Herald Y,P - Purchase,5000.0,48.75,243750.0,"```json
[
  {
    ""date"": ""2024-11-15"",
    ""insider_name"": ""Chen Herald Y"",
    ""role"": ""Director"",
    ""transaction_type"": ""S - Sale"",
    ""shares"": 10000,
    ""price_per_share"": 50.25,
    ""total_v"
APP,2025-01-10,Chen Herald Y,S - Sale+OE,7500.0,52.0,390000.0,"```json
[
  {
    ""date"": ""2024-11-15"",
    ""insider_name"": ""Chen Herald Y"",
    ""role"": ""Director"",
    ""transaction_type"": ""S - Sale"",
    ""shares"": 10000,
    ""price_per_share"": 50.25,
    ""total_v"
APP,2025-03-05,Chen Herald Y,P - Purchase,3000.0,49.5,148500.0,"```json
[
  {
    ""date"": ""2024-11-15"",
    ""insider_name"": ""Chen Herald Y"",
    ""role"": ""Director"",
    ""transaction_type"": ""S - Sale"",
    ""shares"": 10000,
    ""price_per_share"": 50.25,
    ""total_v"
APP,2025-05-22,Chen Herald Y,S - Sale,12000.0,55.0,660000.0,"```json
[
  {
    ""date"": ""2024-11-15"",
    ""insider_name"": ""Chen Herald Y"",
    ""role"": ""Director"",
    ""transaction_type"": ""S - Sale"",
    ""shares"": 10000,
    ""price_per_share"": 50.25,
    ""total_v"
AVGO,2024-11-15,You Harry L.,S - Sale,10000.0,120.5,1205000.0,"```json
[
  {
    ""date"": ""2024-11-15"",
    ""insider_name"": ""You Harry L."",
    ""role"": ""Director"",
    ""transaction_type"": ""S - Sale"",
    ""shares"": 10000,
    ""price_per_share"": 120.50,
    ""total_v"
AVGO,2024-12-20,You Harry L.,P - Purchase,5000.0,115.75,578750.0,"```json
[
  {
    ""date"": ""2024-11-15"",
    ""insider_name"": ""You Harry L."",
    ""role"": ""Director"",
    ""transaction_type"": ""S - Sale"",
    ""shares"": 10000,
    ""price_per_share"": 120.50,
    ""total_v"
AVGO,2025-01-10,You Harry L.,S - Sale+OE,7500.0,122.0,915000.0,"```json
[
  {
    ""date"": ""2024-11-15"",
    ""insider_name"": ""You Harry L."",
    ""role"": ""Director"",
    ""transaction_type"": ""S - Sale"",
    ""shares"": 10000,
    ""price_per_share"": 120.50,
    ""total_v"
AVGO,2025-03-05,You Harry L.,P - Purchase,3000.0,118.25,354750.0,"```json
[
  {
    ""date"": ""2024-11-15"",
    ""insider_name"": ""You Harry L."",
    ""role"": ""Director"",
    ""transaction_type"": ""S - Sale"",
    ""shares"": 10000,
    ""price_per_share"": 120.50,
    ""total_v"
AVGO,2025-05-22,You Harry L.,S - Sale,12000.0,125.0,1500000.0,"```json
[
  {
    ""date"": ""2024-11-15"",
    ""insider_name"": ""You Harry L."",
    ""role"": ""Director"",
    ""transaction_type"": ""S - Sale"",
    ""shares"": 10000,
    ""price_per_share"": 120.50,
    ""total_v"
AVGO,2024-11-15,Bryant Diane M,S - Sale,1000.0,120.5,120500.0,"```json
[
  {
    ""date"": ""2024-11-15"",
    ""insider_name"": ""Bryant Diane M"",
    ""role"": ""Director"",
    ""transaction_type"": ""S - Sale"",
    ""shares"": 1000,
    ""price_per_share"": 120.50,
    ""total_"
AVGO,2024-12-20,Bryant Diane M,P - Purchase,500.0,115.25,57625.0,"```json
[
  {
    ""date"": ""2024-11-15"",
    ""insider_name"": ""Bryant Diane M"",
    ""role"": ""Director"",
    ""transaction_type"": ""S - Sale"",
    ""shares"": 1000,
    ""price_per_share"": 120.50,
    ""total_"
AVGO,2025-01-10,Bryant Diane M,S - Sale+OE,750.0,122.75,92062.5,"```json
[
  {
    ""date"": ""2024-11-15"",
    ""insider_name"": ""Bryant Diane M"",
    ""role"": ""Director"",
    ""transaction_type"": ""S - Sale"",
    ""shares"": 1000,
    ""price_per_share"": 120.50,
    ""total_"
AVGO,2025-02-28,Bryant Diane M,P - Purchase,300.0,118.0,35400.0,"```json
[
  {
    ""date"": ""2024-11-15"",
    ""insider_name"": ""Bryant Diane M"",
    ""role"": ""Director"",
    ""transaction_type"": ""S - Sale"",
    ""shares"": 1000,
    ""price_per_share"": 120.50,
    ""total_"
AVGO,2025-03-15,Bryant Diane M,S - Sale,1200.0,125.0,150000.0,"```json
[
  {
    ""date"": ""2024-11-15"",
    ""insider_name"": ""Bryant Diane M"",
    ""role"": ""Director"",
    ""transaction_type"": ""S - Sale"",
    ""shares"": 1000,
    ""price_per_share"": 120.50,
    ""total_"
AVGO,2025-04-22,Bryant Diane M,P - Purchase,600.0,121.5,72900.0,"```json
[
  {
    ""date"": ""2024-11-15"",
    ""insider_name"": ""Bryant Diane M"",
    ""role"": ""Director"",
    ""transaction_type"": ""S - Sale"",
    ""shares"": 1000,
    ""price_per_share"": 120.50,
    ""total_"
AVGO,2025-05-30,Bryant Diane M,S - Sale+OE,800.0,123.75,99000.0,"```json
[
  {
    ""date"": ""2024-11-15"",
    ""insider_name"": ""Bryant Diane M"",
    ""role"": ""Director"",
    ""transaction_type"": ""S - Sale"",
    ""shares"": 1000,
    ""price_per_share"": 120.50,
    ""total_"
AVGO,2024-11-15,Spears Kirsten M.,S - Sale,1000.0,120.5,120500.0,"```json
[
  {
    ""date"": ""2024-11-15"",
    ""insider_name"": ""Spears Kirsten M."",
    ""role"": ""Director"",
    ""transaction_type"": ""S - Sale"",
    ""shares"": 1000,
    ""price_per_share"": 120.50,
    ""tot"
AVGO,2024-12-20,Spears Kirsten M.,P - Purchase,500.0,115.25,57625.0,"```json
[
  {
    ""date"": ""2024-11-15"",
    ""insider_name"": ""Spears Kirsten M."",
    ""role"": ""Director"",
    ""transaction_type"": ""S - Sale"",
    ""shares"": 1000,
    ""price_per_share"": 120.50,
    ""tot"
AVGO,2025-01-10,Spears Kirsten M.,S - Sale+OE,750.0,122.75,92062.5,"```json
[
  {
    ""date"": ""2024-11-15"",
    ""insider_name"": ""Spears Kirsten M."",
    ""role"": ""Director"",
    ""transaction_type"": ""S - Sale"",
    ""shares"": 1000,
    ""price_per_share"": 120.50,
    ""tot"
AVGO,2025-02-28,Spears Kirsten M.,P - Purchase,300.0,118.0,35400.0,"```json
[
  {
    ""date"": ""2024-11-15"",
    ""insider_name"": ""Spears Kirsten M."",
    ""role"": ""Director"",
    ""transaction_type"": ""S - Sale"",
    ""shares"": 1000,
    ""price_per_share"": 120.50,
    ""tot"
AVGO,2025-03-15,Spears Kirsten M.,S - Sale,1200.0,125.0,150000.0,"```json
[
  {
    ""date"": ""2024-11-15"",
    ""insider_name"": ""Spears Kirsten M."",
    ""role"": ""Director"",
    ""transaction_type"": ""S - Sale"",
    ""shares"": 1000,
    ""price_per_share"": 120.50,
    ""tot"
AVGO,2025-04-30,Spears Kirsten M.,P - Purchase,800.0,121.5,97200.0,"```json
[
  {
    ""date"": ""2024-11-15"",
    ""insider_name"": ""Spears Kirsten M."",
    ""role"": ""Director"",
    ""transaction_type"": ""S - Sale"",
    ""shares"": 1000,
    ""price_per_share"": 120.50,
    ""tot"
AVGO,2025-05-20,Spears Kirsten M.,S - Sale+OE,600.0,123.75,74250.0,"```json
[
  {
    ""date"": ""2024-11-15"",
    ""insider_name"": ""Spears Kirsten M."",
    ""role"": ""Director"",
    ""transaction_type"": ""S - Sale"",
    ""shares"": 1000,
    ""price_per_share"": 120.50,
    ""tot"
AVGO,2024-11-15,Brazeal Mark David,S - Sale,1000.0,120.5,120500.0,"```json
[
  {
    ""date"": ""2024-11-15"",
    ""insider_name"": ""Brazeal Mark David"",
    ""role"": ""Director"",
    ""transaction_type"": ""S - Sale"",
    ""shares"": 1000,
    ""price_per_share"": 120.50,
    ""to"
AVGO,2024-12-20,Brazeal Mark David,P - Purchase,500.0,115.25,57625.0,"```json
[
  {
    ""date"": ""2024-11-15"",
    ""insider_name"": ""Brazeal Mark David"",
    ""role"": ""Director"",
    ""transaction_type"": ""S - Sale"",
    ""shares"": 1000,
    ""price_per_share"": 120.50,
    ""to"
AVGO,2025-01-10,Brazeal Mark David,S - Sale+OE,750.0,122.75,92062.5,"```json
[
  {
    ""date"": ""2024-11-15"",
    ""insider_name"": ""Brazeal Mark David"",
    ""role"": ""Director"",
    ""transaction_type"": ""S - Sale"",
    ""shares"": 1000,
    ""price_per_share"": 120.50,
    ""to"
AVGO,2025-03-05,Brazeal Mark David,P - Purchase,300.0,118.0,35400.0,"```json
[
  {
    ""date"": ""2024-11-15"",
    ""insider_name"": ""Brazeal Mark David"",
    ""role"": ""Director"",
    ""transaction_type"": ""S - Sale"",
    ""shares"": 1000,
    ""price_per_share"": 120.50,
    ""to"
AVGO,2025-05-22,Brazeal Mark David,S - Sale,1200.0,125.5,150600.0,"```json
[
  {
    ""date"": ""2024-11-15"",
    ""insider_name"": ""Brazeal Mark David"",
    ""role"": ""Director"",
    ""transaction_type"": ""S - Sale"",
    ""shares"": 1000,
    ""price_per_share"": 120.50,
    ""to"
AVGO,2024-11-15,Tan Hock E,S - Sale,10000.0,1200.5,12005000.0,"```json
[
  {
    ""date"": ""2024-11-15"",
    ""insider_name"": ""Tan Hock E"",
    ""role"": ""Director"",
    ""transaction_type"": ""S - Sale"",
    ""shares"": 10000,
    ""price_per_share"": 1200.50,
    ""total_va"
AVGO,2024-12-20,Tan Hock E,P - Purchase,5000.0,1150.75,5753750.0,"```json
[
  {
    ""date"": ""2024-11-15"",
    ""insider_name"": ""Tan Hock E"",
    ""role"": ""Director"",
    ""transaction_type"": ""S - Sale"",
    ""shares"": 10000,
    ""price_per_share"": 1200.50,
    ""total_va"
AVGO,2025-01-10,Tan Hock E,S - Sale+OE,7500.0,1220.0,9150000.0,"```json
[
  {
    ""date"": ""2024-11-15"",
    ""insider_name"": ""Tan Hock E"",
    ""role"": ""Director"",
    ""transaction_type"": ""S - Sale"",
    ""shares"": 10000,
    ""price_per_share"": 1200.50,
    ""total_va"
AVGO,2025-02-28,Tan Hock E,P - Purchase,3000.0,1180.25,3540750.0,"```json
[
  {
    ""date"": ""2024-11-15"",
    ""insider_name"": ""Tan Hock E"",
    ""role"": ""Director"",
    ""transaction_type"": ""S - Sale"",
    ""shares"": 10000,
    ""price_per_share"": 1200.50,
    ""total_va"
AVGO,2025-03-15,Tan Hock E,S - Sale,12000.0,1250.0,15000000.0,"```json
[
  {
    ""date"": ""2024-11-15"",
    ""insider_name"": ""Tan Hock E"",
    ""role"": ""Director"",
    ""transaction_type"": ""S - Sale"",
    ""shares"": 10000,
    ""price_per_share"": 1200.50,
    ""total_va"
AVGO,2025-04-30,Tan Hock E,P - Purchase,8000.0,1210.5,9684000.0,"```json
[
  {
    ""date"": ""2024-11-15"",
    ""insider_name"": ""Tan Hock E"",
    ""role"": ""Director"",
    ""transaction_type"": ""S - Sale"",
    ""shares"": 10000,
    ""price_per_share"": 1200.50,
    ""total_va"
AVGO,2025-05-20,Tan Hock E,S - Sale+OE,6000.0,1230.75,7384500.0,"```json
[
  {
    ""date"": ""2024-11-15"",
    ""insider_name"": ""Tan Hock E"",
    ""role"": ""Director"",
    ""transaction_type"": ""S - Sale"",
    ""shares"": 10000,
    ""price_per_share"": 1200.50,
    ""total_va"
AVGO,2024-11-15,Kawwas Charlie B,S - Sale,1000.0,1200.5,1200500.0,"```json
[
  {
    ""date"": ""2024-11-15"",
    ""insider_name"": ""Kawwas Charlie B"",
    ""role"": ""Director"",
    ""transaction_type"": ""S - Sale"",
    ""shares"": 1000,
    ""price_per_share"": 1200.50,
    ""tot"
AVGO,2024-12-20,Kawwas Charlie B,P - Purchase,500.0,1150.75,575375.0,"```json
[
  {
    ""date"": ""2024-11-15"",
    ""insider_name"": ""Kawwas Charlie B"",
    ""role"": ""Director"",
    ""transaction_type"": ""S - Sale"",
    ""shares"": 1000,
    ""price_per_share"": 1200.50,
    ""tot"
AVGO,2025-01-10,Kawwas Charlie B,S - Sale+OE,750.0,1220.0,915000.0,"```json
[
  {
    ""date"": ""2024-11-15"",
    ""insider_name"": ""Kawwas Charlie B"",
    ""role"": ""Director"",
    ""transaction_type"": ""S - Sale"",
    ""shares"": 1000,
    ""price_per_share"": 1200.50,
    ""tot"
AVGO,2025-02-28,Kawwas Charlie B,P - Purchase,300.0,1180.25,354075.0,"```json
[
  {
    ""date"": ""2024-11-15"",
    ""insider_name"": ""Kawwas Charlie B"",
    ""role"": ""Director"",
    ""transaction_type"": ""S - Sale"",
    ""shares"": 1000,
    ""price_per_share"": 1200.50,
    ""tot"
AVGO,2025-03-15,Kawwas Charlie B,S - Sale,1200.0,1250.0,1500000.0,"```json
[
  {
    ""date"": ""2024-11-15"",
    ""insider_name"": ""Kawwas Charlie B"",
    ""role"": ""Director"",
    ""transaction_type"": ""S - Sale"",
    ""shares"": 1000,
    ""price_per_share"": 1200.50,
    ""tot"
AVGO,2025-04-22,Kawwas Charlie B,P - Purchase,600.0,1210.5,726300.0,"```json
[
  {
    ""date"": ""2024-11-15"",
    ""insider_name"": ""Kawwas Charlie B"",
    ""role"": ""Director"",
    ""transaction_type"": ""S - Sale"",
    ""shares"": 1000,
    ""price_per_share"": 1200.50,
    ""tot"
AVGO,2025-05-30,Kawwas Charlie B,S - Sale+OE,800.0,1230.75,984600.0,"```json
[
  {
    ""date"": ""2024-11-15"",
    ""insider_name"": ""Kawwas Charlie B"",
    ""role"": ""Director"",
    ""transaction_type"": ""S - Sale"",
    ""shares"": 1000,
    ""price_per_share"": 1200.50,
    ""tot"
AVGO,2024-11-15,Low Check Kian,S - Sale,10000.0,1200.5,12005000.0,"```json
[
  {
    ""date"": ""2024-11-15"",
    ""insider_name"": ""Low Check Kian"",
    ""role"": ""Director"",
    ""transaction_type"": ""S - Sale"",
    ""shares"": 10000,
    ""price_per_share"": 1200.50,
    ""tota"
AVGO,2024-12-20,Low Check Kian,P - Purchase,5000.0,1150.75,5753750.0,"```json
[
  {
    ""date"": ""2024-11-15"",
    ""insider_name"": ""Low Check Kian"",
    ""role"": ""Director"",
    ""transaction_type"": ""S - Sale"",
    ""shares"": 10000,
    ""price_per_share"": 1200.50,
    ""tota"
AVGO,2025-01-10,Low Check Kian,S - Sale+OE,7500.0,1220.0,9150000.0,"```json
[
  {
    ""date"": ""2024-11-15"",
    ""insider_name"": ""Low Check Kian"",
    ""role"": ""Director"",
    ""transaction_type"": ""S - Sale"",
    ""shares"": 10000,
    ""price_per_share"": 1200.50,
    ""tota"
AVGO,2025-03-05,Low Check Kian,P - Purchase,3000.0,1180.25,3540750.0,"```json
[
  {
    ""date"": ""2024-11-15"",
    ""insider_name"": ""Low Check Kian"",
    ""role"": ""Director"",
    ""transaction_type"": ""S - Sale"",
    ""shares"": 10000,
    ""price_per_share"": 1200.50,
    ""tota"
AVGO,2025-05-20,Low Check Kian,S - Sale,12000.0,1250.0,15000000.0,"```json
[
  {
    ""date"": ""2024-11-15"",
    ""insider_name"": ""Low Check Kian"",
    ""role"": ""Director"",
    ""transaction_type"": ""S - Sale"",
    ""shares"": 10000,
    ""price_per_share"": 1200.50,
    ""tota"
AVGO,2024-11-15,Hartenstein Eddy W,S - Sale,1000.0,120.5,120500.0,"```json
[
  {
    ""date"": ""2024-11-15"",
    ""insider_name"": ""Hartenstein Eddy W"",
    ""role"": ""Director"",
    ""transaction_type"": ""S - Sale"",
    ""shares"": 1000,
    ""price_per_share"": 120.50,
    ""to"
AVGO,2024-12-20,Hartenstein Eddy W,P - Purchase,500.0,115.75,57875.0,"```json
[
  {
    ""date"": ""2024-11-15"",
    ""insider_name"": ""Hartenstein Eddy W"",
    ""role"": ""Director"",
    ""transaction_type"": ""S - Sale"",
    ""shares"": 1000,
    ""price_per_share"": 120.50,
    ""to"
AVGO,2025-01-10,Hartenstein Eddy W,S - Sale,750.0,122.0,91500.0,"```json
[
  {
    ""date"": ""2024-11-15"",
    ""insider_name"": ""Hartenstein Eddy W"",
    ""role"": ""Director"",
    ""transaction_type"": ""S - Sale"",
    ""shares"": 1000,
    ""price_per_share"": 120.50,
    ""to"
AVGO,2025-02-28,Hartenstein Eddy W,S - Sale+OE,1200.0,125.25,150300.0,"```json
[
  {
    ""date"": ""2024-11-15"",
    ""insider_name"": ""Hartenstein Eddy W"",
    ""role"": ""Director"",
    ""transaction_type"": ""S - Sale"",
    ""shares"": 1000,
    ""price_per_share"": 120.50,
    ""to"
AVGO,2025-03-15,Hartenstein Eddy W,P - Purchase,300.0,118.5,35550.0,"```json
[
  {
    ""date"": ""2024-11-15"",
    ""insider_name"": ""Hartenstein Eddy W"",
    ""role"": ""Director"",
    ""transaction_type"": ""S - Sale"",
    ""shares"": 1000,
    ""price_per_share"": 120.50,
    ""to"
AVGO,2025-04-22,Hartenstein Eddy W,S - Sale,800.0,127.0,101600.0,"```json
[
  {
    ""date"": ""2024-11-15"",
    ""insider_name"": ""Hartenstein Eddy W"",
    ""role"": ""Director"",
    ""transaction_type"": ""S - Sale"",
    ""shares"": 1000,
    ""price_per_share"": 120.50,
    ""to"
AVGO,2025-05-30,Hartenstein Eddy W,S - Sale+OE,1500.0,130.75,196125.0,"```json
[
  {
    ""date"": ""2024-11-15"",
    ""insider_name"": ""Hartenstein Eddy W"",
    ""role"": ""Director"",
    ""transaction_type"": ""S - Sale"",
    ""shares"": 1000,
    ""price_per_share"": 120.50,
    ""to"
AVGO,2024-11-15,Samueli Henry,S - Sale,10000.0,120.5,1205000.0,"```json
[
  {
    ""date"": ""2024-11-15"",
    ""insider_name"": ""Samueli Henry"",
    ""role"": ""Director"",
    ""transaction_type"": ""S - Sale"",
    ""shares"": 10000,
    ""price_per_share"": 120.50,
    ""total_"
AVGO,2024-12-20,Samueli Henry,P - Purchase,5000.0,115.75,578750.0,"```json
[
  {
    ""date"": ""2024-11-15"",
    ""insider_name"": ""Samueli Henry"",
    ""role"": ""Director"",
    ""transaction_type"": ""S - Sale"",
    ""shares"": 10000,
    ""price_per_share"": 120.50,
    ""total_"
AVGO,2025-01-10,Samueli Henry,S - Sale+OE,7500.0,122.0,915000.0,"```json
[
  {
    ""date"": ""2024-11-15"",
    ""insider_name"": ""Samueli Henry"",
    ""role"": ""Director"",
    ""transaction_type"": ""S - Sale"",
    ""shares"": 10000,
    ""price_per_share"": 120.50,
    ""total_"
AVGO,2025-02-28,Samueli Henry,P - Purchase,3000.0,118.25,354750.0,"```json
[
  {
    ""date"": ""2024-11-15"",
    ""insider_name"": ""Samueli Henry"",
    ""role"": ""Director"",
    ""transaction_type"": ""S - Sale"",
    ""shares"": 10000,
    ""price_per_share"": 120.50,
    ""total_"
AVGO,2025-03-15,Samueli Henry,S - Sale,12000.0,125.0,1500000.0,"```json
[
  {
    ""date"": ""2024-11-15"",
    ""insider_name"": ""Samueli Henry"",
    ""role"": ""Director"",
    ""transaction_type"": ""S - Sale"",
    ""shares"": 10000,
    ""price_per_share"": 120.50,
    ""total_"
AVGO,2025-04-30,Samueli Henry,P - Purchase,6000.0,121.5,729000.0,"```json
[
  {
    ""date"": ""2024-11-15"",
    ""insider_name"": ""Samueli Henry"",
    ""role"": ""Director"",
    ""transaction_type"": ""S - Sale"",
    ""shares"": 10000,
    ""price_per_share"": 120.50,
    ""total_"
AVGO,2025-05-20,Samueli Henry,S - Sale+OE,8000.0,123.75,990000.0,"```json
[
  {
    ""date"": ""2024-11-15"",
    ""insider_name"": ""Samueli Henry"",
    ""role"": ""Director"",
    ""transaction_type"": ""S - Sale"",
    ""shares"": 10000,
    ""price_per_share"": 120.50,
    ""total_"
AVGO,2024-11-15,Page Justine,S - Sale,1000.0,1200.5,1200500.0,"```json
[
  {
    ""date"": ""2024-11-15"",
    ""insider_name"": ""Page Justine"",
    ""role"": ""Director"",
    ""transaction_type"": ""S - Sale"",
    ""shares"": 1000,
    ""price_per_share"": 1200.50,
    ""total_v"
AVGO,2024-12-20,Page Justine,P - Purchase,500.0,1150.75,575375.0,"```json
[
  {
    ""date"": ""2024-11-15"",
    ""insider_name"": ""Page Justine"",
    ""role"": ""Director"",
    ""transaction_type"": ""S - Sale"",
    ""shares"": 1000,
    ""price_per_share"": 1200.50,
    ""total_v"
AVGO,2025-01-10,Page Justine,S - Sale+OE,750.0,1220.0,915000.0,"```json
[
  {
    ""date"": ""2024-11-15"",
    ""insider_name"": ""Page Justine"",
    ""role"": ""Director"",
    ""transaction_type"": ""S - Sale"",
    ""shares"": 1000,
    ""price_per_share"": 1200.50,
    ""total_v"
AVGO,2025-03-05,Page Justine,P - Purchase,300.0,1180.25,354075.0,"```json
[
  {
    ""date"": ""2024-11-15"",
    ""insider_name"": ""Page Justine"",
    ""role"": ""Director"",
    ""transaction_type"": ""S - Sale"",
    ""shares"": 1000,
    ""price_per_share"": 1200.50,
    ""total_v"
AVGO,2025-05-22,Page Justine,S - Sale,1200.0,1250.0,1500000.0,"```json
[
  {
    ""date"": ""2024-11-15"",
    ""insider_name"": ""Page Justine"",
    ""role"": ""Director"",
    ""transaction_type"": ""S - Sale"",
    ""shares"": 1000,
    ""price_per_share"": 1200.50,
    ""total_v"
CRM,2024-11-15,Reddy Sundeep G.,S - Sale,1000.0,250.0,250000.0,"```json
[
  {
    ""date"": ""2024-11-15"",
    ""insider_name"": ""Reddy Sundeep G."",
    ""role"": ""Director"",
    ""transaction_type"": ""S - Sale"",
    ""shares"": 1000,
    ""price_per_share"": 250.00,
    ""tota"
CRM,2024-12-20,Reddy Sundeep G.,P - Purchase,500.0,245.0,122500.0,"```json
[
  {
    ""date"": ""2024-11-15"",
    ""insider_name"": ""Reddy Sundeep G."",
    ""role"": ""Director"",
    ""transaction_type"": ""S - Sale"",
    ""shares"": 1000,
    ""price_per_share"": 250.00,
    ""tota"
CRM,2025-01-10,Reddy Sundeep G.,S - Sale+OE,750.0,260.0,195000.0,"```json
[
  {
    ""date"": ""2024-11-15"",
    ""insider_name"": ""Reddy Sundeep G."",
    ""role"": ""Director"",
    ""transaction_type"": ""S - Sale"",
    ""shares"": 1000,
    ""price_per_share"": 250.00,
    ""tota"
CRM,2025-03-05,Reddy Sundeep G.,P - Purchase,300.0,255.0,76500.0,"```json
[
  {
    ""date"": ""2024-11-15"",
    ""insider_name"": ""Reddy Sundeep G."",
    ""role"": ""Director"",
    ""transaction_type"": ""S - Sale"",
    ""shares"": 1000,
    ""price_per_share"": 250.00,
    ""tota"
CRM,2025-05-20,Reddy Sundeep G.,S - Sale,1200.0,270.0,324000.0,"```json
[
  {
    ""date"": ""2024-11-15"",
    ""insider_name"": ""Reddy Sundeep G."",
    ""role"": ""Director"",
    ""transaction_type"": ""S - Sale"",
    ""shares"": 1000,
    ""price_per_share"": 250.00,
    ""tota"
CRM,2024-11-15,Harris Parker,S - Sale,1000.0,250.34,250340.0,"```json
[
  {
    ""date"": ""2024-11-15"",
    ""insider_name"": ""Harris Parker"",
    ""role"": ""Director"",
    ""transaction_type"": ""S - Sale"",
    ""shares"": 1000,
    ""price_per_share"": 250.34,
    ""total_v"
CRM,2024-12-20,Harris Parker,P - Purchase,500.0,245.78,122890.0,"```json
[
  {
    ""date"": ""2024-11-15"",
    ""insider_name"": ""Harris Parker"",
    ""role"": ""Director"",
    ""transaction_type"": ""S - Sale"",
    ""shares"": 1000,
    ""price_per_share"": 250.34,
    ""total_v"
CRM,2025-01-10,Harris Parker,S - Sale+OE,750.0,260.12,195090.0,"```json
[
  {
    ""date"": ""2024-11-15"",
    ""insider_name"": ""Harris Parker"",
    ""role"": ""Director"",
    ""transaction_type"": ""S - Sale"",
    ""shares"": 1000,
    ""price_per_share"": 250.34,
    ""total_v"
CRM,2025-03-05,Harris Parker,P - Purchase,300.0,255.45,76635.0,"```json
[
  {
    ""date"": ""2024-11-15"",
    ""insider_name"": ""Harris Parker"",
    ""role"": ""Director"",
    ""transaction_type"": ""S - Sale"",
    ""shares"": 1000,
    ""price_per_share"": 250.34,
    ""total_v"
CRM,2025-05-22,Harris Parker,S - Sale,1200.0,270.89,325068.0,"```json
[
  {
    ""date"": ""2024-11-15"",
    ""insider_name"": ""Harris Parker"",
    ""role"": ""Director"",
    ""transaction_type"": ""S - Sale"",
    ""shares"": 1000,
    ""price_per_share"": 250.34,
    ""total_v"
CRM,2024-11-15,Millham Brian,S - Sale,1000.0,250.34,250340.0,"```json
[
  {
    ""date"": ""2024-11-15"",
    ""insider_name"": ""Millham Brian"",
    ""role"": ""Director"",
    ""transaction_type"": ""S - Sale"",
    ""shares"": 1000,
    ""price_per_share"": 250.34,
    ""total_v"
CRM,2024-12-20,Millham Brian,P - Purchase,500.0,245.78,122890.0,"```json
[
  {
    ""date"": ""2024-11-15"",
    ""insider_name"": ""Millham Brian"",
    ""role"": ""Director"",
    ""transaction_type"": ""S - Sale"",
    ""shares"": 1000,
    ""price_per_share"": 250.34,
    ""total_v"
CRM,2025-01-10,Millham Brian,S - Sale+OE,750.0,260.12,195090.0,"```json
[
  {
    ""date"": ""2024-11-15"",
    ""insider_name"": ""Millham Brian"",
    ""role"": ""Director"",
    ""transaction_type"": ""S - Sale"",
    ""shares"": 1000,
    ""price_per_share"": 250.34,
    ""total_v"
CRM,2025-03-05,Millham Brian,P - Purchase,300.0,255.45,76635.0,"```json
[
  {
    ""date"": ""2024-11-15"",
    ""insider_name"": ""Millham Brian"",
    ""role"": ""Director"",
    ""transaction_type"": ""S - Sale"",
    ""shares"": 1000,
    ""price_per_share"": 250.34,
    ""total_v"
CRM,2025-05-22,Millham Brian,S - Sale,1200.0,270.89,325068.0,"```json
[
  {
    ""date"": ""2024-11-15"",
    ""insider_name"": ""Millham Brian"",
    ""role"": ""Director"",
    ""transaction_type"": ""S - Sale"",
    ""shares"": 1000,
    ""price_per_share"": 250.34,
    ""total_v"
CRM,2024-11-15,Niles Sabastian,S - Sale,1000.0,250.34,250340.0,"```json
[
  {
    ""date"": ""2024-11-15"",
    ""insider_name"": ""Niles Sabastian"",
    ""role"": ""Director"",
    ""transaction_type"": ""S - Sale"",
    ""shares"": 1000,
    ""price_per_share"": 250.34,
    ""total"
CRM,2024-12-20,Niles Sabastian,P - Purchase,500.0,245.78,122890.0,"```json
[
  {
    ""date"": ""2024-11-15"",
    ""insider_name"": ""Niles Sabastian"",
    ""role"": ""Director"",
    ""transaction_type"": ""S - Sale"",
    ""shares"": 1000,
    ""price_per_share"": 250.34,
    ""total"
CRM,2025-02-10,Niles Sabastian,S - Sale+OE,750.0,260.12,195090.0,"```json
[
  {
    ""date"": ""2024-11-15"",
    ""insider_name"": ""Niles Sabastian"",
    ""role"": ""Director"",
    ""transaction_type"": ""S - Sale"",
    ""shares"": 1000,
    ""price_per_share"": 250.34,
    ""total"
CRM,2025-03-22,Niles Sabastian,P - Purchase,300.0,255.45,76635.0,"```json
[
  {
    ""date"": ""2024-11-15"",
    ""insider_name"": ""Niles Sabastian"",
    ""role"": ""Director"",
    ""transaction_type"": ""S - Sale"",
    ""shares"": 1000,
    ""price_per_share"": 250.34,
    ""total"
CRM,2025-05-15,Niles Sabastian,S - Sale,1200.0,270.89,325068.0,"```json
[
  {
    ""date"": ""2024-11-15"",
    ""insider_name"": ""Niles Sabastian"",
    ""role"": ""Director"",
    ""transaction_type"": ""S - Sale"",
    ""shares"": 1000,
    ""price_per_share"": 250.34,
    ""total"
CRM,2024-11-15,Milano Miguel,S - Sale,1000.0,250.34,250340.0,"```json
[
  {
    ""date"": ""2024-11-15"",
    ""insider_name"": ""Milano Miguel"",
    ""role"": ""Director"",
    ""transaction_type"": ""S - Sale"",
    ""shares"": 1000,
    ""price_per_share"": 250.34,
    ""total_v"
CRM,2024-12-20,Milano Miguel,P - Purchase,500.0,245.78,122890.0,"```json
[
  {
    ""date"": ""2024-11-15"",
    ""insider_name"": ""Milano Miguel"",
    ""role"": ""Director"",
    ""transaction_type"": ""S - Sale"",
    ""shares"": 1000,
    ""price_per_share"": 250.34,
    ""total_v"
CRM,2025-01-10,Milano Miguel,S - Sale+OE,750.0,260.12,195090.0,"```json
[
  {
    ""date"": ""2024-11-15"",
    ""insider_name"": ""Milano Miguel"",
    ""role"": ""Director"",
    ""transaction_type"": ""S - Sale"",
    ""shares"": 1000,
    ""price_per_share"": 250.34,
    ""total_v"
CRM,2025-03-05,Milano Miguel,P - Purchase,300.0,255.45,76635.0,"```json
[
  {
    ""date"": ""2024-11-15"",
    ""insider_name"": ""Milano Miguel"",
    ""role"": ""Director"",
    ""transaction_type"": ""S - Sale"",
    ""shares"": 1000,
    ""price_per_share"": 250.34,
    ""total_v"
CRM,2025-05-22,Milano Miguel,S - Sale,1200.0,270.89,325068.0,"```json
[
  {
    ""date"": ""2024-11-15"",
    ""insider_name"": ""Milano Miguel"",
    ""role"": ""Director"",
    ""transaction_type"": ""S - Sale"",
    ""shares"": 1000,
    ""price_per_share"": 250.34,
    ""total_v"
CRM,2024-11-15,Benioff Marc,S - Sale,10000.0,250.0,2500000.0,"```json
[
  {
    ""date"": ""2024-11-15"",
    ""insider_name"": ""Benioff Marc"",
    ""role"": ""Chairman and CEO"",
    ""transaction_type"": ""S - Sale"",
    ""shares"": 10000,
    ""price_per_share"": 250.00,
    "
CRM,2024-12-20,Benioff Marc,P - Purchase,5000.0,240.0,1200000.0,"```json
[
  {
    ""date"": ""2024-11-15"",
    ""insider_name"": ""Benioff Marc"",
    ""role"": ""Chairman and CEO"",
    ""transaction_type"": ""S - Sale"",
    ""shares"": 10000,
    ""price_per_share"": 250.00,
    "
CRM,2025-01-10,Benioff Marc,S - Sale,7500.0,245.0,1837500.0,"```json
[
  {
    ""date"": ""2024-11-15"",
    ""insider_name"": ""Benioff Marc"",
    ""role"": ""Chairman and CEO"",
    ""transaction_type"": ""S - Sale"",
    ""shares"": 10000,
    ""price_per_share"": 250.00,
    "
CRM,2025-02-28,Benioff Marc,S - Sale+OE,12000.0,255.0,3060000.0,"```json
[
  {
    ""date"": ""2024-11-15"",
    ""insider_name"": ""Benioff Marc"",
    ""role"": ""Chairman and CEO"",
    ""transaction_type"": ""S - Sale"",
    ""shares"": 10000,
    ""price_per_share"": 250.00,
    "
CRM,2025-03-15,Benioff Marc,P - Purchase,3000.0,260.0,780000.0,"```json
[
  {
    ""date"": ""2024-11-15"",
    ""insider_name"": ""Benioff Marc"",
    ""role"": ""Chairman and CEO"",
    ""transaction_type"": ""S - Sale"",
    ""shares"": 10000,
    ""price_per_share"": 250.00,
    "
CRM,2025-04-30,Benioff Marc,S - Sale,8000.0,265.0,2120000.0,"```json
[
  {
    ""date"": ""2024-11-15"",
    ""insider_name"": ""Benioff Marc"",
    ""role"": ""Chairman and CEO"",
    ""transaction_type"": ""S - Sale"",
    ""shares"": 10000,
    ""price_per_share"": 250.00,
    "
CRM,2025-05-20,Benioff Marc,P - Purchase,4000.0,270.0,1080000.0,"```json
[
  {
    ""date"": ""2024-11-15"",
    ""insider_name"": ""Benioff Marc"",
    ""role"": ""Chairman and CEO"",
    ""transaction_type"": ""S - Sale"",
    ""shares"": 10000,
    ""price_per_share"": 250.00,
    "
CRM,2024-11-15,Morfit G Mason,S - Sale,1000.0,250.0,250000.0,"```json
[
  {
    ""date"": ""2024-11-15"",
    ""insider_name"": ""Morfit G Mason"",
    ""role"": ""Director"",
    ""transaction_type"": ""S - Sale"",
    ""shares"": 1000,
    ""price_per_share"": 250.00,
    ""total_"
CRM,2024-12-20,Morfit G Mason,P - Purchase,500.0,240.0,120000.0,"```json
[
  {
    ""date"": ""2024-11-15"",
    ""insider_name"": ""Morfit G Mason"",
    ""role"": ""Director"",
    ""transaction_type"": ""S - Sale"",
    ""shares"": 1000,
    ""price_per_share"": 250.00,
    ""total_"
CRM,2025-01-10,Morfit G Mason,S - Sale+OE,750.0,260.0,195000.0,"```json
[
  {
    ""date"": ""2024-11-15"",
    ""insider_name"": ""Morfit G Mason"",
    ""role"": ""Director"",
    ""transaction_type"": ""S - Sale"",
    ""shares"": 1000,
    ""price_per_share"": 250.00,
    ""total_"
CRM,2025-03-05,Morfit G Mason,P - Purchase,300.0,270.0,81000.0,"```json
[
  {
    ""date"": ""2024-11-15"",
    ""insider_name"": ""Morfit G Mason"",
    ""role"": ""Director"",
    ""transaction_type"": ""S - Sale"",
    ""shares"": 1000,
    ""price_per_share"": 250.00,
    ""total_"
CRM,2025-05-20,Morfit G Mason,S - Sale,1200.0,280.0,336000.0,"```json
[
  {
    ""date"": ""2024-11-15"",
    ""insider_name"": ""Morfit G Mason"",
    ""role"": ""Director"",
    ""transaction_type"": ""S - Sale"",
    ""shares"": 1000,
    ""price_per_share"": 250.00,
    ""total_"
CRM,2024-11-15,Tallapragada Srinivas,S - Sale,1000.0,250.0,250000.0,"```json
[
  {
    ""date"": ""2024-11-15"",
    ""insider_name"": ""Tallapragada Srinivas"",
    ""role"": ""Director"",
    ""transaction_type"": ""S - Sale"",
    ""shares"": 1000,
    ""price_per_share"": 250.00,
    "
CRM,2024-12-20,Tallapragada Srinivas,P - Purchase,500.0,240.0,120000.0,"```json
[
  {
    ""date"": ""2024-11-15"",
    ""insider_name"": ""Tallapragada Srinivas"",
    ""role"": ""Director"",
    ""transaction_type"": ""S - Sale"",
    ""shares"": 1000,
    ""price_per_share"": 250.00,
    "
CRM,2025-01-10,Tallapragada Srinivas,S - Sale+OE,1500.0,260.0,390000.0,"```json
[
  {
    ""date"": ""2024-11-15"",
    ""insider_name"": ""Tallapragada Srinivas"",
    ""role"": ""Director"",
    ""transaction_type"": ""S - Sale"",
    ""shares"": 1000,
    ""price_per_share"": 250.00,
    "
CRM,2025-03-05,Tallapragada Srinivas,P - Purchase,800.0,270.0,216000.0,"```json
[
  {
    ""date"": ""2024-11-15"",
    ""insider_name"": ""Tallapragada Srinivas"",
    ""role"": ""Director"",
    ""transaction_type"": ""S - Sale"",
    ""shares"": 1000,
    ""price_per_share"": 250.00,
    "
CRM,2025-05-20,Tallapragada Srinivas,S - Sale,1200.0,280.0,336000.0,"```json
[
  {
    ""date"": ""2024-11-15"",
    ""insider_name"": ""Tallapragada Srinivas"",
    ""role"": ""Director"",
    ""transaction_type"": ""S - Sale"",
    ""shares"": 1000,
    ""price_per_share"": 250.00,
    "
CRM,2024-11-15,Weaver Amy E,S - Sale,1000.0,250.34,250340.0,"```json
[
  {
    ""date"": ""2024-11-15"",
    ""insider_name"": ""Weaver Amy E"",
    ""role"": ""Director"",
    ""transaction_type"": ""S - Sale"",
    ""shares"": 1000,
    ""price_per_share"": 250.34,
    ""total_va"
CRM,2024-12-20,Weaver Amy E,P - Purchase,500.0,245.78,122890.0,"```json
[
  {
    ""date"": ""2024-11-15"",
    ""insider_name"": ""Weaver Amy E"",
    ""role"": ""Director"",
    ""transaction_type"": ""S - Sale"",
    ""shares"": 1000,
    ""price_per_share"": 250.34,
    ""total_va"
CRM,2025-01-10,Weaver Amy E,S - Sale+OE,1500.0,260.12,390180.0,"```json
[
  {
    ""date"": ""2024-11-15"",
    ""insider_name"": ""Weaver Amy E"",
    ""role"": ""Director"",
    ""transaction_type"": ""S - Sale"",
    ""shares"": 1000,
    ""price_per_share"": 250.34,
    ""total_va"
CRM,2025-02-28,Weaver Amy E,P - Purchase,300.0,255.45,76635.0,"```json
[
  {
    ""date"": ""2024-11-15"",
    ""insider_name"": ""Weaver Amy E"",
    ""role"": ""Director"",
    ""transaction_type"": ""S - Sale"",
    ""shares"": 1000,
    ""price_per_share"": 250.34,
    ""total_va"
CRM,2025-03-15,Weaver Amy E,S - Sale,800.0,265.89,212712.0,"```json
[
  {
    ""date"": ""2024-11-15"",
    ""insider_name"": ""Weaver Amy E"",
    ""role"": ""Director"",
    ""transaction_type"": ""S - Sale"",
    ""shares"": 1000,
    ""price_per_share"": 250.34,
    ""total_va"
CRM,2025-04-30,Weaver Amy E,P - Purchase,200.0,270.56,54112.0,"```json
[
  {
    ""date"": ""2024-11-15"",
    ""insider_name"": ""Weaver Amy E"",
    ""role"": ""Director"",
    ""transaction_type"": ""S - Sale"",
    ""shares"": 1000,
    ""price_per_share"": 250.34,
    ""total_va"
CRM,2025-05-22,Weaver Amy E,S - Sale+OE,1200.0,275.32,330384.0,"```json
[
  {
    ""date"": ""2024-11-15"",
    ""insider_name"": ""Weaver Amy E"",
    ""role"": ""Director"",
    ""transaction_type"": ""S - Sale"",
    ""shares"": 1000,
    ""price_per_share"": 250.34,
    ""total_va"
CRM,2024-11-15,Schmaier R David,S - Sale,1000.0,250.34,250340.0,"```json
[
  {
    ""date"": ""2024-11-15"",
    ""insider_name"": ""Schmaier R David"",
    ""role"": ""Director"",
    ""transaction_type"": ""S - Sale"",
    ""shares"": 1000,
    ""price_per_share"": 250.34,
    ""tota"
CRM,2024-12-20,Schmaier R David,P - Purchase,500.0,245.78,122890.0,"```json
[
  {
    ""date"": ""2024-11-15"",
    ""insider_name"": ""Schmaier R David"",
    ""role"": ""Director"",
    ""transaction_type"": ""S - Sale"",
    ""shares"": 1000,
    ""price_per_share"": 250.34,
    ""tota"
CRM,2025-02-10,Schmaier R David,S - Sale+OE,1500.0,260.12,390180.0,"```json
[
  {
    ""date"": ""2024-11-15"",
    ""insider_name"": ""Schmaier R David"",
    ""role"": ""Director"",
    ""transaction_type"": ""S - Sale"",
    ""shares"": 1000,
    ""price_per_share"": 250.34,
    ""tota"
CRM,2025-03-15,Schmaier R David,P - Purchase,300.0,255.45,76635.0,"```json
[
  {
    ""date"": ""2024-11-15"",
    ""insider_name"": ""Schmaier R David"",
    ""role"": ""Director"",
    ""transaction_type"": ""S - Sale"",
    ""shares"": 1000,
    ""price_per_share"": 250.34,
    ""tota"
CRM,2025-05-22,Schmaier R David,S - Sale,800.0,270.89,216712.0,"```json
[
  {
    ""date"": ""2024-11-15"",
    ""insider_name"": ""Schmaier R David"",
    ""role"": ""Director"",
    ""transaction_type"": ""S - Sale"",
    ""shares"": 1000,
    ""price_per_share"": 250.34,
    ""tota"
CRM,2024-11-15,Washington Robin L,S - Sale,1000.0,250.34,250340.0,"```json
[
  {
    ""date"": ""2024-11-15"",
    ""insider_name"": ""Washington Robin L"",
    ""role"": ""Director"",
    ""transaction_type"": ""S - Sale"",
    ""shares"": 1000,
    ""price_per_share"": 250.34,
    ""to"
CRM,2024-12-20,Washington Robin L,P - Purchase,500.0,245.78,122890.0,"```json
[
  {
    ""date"": ""2024-11-15"",
    ""insider_name"": ""Washington Robin L"",
    ""role"": ""Director"",
    ""transaction_type"": ""S - Sale"",
    ""shares"": 1000,
    ""price_per_share"": 250.34,
    ""to"
CRM,2025-01-10,Washington Robin L,S - Sale+OE,750.0,260.12,195090.0,"```json
[
  {
    ""date"": ""2024-11-15"",
    ""insider_name"": ""Washington Robin L"",
    ""role"": ""Director"",
    ""transaction_type"": ""S - Sale"",
    ""shares"": 1000,
    ""price_per_share"": 250.34,
    ""to"
CRM,2025-02-28,Washington Robin L,P - Purchase,300.0,255.45,76635.0,"```json
[
  {
    ""date"": ""2024-11-15"",
    ""insider_name"": ""Washington Robin L"",
    ""role"": ""Director"",
    ""transaction_type"": ""S - Sale"",
    ""shares"": 1000,
    ""price_per_share"": 250.34,
    ""to"
CRM,2025-03-15,Washington Robin L,S - Sale,1200.0,265.89,319068.0,"```json
[
  {
    ""date"": ""2024-11-15"",
    ""insider_name"": ""Washington Robin L"",
    ""role"": ""Director"",
    ""transaction_type"": ""S - Sale"",
    ""shares"": 1000,
    ""price_per_share"": 250.34,
    ""to"
CRM,2025-04-30,Washington Robin L,P - Purchase,800.0,270.23,216184.0,"```json
[
  {
    ""date"": ""2024-11-15"",
    ""insider_name"": ""Washington Robin L"",
    ""role"": ""Director"",
    ""transaction_type"": ""S - Sale"",
    ""shares"": 1000,
    ""price_per_share"": 250.34,
    ""to"
CRM,2025-05-22,Washington Robin L,S - Sale+OE,600.0,275.56,165336.0,"```json
[
  {
    ""date"": ""2024-11-15"",
    ""insider_name"": ""Washington Robin L"",
    ""role"": ""Director"",
    ""transaction_type"": ""S - Sale"",
    ""shares"": 1000,
    ""price_per_share"": 250.34,
    ""to"
CRM,2024-11-15,Millham Brian,S - Sale,1000.0,250.34,250340.0,"```json
[
  {
    ""date"": ""2024-11-15"",
    ""insider_name"": ""Millham Brian"",
    ""role"": ""Director"",
    ""transaction_type"": ""S - Sale"",
    ""shares"": 1000,
    ""price_per_share"": 250.34,
    ""total_v"
CRM,2024-12-20,Millham Brian,P - Purchase,500.0,245.78,122890.0,"```json
[
  {
    ""date"": ""2024-11-15"",
    ""insider_name"": ""Millham Brian"",
    ""role"": ""Director"",
    ""transaction_type"": ""S - Sale"",
    ""shares"": 1000,
    ""price_per_share"": 250.34,
    ""total_v"
CRM,2025-01-10,Millham Brian,S - Sale+OE,750.0,260.12,195090.0,"```json
[
  {
    ""date"": ""2024-11-15"",
    ""insider_name"": ""Millham Brian"",
    ""role"": ""Director"",
    ""transaction_type"": ""S - Sale"",
    ""shares"": 1000,
    ""price_per_share"": 250.34,
    ""total_v"
CRM,2025-03-05,Millham Brian,P - Purchase,300.0,255.45,76635.0,"```json
[
  {
    ""date"": ""2024-11-15"",
    ""insider_name"": ""Millham Brian"",
    ""role"": ""Director"",
    ""transaction_type"": ""S - Sale"",
    ""shares"": 1000,
    ""price_per_share"": 250.34,
    ""total_v"
CRM,2025-05-22,Millham Brian,S - Sale,1200.0,270.89,325068.0,"```json
[
  {
    ""date"": ""2024-11-15"",
    ""insider_name"": ""Millham Brian"",
    ""role"": ""Director"",
    ""transaction_type"": ""S - Sale"",
    ""shares"": 1000,
    ""price_per_share"": 250.34,
    ""total_v"
CRM,2024-11-15,Munoz Oscar,S - Sale,1000.0,250.0,250000.0,"```json
[
  {
    ""date"": ""2024-11-15"",
    ""insider_name"": ""Munoz Oscar"",
    ""role"": ""Director"",
    ""transaction_type"": ""S - Sale"",
    ""shares"": 1000,
    ""price_per_share"": 250.00,
    ""total_val"
CRM,2024-12-20,Munoz Oscar,P - Purchase,500.0,240.0,120000.0,"```json
[
  {
    ""date"": ""2024-11-15"",
    ""insider_name"": ""Munoz Oscar"",
    ""role"": ""Director"",
    ""transaction_type"": ""S - Sale"",
    ""shares"": 1000,
    ""price_per_share"": 250.00,
    ""total_val"
CRM,2025-01-10,Munoz Oscar,S - Sale+OE,750.0,260.0,195000.0,"```json
[
  {
    ""date"": ""2024-11-15"",
    ""insider_name"": ""Munoz Oscar"",
    ""role"": ""Director"",
    ""transaction_type"": ""S - Sale"",
    ""shares"": 1000,
    ""price_per_share"": 250.00,
    ""total_val"
CRM,2025-03-05,Munoz Oscar,P - Purchase,300.0,270.0,81000.0,"```json
[
  {
    ""date"": ""2024-11-15"",
    ""insider_name"": ""Munoz Oscar"",
    ""role"": ""Director"",
    ""transaction_type"": ""S - Sale"",
    ""shares"": 1000,
    ""price_per_share"": 250.00,
    ""total_val"
CRM,2025-05-20,Munoz Oscar,S - Sale,1200.0,280.0,336000.0,"```json
[
  {
    ""date"": ""2024-11-15"",
    ""insider_name"": ""Munoz Oscar"",
    ""role"": ""Director"",
    ""transaction_type"": ""S - Sale"",
    ""shares"": 1000,
    ""price_per_share"": 250.00,
    ""total_val"
CRM,2024-11-15,Tallapragada Srinivas,S - Sale,1000.0,250.0,250000.0,"```json
[
  {
    ""date"": ""2024-11-15"",
    ""insider_name"": ""Tallapragada Srinivas"",
    ""role"": ""Director"",
    ""transaction_type"": ""S - Sale"",
    ""shares"": 1000,
    ""price_per_share"": 250.00,
    "
CRM,2024-12-20,Tallapragada Srinivas,P - Purchase,500.0,240.0,120000.0,"```json
[
  {
    ""date"": ""2024-11-15"",
    ""insider_name"": ""Tallapragada Srinivas"",
    ""role"": ""Director"",
    ""transaction_type"": ""S - Sale"",
    ""shares"": 1000,
    ""price_per_share"": 250.00,
    "
CRM,2025-01-10,Tallapragada Srinivas,S - Sale+OE,1500.0,260.0,390000.0,"```json
[
  {
    ""date"": ""2024-11-15"",
    ""insider_name"": ""Tallapragada Srinivas"",
    ""role"": ""Director"",
    ""transaction_type"": ""S - Sale"",
    ""shares"": 1000,
    ""price_per_share"": 250.00,
    "
CRM,2025-03-05,Tallapragada Srinivas,P - Purchase,800.0,270.0,216000.0,"```json
[
  {
    ""date"": ""2024-11-15"",
    ""insider_name"": ""Tallapragada Srinivas"",
    ""role"": ""Director"",
    ""transaction_type"": ""S - Sale"",
    ""shares"": 1000,
    ""price_per_share"": 250.00,
    "
CRM,2025-05-20,Tallapragada Srinivas,S - Sale,1200.0,280.0,336000.0,"```json
[
  {
    ""date"": ""2024-11-15"",
    ""insider_name"": ""Tallapragada Srinivas"",
    ""role"": ""Director"",
    ""transaction_type"": ""S - Sale"",
    ""shares"": 1000,
    ""price_per_share"": 250.00,
    "
CRM,2024-11-15,Schmaier R David,S - Sale,1000.0,250.34,250340.0,"```json
[
  {
    ""date"": ""2024-11-15"",
    ""insider_name"": ""Schmaier R David"",
    ""role"": ""Director"",
    ""transaction_type"": ""S - Sale"",
    ""shares"": 1000,
    ""price_per_share"": 250.34,
    ""tota"
CRM,2024-12-20,Schmaier R David,P - Purchase,500.0,245.78,122890.0,"```json
[
  {
    ""date"": ""2024-11-15"",
    ""insider_name"": ""Schmaier R David"",
    ""role"": ""Director"",
    ""transaction_type"": ""S - Sale"",
    ""shares"": 1000,
    ""price_per_share"": 250.34,
    ""tota"
CRM,2025-02-10,Schmaier R David,S - Sale+OE,1500.0,260.12,390180.0,"```json
[
  {
    ""date"": ""2024-11-15"",
    ""insider_name"": ""Schmaier R David"",
    ""role"": ""Director"",
    ""transaction_type"": ""S - Sale"",
    ""shares"": 1000,
    ""price_per_share"": 250.34,
    ""tota"
CRM,2025-03-15,Schmaier R David,P - Purchase,300.0,255.45,76635.0,"```json
[
  {
    ""date"": ""2024-11-15"",
    ""insider_name"": ""Schmaier R David"",
    ""role"": ""Director"",
    ""transaction_type"": ""S - Sale"",
    ""shares"": 1000,
    ""price_per_share"": 250.34,
    ""tota"
CRM,2025-05-22,Schmaier R David,S - Sale,800.0,270.89,216712.0,"```json
[
  {
    ""date"": ""2024-11-15"",
    ""insider_name"": ""Schmaier R David"",
    ""role"": ""Director"",
    ""transaction_type"": ""S - Sale"",
    ""shares"": 1000,
    ""price_per_share"": 250.34,
    ""tota"
CRWD,2024-11-15,Gandhi Sameer K,S - Sale,1000.0,250.0,250000.0,"```json
[
  {
    ""date"": ""2024-11-15"",
    ""insider_name"": ""Gandhi Sameer K"",
    ""role"": ""Director"",
    ""transaction_type"": ""S - Sale"",
    ""shares"": 1000,
    ""price_per_share"": 250.00,
    ""total"
CRWD,2024-12-20,Gandhi Sameer K,P - Purchase,500.0,240.0,120000.0,"```json
[
  {
    ""date"": ""2024-11-15"",
    ""insider_name"": ""Gandhi Sameer K"",
    ""role"": ""Director"",
    ""transaction_type"": ""S - Sale"",
    ""shares"": 1000,
    ""price_per_share"": 250.00,
    ""total"
CRWD,2025-02-10,Gandhi Sameer K,S - Sale+OE,750.0,260.0,195000.0,"```json
[
  {
    ""date"": ""2024-11-15"",
    ""insider_name"": ""Gandhi Sameer K"",
    ""role"": ""Director"",
    ""transaction_type"": ""S - Sale"",
    ""shares"": 1000,
    ""price_per_share"": 250.00,
    ""total"
CRWD,2025-03-15,Gandhi Sameer K,P - Purchase,300.0,255.0,76500.0,"```json
[
  {
    ""date"": ""2024-11-15"",
    ""insider_name"": ""Gandhi Sameer K"",
    ""role"": ""Director"",
    ""transaction_type"": ""S - Sale"",
    ""shares"": 1000,
    ""price_per_share"": 250.00,
    ""total"
CRWD,2025-05-25,Gandhi Sameer K,S - Sale,1200.0,270.0,324000.0,"```json
[
  {
    ""date"": ""2024-11-15"",
    ""insider_name"": ""Gandhi Sameer K"",
    ""role"": ""Director"",
    ""transaction_type"": ""S - Sale"",
    ""shares"": 1000,
    ""price_per_share"": 250.00,
    ""total"
CRWD,2024-11-15,Henry Shawn,S - Sale,1000.0,150.25,150250.0,"```json
[
  {
    ""date"": ""2024-11-15"",
    ""insider_name"": ""Henry Shawn"",
    ""role"": ""Director"",
    ""transaction_type"": ""S - Sale"",
    ""shares"": 1000,
    ""price_per_share"": 150.25,
    ""total_val"
CRWD,2024-12-20,Henry Shawn,P - Purchase,500.0,145.75,72875.0,"```json
[
  {
    ""date"": ""2024-11-15"",
    ""insider_name"": ""Henry Shawn"",
    ""role"": ""Director"",
    ""transaction_type"": ""S - Sale"",
    ""shares"": 1000,
    ""price_per_share"": 150.25,
    ""total_val"
CRWD,2025-01-10,Henry Shawn,S - Sale+OE,750.0,160.5,120375.0,"```json
[
  {
    ""date"": ""2024-11-15"",
    ""insider_name"": ""Henry Shawn"",
    ""role"": ""Director"",
    ""transaction_type"": ""S - Sale"",
    ""shares"": 1000,
    ""price_per_share"": 150.25,
    ""total_val"
CRWD,2025-03-05,Henry Shawn,P - Purchase,300.0,155.0,46500.0,"```json
[
  {
    ""date"": ""2024-11-15"",
    ""insider_name"": ""Henry Shawn"",
    ""role"": ""Director"",
    ""transaction_type"": ""S - Sale"",
    ""shares"": 1000,
    ""price_per_share"": 150.25,
    ""total_val"
CRWD,2025-05-22,Henry Shawn,S - Sale,1200.0,170.0,204000.0,"```json
[
  {
    ""date"": ""2024-11-15"",
    ""insider_name"": ""Henry Shawn"",
    ""role"": ""Director"",
    ""transaction_type"": ""S - Sale"",
    ""shares"": 1000,
    ""price_per_share"": 150.25,
    ""total_val"
CRWD,2024-11-15,Watzinger Gerhard,S - Sale,1000.0,150.25,150250.0,"```json
[
  {
    ""date"": ""2024-11-15"",
    ""insider_name"": ""Watzinger Gerhard"",
    ""role"": ""Director"",
    ""transaction_type"": ""S - Sale"",
    ""shares"": 1000,
    ""price_per_share"": 150.25,
    ""tot"
CRWD,2024-12-20,Watzinger Gerhard,P - Purchase,500.0,145.75,72875.0,"```json
[
  {
    ""date"": ""2024-11-15"",
    ""insider_name"": ""Watzinger Gerhard"",
    ""role"": ""Director"",
    ""transaction_type"": ""S - Sale"",
    ""shares"": 1000,
    ""price_per_share"": 150.25,
    ""tot"
CRWD,2025-01-10,Watzinger Gerhard,S - Sale+OE,750.0,160.5,120375.0,"```json
[
  {
    ""date"": ""2024-11-15"",
    ""insider_name"": ""Watzinger Gerhard"",
    ""role"": ""Director"",
    ""transaction_type"": ""S - Sale"",
    ""shares"": 1000,
    ""price_per_share"": 150.25,
    ""tot"
CRWD,2025-03-05,Watzinger Gerhard,P - Purchase,300.0,155.0,46500.0,"```json
[
  {
    ""date"": ""2024-11-15"",
    ""insider_name"": ""Watzinger Gerhard"",
    ""role"": ""Director"",
    ""transaction_type"": ""S - Sale"",
    ""shares"": 1000,
    ""price_per_share"": 150.25,
    ""tot"
CRWD,2025-05-22,Watzinger Gerhard,S - Sale,1200.0,170.25,204300.0,"```json
[
  {
    ""date"": ""2024-11-15"",
    ""insider_name"": ""Watzinger Gerhard"",
    ""role"": ""Director"",
    ""transaction_type"": ""S - Sale"",
    ""shares"": 1000,
    ""price_per_share"": 150.25,
    ""tot"
CRWD,2024-11-15,Oleary Denis,S - Sale,1000.0,150.25,150250.0,"```json
[
  {
    ""date"": ""2024-11-15"",
    ""insider_name"": ""Oleary Denis"",
    ""role"": ""Director"",
    ""transaction_type"": ""S - Sale"",
    ""shares"": 1000,
    ""price_per_share"": 150.25,
    ""total_va"
CRWD,2024-12-20,Oleary Denis,P - Purchase,500.0,145.75,72875.0,"```json
[
  {
    ""date"": ""2024-11-15"",
    ""insider_name"": ""Oleary Denis"",
    ""role"": ""Director"",
    ""transaction_type"": ""S - Sale"",
    ""shares"": 1000,
    ""price_per_share"": 150.25,
    ""total_va"
CRWD,2025-01-10,Oleary Denis,S - Sale+OE,750.0,160.5,120375.0,"```json
[
  {
    ""date"": ""2024-11-15"",
    ""insider_name"": ""Oleary Denis"",
    ""role"": ""Director"",
    ""transaction_type"": ""S - Sale"",
    ""shares"": 1000,
    ""price_per_share"": 150.25,
    ""total_va"
CRWD,2025-03-05,Oleary Denis,P - Purchase,300.0,155.0,46500.0,"```json
[
  {
    ""date"": ""2024-11-15"",
    ""insider_name"": ""Oleary Denis"",
    ""role"": ""Director"",
    ""transaction_type"": ""S - Sale"",
    ""shares"": 1000,
    ""price_per_share"": 150.25,
    ""total_va"
CRWD,2025-05-22,Oleary Denis,S - Sale,1200.0,170.25,204300.0,"```json
[
  {
    ""date"": ""2024-11-15"",
    ""insider_name"": ""Oleary Denis"",
    ""role"": ""Director"",
    ""transaction_type"": ""S - Sale"",
    ""shares"": 1000,
    ""price_per_share"": 150.25,
    ""total_va"
CRWD,2024-11-15,Roxanne S Austin,S - Sale,1000.0,150.25,150250.0,"```json
[
  {
    ""date"": ""2024-11-15"",
    ""insider_name"": ""Roxanne S Austin"",
    ""role"": ""Director"",
    ""transaction_type"": ""S - Sale"",
    ""shares"": 1000,
    ""price_per_share"": 150.25,
    ""tota"
CRWD,2024-12-20,Roxanne S Austin,P - Purchase,500.0,145.75,72875.0,"```json
[
  {
    ""date"": ""2024-11-15"",
    ""insider_name"": ""Roxanne S Austin"",
    ""role"": ""Director"",
    ""transaction_type"": ""S - Sale"",
    ""shares"": 1000,
    ""price_per_share"": 150.25,
    ""tota"
CRWD,2025-01-10,Roxanne S Austin,S - Sale+OE,750.0,160.5,120375.0,"```json
[
  {
    ""date"": ""2024-11-15"",
    ""insider_name"": ""Roxanne S Austin"",
    ""role"": ""Director"",
    ""transaction_type"": ""S - Sale"",
    ""shares"": 1000,
    ""price_per_share"": 150.25,
    ""tota"
CRWD,2025-03-05,Roxanne S Austin,P - Purchase,300.0,155.0,46500.0,"```json
[
  {
    ""date"": ""2024-11-15"",
    ""insider_name"": ""Roxanne S Austin"",
    ""role"": ""Director"",
    ""transaction_type"": ""S - Sale"",
    ""shares"": 1000,
    ""price_per_share"": 150.25,
    ""tota"
CRWD,2025-05-22,Roxanne S Austin,S - Sale,1200.0,170.25,204300.0,"```json
[
  {
    ""date"": ""2024-11-15"",
    ""insider_name"": ""Roxanne S Austin"",
    ""role"": ""Director"",
    ""transaction_type"": ""S - Sale"",
    ""shares"": 1000,
    ""price_per_share"": 150.25,
    ""tota"
CRWD,2024-11-15,Podbere Burt W.,S - Sale,1000.0,150.25,150250.0,"```json
[
  {
    ""date"": ""2024-11-15"",
    ""insider_name"": ""Podbere Burt W."",
    ""role"": ""Director"",
    ""transaction_type"": ""S - Sale"",
    ""shares"": 1000,
    ""price_per_share"": 150.25,
    ""total"
CRWD,2024-12-20,Podbere Burt W.,P - Purchase,500.0,145.75,72875.0,"```json
[
  {
    ""date"": ""2024-11-15"",
    ""insider_name"": ""Podbere Burt W."",
    ""role"": ""Director"",
    ""transaction_type"": ""S - Sale"",
    ""shares"": 1000,
    ""price_per_share"": 150.25,
    ""total"
CRWD,2025-01-10,Podbere Burt W.,S - Sale+OE,750.0,160.5,120375.0,"```json
[
  {
    ""date"": ""2024-11-15"",
    ""insider_name"": ""Podbere Burt W."",
    ""role"": ""Director"",
    ""transaction_type"": ""S - Sale"",
    ""shares"": 1000,
    ""price_per_share"": 150.25,
    ""total"
CRWD,2025-03-05,Podbere Burt W.,P - Purchase,300.0,155.0,46500.0,"```json
[
  {
    ""date"": ""2024-11-15"",
    ""insider_name"": ""Podbere Burt W."",
    ""role"": ""Director"",
    ""transaction_type"": ""S - Sale"",
    ""shares"": 1000,
    ""price_per_share"": 150.25,
    ""total"
CRWD,2025-05-22,Podbere Burt W.,S - Sale,1200.0,170.25,204300.0,"```json
[
  {
    ""date"": ""2024-11-15"",
    ""insider_name"": ""Podbere Burt W."",
    ""role"": ""Director"",
    ""transaction_type"": ""S - Sale"",
    ""shares"": 1000,
    ""price_per_share"": 150.25,
    ""total"
CRWD,2024-11-15,Kurtz George,S - Sale,1000.0,150.25,150250.0,"```json
[
  {
    ""date"": ""2024-11-15"",
    ""insider_name"": ""Kurtz George"",
    ""role"": ""Director"",
    ""transaction_type"": ""S - Sale"",
    ""shares"": 1000,
    ""price_per_share"": 150.25,
    ""total_va"
CRWD,2024-12-20,Kurtz George,P - Purchase,500.0,145.75,72875.0,"```json
[
  {
    ""date"": ""2024-11-15"",
    ""insider_name"": ""Kurtz George"",
    ""role"": ""Director"",
    ""transaction_type"": ""S - Sale"",
    ""shares"": 1000,
    ""price_per_share"": 150.25,
    ""total_va"
CRWD,2025-01-10,Kurtz George,S - Sale+OE,750.0,160.5,120375.0,"```json
[
  {
    ""date"": ""2024-11-15"",
    ""insider_name"": ""Kurtz George"",
    ""role"": ""Director"",
    ""transaction_type"": ""S - Sale"",
    ""shares"": 1000,
    ""price_per_share"": 150.25,
    ""total_va"
CRWD,2025-03-05,Kurtz George,P - Purchase,300.0,155.0,46500.0,"```json
[
  {
    ""date"": ""2024-11-15"",
    ""insider_name"": ""Kurtz George"",
    ""role"": ""Director"",
    ""transaction_type"": ""S - Sale"",
    ""shares"": 1000,
    ""price_per_share"": 150.25,
    ""total_va"
CRWD,2025-05-22,Kurtz George,S - Sale,1200.0,170.0,204000.0,"```json
[
  {
    ""date"": ""2024-11-15"",
    ""insider_name"": ""Kurtz George"",
    ""role"": ""Director"",
    ""transaction_type"": ""S - Sale"",
    ""shares"": 1000,
    ""price_per_share"": 150.25,
    ""total_va"
CRWD,2024-11-15,Sentonas Michael,S - Sale,1000.0,150.25,150250.0,"```json
[
  {
    ""date"": ""2024-11-15"",
    ""insider_name"": ""Sentonas Michael"",
    ""role"": ""Director"",
    ""transaction_type"": ""S - Sale"",
    ""shares"": 1000,
    ""price_per_share"": 150.25,
    ""tota"
CRWD,2024-12-20,Sentonas Michael,P - Purchase,500.0,145.75,72875.0,"```json
[
  {
    ""date"": ""2024-11-15"",
    ""insider_name"": ""Sentonas Michael"",
    ""role"": ""Director"",
    ""transaction_type"": ""S - Sale"",
    ""shares"": 1000,
    ""price_per_share"": 150.25,
    ""tota"
CRWD,2025-02-10,Sentonas Michael,S - Sale+OE,750.0,160.5,120375.0,"```json
[
  {
    ""date"": ""2024-11-15"",
    ""insider_name"": ""Sentonas Michael"",
    ""role"": ""Director"",
    ""transaction_type"": ""S - Sale"",
    ""shares"": 1000,
    ""price_per_share"": 150.25,
    ""tota"
CRWD,2025-03-22,Sentonas Michael,P - Purchase,300.0,155.0,46500.0,"```json
[
  {
    ""date"": ""2024-11-15"",
    ""insider_name"": ""Sentonas Michael"",
    ""role"": ""Director"",
    ""transaction_type"": ""S - Sale"",
    ""shares"": 1000,
    ""price_per_share"": 150.25,
    ""tota"
CRWD,2025-05-15,Sentonas Michael,S - Sale,1200.0,165.25,198300.0,"```json
[
  {
    ""date"": ""2024-11-15"",
    ""insider_name"": ""Sentonas Michael"",
    ""role"": ""Director"",
    ""transaction_type"": ""S - Sale"",
    ""shares"": 1000,
    ""price_per_share"": 150.25,
    ""tota"
CRWD,2024-11-15,Saha Anurag,S - Sale,1000.0,150.25,150250.0,"```json
[
  {
    ""date"": ""2024-11-15"",
    ""insider_name"": ""Saha Anurag"",
    ""role"": ""Director"",
    ""transaction_type"": ""S - Sale"",
    ""shares"": 1000,
    ""price_per_share"": 150.25,
    ""total_val"
CRWD,2024-12-20,Saha Anurag,P - Purchase,500.0,145.75,72875.0,"```json
[
  {
    ""date"": ""2024-11-15"",
    ""insider_name"": ""Saha Anurag"",
    ""role"": ""Director"",
    ""transaction_type"": ""S - Sale"",
    ""shares"": 1000,
    ""price_per_share"": 150.25,
    ""total_val"
CRWD,2025-01-10,Saha Anurag,S - Sale+OE,750.0,160.5,120375.0,"```json
[
  {
    ""date"": ""2024-11-15"",
    ""insider_name"": ""Saha Anurag"",
    ""role"": ""Director"",
    ""transaction_type"": ""S - Sale"",
    ""shares"": 1000,
    ""price_per_share"": 150.25,
    ""total_val"
CRWD,2025-03-05,Saha Anurag,P - Purchase,300.0,155.0,46500.0,"```json
[
  {
    ""date"": ""2024-11-15"",
    ""insider_name"": ""Saha Anurag"",
    ""role"": ""Director"",
    ""transaction_type"": ""S - Sale"",
    ""shares"": 1000,
    ""price_per_share"": 150.25,
    ""total_val"
CRWD,2025-05-22,Saha Anurag,S - Sale,1200.0,170.0,204000.0,"```json
[
  {
    ""date"": ""2024-11-15"",
    ""insider_name"": ""Saha Anurag"",
    ""role"": ""Director"",
    ""transaction_type"": ""S - Sale"",
    ""shares"": 1000,
    ""price_per_share"": 150.25,
    ""total_val"
CRWD,2024-11-15,Flower Johanna,S - Sale,1000.0,150.25,150250.0,"```json
[
  {
    ""date"": ""2024-11-15"",
    ""insider_name"": ""Flower Johanna"",
    ""role"": ""Director"",
    ""transaction_type"": ""S - Sale"",
    ""shares"": 1000,
    ""price_per_share"": 150.25,
    ""total_"
CRWD,2024-12-20,Flower Johanna,P - Purchase,500.0,145.75,72875.0,"```json
[
  {
    ""date"": ""2024-11-15"",
    ""insider_name"": ""Flower Johanna"",
    ""role"": ""Director"",
    ""transaction_type"": ""S - Sale"",
    ""shares"": 1000,
    ""price_per_share"": 150.25,
    ""total_"
CRWD,2025-01-10,Flower Johanna,S - Sale+OE,750.0,160.5,120375.0,"```json
[
  {
    ""date"": ""2024-11-15"",
    ""insider_name"": ""Flower Johanna"",
    ""role"": ""Director"",
    ""transaction_type"": ""S - Sale"",
    ""shares"": 1000,
    ""price_per_share"": 150.25,
    ""total_"
CRWD,2025-03-05,Flower Johanna,P - Purchase,300.0,155.0,46500.0,"```json
[
  {
    ""date"": ""2024-11-15"",
    ""insider_name"": ""Flower Johanna"",
    ""role"": ""Director"",
    ""transaction_type"": ""S - Sale"",
    ""shares"": 1000,
    ""price_per_share"": 150.25,
    ""total_"
CRWD,2025-05-22,Flower Johanna,S - Sale,1200.0,170.0,204000.0,"```json
[
  {
    ""date"": ""2024-11-15"",
    ""insider_name"": ""Flower Johanna"",
    ""role"": ""Director"",
    ""transaction_type"": ""S - Sale"",
    ""shares"": 1000,
    ""price_per_share"": 150.25,
    ""total_"
CSCO,2024-11-15,Stahlkopf Deborah L,S - Sale,5000.0,50.25,251250.0,"```json
[
  {
    ""date"": ""2024-11-15"",
    ""insider_name"": ""Stahlkopf Deborah L"",
    ""role"": ""Director"",
    ""transaction_type"": ""S - Sale"",
    ""shares"": 5000,
    ""price_per_share"": 50.25,
    ""to"
CSCO,2024-12-20,Stahlkopf Deborah L,P - Purchase,2000.0,48.75,97500.0,"```json
[
  {
    ""date"": ""2024-11-15"",
    ""insider_name"": ""Stahlkopf Deborah L"",
    ""role"": ""Director"",
    ""transaction_type"": ""S - Sale"",
    ""shares"": 5000,
    ""price_per_share"": 50.25,
    ""to"
CSCO,2025-02-10,Stahlkopf Deborah L,S - Sale+OE,3000.0,52.5,157500.0,"```json
[
  {
    ""date"": ""2024-11-15"",
    ""insider_name"": ""Stahlkopf Deborah L"",
    ""role"": ""Director"",
    ""transaction_type"": ""S - Sale"",
    ""shares"": 5000,
    ""price_per_share"": 50.25,
    ""to"
CSCO,2025-03-15,Stahlkopf Deborah L,P - Purchase,1000.0,51.25,51250.0,"```json
[
  {
    ""date"": ""2024-11-15"",
    ""insider_name"": ""Stahlkopf Deborah L"",
    ""role"": ""Director"",
    ""transaction_type"": ""S - Sale"",
    ""shares"": 5000,
    ""price_per_share"": 50.25,
    ""to"
CSCO,2025-05-22,Stahlkopf Deborah L,S - Sale,4000.0,53.75,215000.0,"```json
[
  {
    ""date"": ""2024-11-15"",
    ""insider_name"": ""Stahlkopf Deborah L"",
    ""role"": ""Director"",
    ""transaction_type"": ""S - Sale"",
    ""shares"": 5000,
    ""price_per_share"": 50.25,
    ""to"
CSCO,2024-11-15,Herren Richard Scott,S - Sale,10000.0,50.25,502500.0,"```json
[
  {
    ""date"": ""2024-11-15"",
    ""insider_name"": ""Herren Richard Scott"",
    ""role"": ""Director"",
    ""transaction_type"": ""S - Sale"",
    ""shares"": 10000,
    ""price_per_share"": 50.25,
    """
CSCO,2024-12-20,Herren Richard Scott,P - Purchase,5000.0,48.75,243750.0,"```json
[
  {
    ""date"": ""2024-11-15"",
    ""insider_name"": ""Herren Richard Scott"",
    ""role"": ""Director"",
    ""transaction_type"": ""S - Sale"",
    ""shares"": 10000,
    ""price_per_share"": 50.25,
    """
CSCO,2025-02-10,Herren Richard Scott,S - Sale+OE,7500.0,52.0,390000.0,"```json
[
  {
    ""date"": ""2024-11-15"",
    ""insider_name"": ""Herren Richard Scott"",
    ""role"": ""Director"",
    ""transaction_type"": ""S - Sale"",
    ""shares"": 10000,
    ""price_per_share"": 50.25,
    """
CSCO,2025-03-15,Herren Richard Scott,P - Purchase,3000.0,51.5,154500.0,"```json
[
  {
    ""date"": ""2024-11-15"",
    ""insider_name"": ""Herren Richard Scott"",
    ""role"": ""Director"",
    ""transaction_type"": ""S - Sale"",
    ""shares"": 10000,
    ""price_per_share"": 50.25,
    """
CSCO,2025-05-22,Herren Richard Scott,S - Sale,12000.0,53.25,639000.0,"```json
[
  {
    ""date"": ""2024-11-15"",
    ""insider_name"": ""Herren Richard Scott"",
    ""role"": ""Director"",
    ""transaction_type"": ""S - Sale"",
    ""shares"": 10000,
    ""price_per_share"": 50.25,
    """
CSCO,2024-11-15,Robbins Charles,S - Sale,10000.0,50.25,502500.0,"```json
[
  {
    ""date"": ""2024-11-15"",
    ""insider_name"": ""Robbins Charles"",
    ""role"": ""Director"",
    ""transaction_type"": ""S - Sale"",
    ""shares"": 10000,
    ""price_per_share"": 50.25,
    ""total"
CSCO,2024-12-20,Robbins Charles,P - Purchase,5000.0,48.75,243750.0,"```json
[
  {
    ""date"": ""2024-11-15"",
    ""insider_name"": ""Robbins Charles"",
    ""role"": ""Director"",
    ""transaction_type"": ""S - Sale"",
    ""shares"": 10000,
    ""price_per_share"": 50.25,
    ""total"
CSCO,2025-01-10,Robbins Charles,S - Sale+OE,7500.0,52.0,390000.0,"```json
[
  {
    ""date"": ""2024-11-15"",
    ""insider_name"": ""Robbins Charles"",
    ""role"": ""Director"",
    ""transaction_type"": ""S - Sale"",
    ""shares"": 10000,
    ""price_per_share"": 50.25,
    ""total"
CSCO,2025-03-05,Robbins Charles,P - Purchase,3000.0,51.5,154500.0,"```json
[
  {
    ""date"": ""2024-11-15"",
    ""insider_name"": ""Robbins Charles"",
    ""role"": ""Director"",
    ""transaction_type"": ""S - Sale"",
    ""shares"": 10000,
    ""price_per_share"": 50.25,
    ""total"
CSCO,2025-05-20,Robbins Charles,S - Sale,12000.0,53.25,639000.0,"```json
[
  {
    ""date"": ""2024-11-15"",
    ""insider_name"": ""Robbins Charles"",
    ""role"": ""Director"",
    ""transaction_type"": ""S - Sale"",
    ""shares"": 10000,
    ""price_per_share"": 50.25,
    ""total"
CSCO,2024-11-15,Subaiya Thimaya K.,S - Sale,1000.0,50.25,50250.0,"```json
[
  {
    ""date"": ""2024-11-15"",
    ""insider_name"": ""Subaiya Thimaya K."",
    ""role"": ""Director"",
    ""transaction_type"": ""S - Sale"",
    ""shares"": 1000,
    ""price_per_share"": 50.25,
    ""tot"
CSCO,2024-12-20,Subaiya Thimaya K.,P - Purchase,500.0,48.75,24375.0,"```json
[
  {
    ""date"": ""2024-11-15"",
    ""insider_name"": ""Subaiya Thimaya K."",
    ""role"": ""Director"",
    ""transaction_type"": ""S - Sale"",
    ""shares"": 1000,
    ""price_per_share"": 50.25,
    ""tot"
CSCO,2025-02-10,Subaiya Thimaya K.,S - Sale+OE,1500.0,52.5,78750.0,"```json
[
  {
    ""date"": ""2024-11-15"",
    ""insider_name"": ""Subaiya Thimaya K."",
    ""role"": ""Director"",
    ""transaction_type"": ""S - Sale"",
    ""shares"": 1000,
    ""price_per_share"": 50.25,
    ""tot"
CSCO,2025-03-22,Subaiya Thimaya K.,P - Purchase,300.0,51.0,15300.0,"```json
[
  {
    ""date"": ""2024-11-15"",
    ""insider_name"": ""Subaiya Thimaya K."",
    ""role"": ""Director"",
    ""transaction_type"": ""S - Sale"",
    ""shares"": 1000,
    ""price_per_share"": 50.25,
    ""tot"
CSCO,2025-05-15,Subaiya Thimaya K.,S - Sale,800.0,53.25,42600.0,"```json
[
  {
    ""date"": ""2024-11-15"",
    ""insider_name"": ""Subaiya Thimaya K."",
    ""role"": ""Director"",
    ""transaction_type"": ""S - Sale"",
    ""shares"": 1000,
    ""price_per_share"": 50.25,
    ""tot"
CSCO,2024-11-15,Wong Maria Victoria,S - Sale,5000.0,50.25,251250.0,"```json
[
  {
    ""date"": ""2024-11-15"",
    ""insider_name"": ""Wong Maria Victoria"",
    ""role"": ""Director"",
    ""transaction_type"": ""S - Sale"",
    ""shares"": 5000,
    ""price_per_share"": 50.25,
    ""to"
CSCO,2024-12-20,Wong Maria Victoria,P - Purchase,2000.0,48.75,97500.0,"```json
[
  {
    ""date"": ""2024-11-15"",
    ""insider_name"": ""Wong Maria Victoria"",
    ""role"": ""Director"",
    ""transaction_type"": ""S - Sale"",
    ""shares"": 5000,
    ""price_per_share"": 50.25,
    ""to"
CSCO,2025-02-10,Wong Maria Victoria,S - Sale+OE,3000.0,52.5,157500.0,"```json
[
  {
    ""date"": ""2024-11-15"",
    ""insider_name"": ""Wong Maria Victoria"",
    ""role"": ""Director"",
    ""transaction_type"": ""S - Sale"",
    ""shares"": 5000,
    ""price_per_share"": 50.25,
    ""to"
CSCO,2025-03-15,Wong Maria Victoria,P - Purchase,1000.0,51.0,51000.0,"```json
[
  {
    ""date"": ""2024-11-15"",
    ""insider_name"": ""Wong Maria Victoria"",
    ""role"": ""Director"",
    ""transaction_type"": ""S - Sale"",
    ""shares"": 5000,
    ""price_per_share"": 50.25,
    ""to"
CSCO,2025-05-22,Wong Maria Victoria,S - Sale,4000.0,53.25,213000.0,"```json
[
  {
    ""date"": ""2024-11-15"",
    ""insider_name"": ""Wong Maria Victoria"",
    ""role"": ""Director"",
    ""transaction_type"": ""S - Sale"",
    ""shares"": 5000,
    ""price_per_share"": 50.25,
    ""to"
CSCO,2024-11-15,Johnson Kristina M,S - Sale,1000.0,50.25,50250.0,"```json
[
  {
    ""date"": ""2024-11-15"",
    ""insider_name"": ""Johnson Kristina M"",
    ""role"": ""Director"",
    ""transaction_type"": ""S - Sale"",
    ""shares"": 1000,
    ""price_per_share"": 50.25,
    ""tot"
CSCO,2024-12-20,Johnson Kristina M,P - Purchase,500.0,48.75,24375.0,"```json
[
  {
    ""date"": ""2024-11-15"",
    ""insider_name"": ""Johnson Kristina M"",
    ""role"": ""Director"",
    ""transaction_type"": ""S - Sale"",
    ""shares"": 1000,
    ""price_per_share"": 50.25,
    ""tot"
CSCO,2025-02-10,Johnson Kristina M,S - Sale+OE,1500.0,52.0,78000.0,"```json
[
  {
    ""date"": ""2024-11-15"",
    ""insider_name"": ""Johnson Kristina M"",
    ""role"": ""Director"",
    ""transaction_type"": ""S - Sale"",
    ""shares"": 1000,
    ""price_per_share"": 50.25,
    ""tot"
CSCO,2025-03-15,Johnson Kristina M,P - Purchase,300.0,51.5,15450.0,"```json
[
  {
    ""date"": ""2024-11-15"",
    ""insider_name"": ""Johnson Kristina M"",
    ""role"": ""Director"",
    ""transaction_type"": ""S - Sale"",
    ""shares"": 1000,
    ""price_per_share"": 50.25,
    ""tot"
CSCO,2025-05-22,Johnson Kristina M,S - Sale,800.0,53.25,42600.0,"```json
[
  {
    ""date"": ""2024-11-15"",
    ""insider_name"": ""Johnson Kristina M"",
    ""role"": ""Director"",
    ""transaction_type"": ""S - Sale"",
    ""shares"": 1000,
    ""price_per_share"": 50.25,
    ""tot"
CSCO,2024-11-15,Patel Jeetendra I,S - Sale,1000.0,50.25,50250.0,"```json
[
  {
    ""date"": ""2024-11-15"",
    ""insider_name"": ""Patel Jeetendra I"",
    ""role"": ""Director"",
    ""transaction_type"": ""S - Sale"",
    ""shares"": 1000,
    ""price_per_share"": 50.25,
    ""tota"
CSCO,2024-12-20,Patel Jeetendra I,P - Purchase,500.0,48.75,24375.0,"```json
[
  {
    ""date"": ""2024-11-15"",
    ""insider_name"": ""Patel Jeetendra I"",
    ""role"": ""Director"",
    ""transaction_type"": ""S - Sale"",
    ""shares"": 1000,
    ""price_per_share"": 50.25,
    ""tota"
CSCO,2025-01-10,Patel Jeetendra I,S - Sale+OE,1500.0,52.0,78000.0,"```json
[
  {
    ""date"": ""2024-11-15"",
    ""insider_name"": ""Patel Jeetendra I"",
    ""role"": ""Director"",
    ""transaction_type"": ""S - Sale"",
    ""shares"": 1000,
    ""price_per_share"": 50.25,
    ""tota"
CSCO,2025-03-05,Patel Jeetendra I,P - Purchase,300.0,51.5,15450.0,"```json
[
  {
    ""date"": ""2024-11-15"",
    ""insider_name"": ""Patel Jeetendra I"",
    ""role"": ""Director"",
    ""transaction_type"": ""S - Sale"",
    ""shares"": 1000,
    ""price_per_share"": 50.25,
    ""tota"
CSCO,2025-05-22,Patel Jeetendra I,S - Sale,800.0,53.25,42600.0,"```json
[
  {
    ""date"": ""2024-11-15"",
    ""insider_name"": ""Patel Jeetendra I"",
    ""role"": ""Director"",
    ""transaction_type"": ""S - Sale"",
    ""shares"": 1000,
    ""price_per_share"": 50.25,
    ""tota"
CSCO,2024-11-15,Tuszik Oliver,S - Sale,1000.0,50.25,50250.0,"```json
[
  {
    ""date"": ""2024-11-15"",
    ""insider_name"": ""Tuszik Oliver"",
    ""role"": ""Director"",
    ""transaction_type"": ""S - Sale"",
    ""shares"": 1000,
    ""price_per_share"": 50.25,
    ""total_va"
CSCO,2024-12-20,Tuszik Oliver,P - Purchase,500.0,48.75,24375.0,"```json
[
  {
    ""date"": ""2024-11-15"",
    ""insider_name"": ""Tuszik Oliver"",
    ""role"": ""Director"",
    ""transaction_type"": ""S - Sale"",
    ""shares"": 1000,
    ""price_per_share"": 50.25,
    ""total_va"
CSCO,2025-02-10,Tuszik Oliver,S - Sale+OE,1500.0,52.0,78000.0,"```json
[
  {
    ""date"": ""2024-11-15"",
    ""insider_name"": ""Tuszik Oliver"",
    ""role"": ""Director"",
    ""transaction_type"": ""S - Sale"",
    ""shares"": 1000,
    ""price_per_share"": 50.25,
    ""total_va"
CSCO,2025-03-15,Tuszik Oliver,P - Purchase,300.0,51.5,15450.0,"```json
[
  {
    ""date"": ""2024-11-15"",
    ""insider_name"": ""Tuszik Oliver"",
    ""role"": ""Director"",
    ""transaction_type"": ""S - Sale"",
    ""shares"": 1000,
    ""price_per_share"": 50.25,
    ""total_va"
CSCO,2025-05-22,Tuszik Oliver,S - Sale,800.0,53.25,42600.0,"```json
[
  {
    ""date"": ""2024-11-15"",
    ""insider_name"": ""Tuszik Oliver"",
    ""role"": ""Director"",
    ""transaction_type"": ""S - Sale"",
    ""shares"": 1000,
    ""price_per_share"": 50.25,
    ""total_va"
DELL,2024-11-15,Vojvodich Radakovich Lynn,S - Sale,1000.0,50.25,50250.0,"```json
[
  {
    ""date"": ""2024-11-15"",
    ""insider_name"": ""Vojvodich Radakovich Lynn"",
    ""role"": ""Director"",
    ""transaction_type"": ""S - Sale"",
    ""shares"": 1000,
    ""price_per_share"": 50.25,
 "
DELL,2024-12-20,Vojvodich Radakovich Lynn,P - Purchase,500.0,48.75,24375.0,"```json
[
  {
    ""date"": ""2024-11-15"",
    ""insider_name"": ""Vojvodich Radakovich Lynn"",
    ""role"": ""Director"",
    ""transaction_type"": ""S - Sale"",
    ""shares"": 1000,
    ""price_per_share"": 50.25,
 "
DELL,2025-02-10,Vojvodich Radakovich Lynn,S - Sale+OE,1500.0,52.5,78750.0,"```json
[
  {
    ""date"": ""2024-11-15"",
    ""insider_name"": ""Vojvodich Radakovich Lynn"",
    ""role"": ""Director"",
    ""transaction_type"": ""S - Sale"",
    ""shares"": 1000,
    ""price_per_share"": 50.25,
 "
DELL,2025-03-22,Vojvodich Radakovich Lynn,P - Purchase,300.0,51.0,15300.0,"```json
[
  {
    ""date"": ""2024-11-15"",
    ""insider_name"": ""Vojvodich Radakovich Lynn"",
    ""role"": ""Director"",
    ""transaction_type"": ""S - Sale"",
    ""shares"": 1000,
    ""price_per_share"": 50.25,
 "
DELL,2025-05-15,Vojvodich Radakovich Lynn,S - Sale,800.0,53.25,42600.0,"```json
[
  {
    ""date"": ""2024-11-15"",
    ""insider_name"": ""Vojvodich Radakovich Lynn"",
    ""role"": ""Director"",
    ""transaction_type"": ""S - Sale"",
    ""shares"": 1000,
    ""price_per_share"": 50.25,
 "
DELL,2024-11-15,McGill Yvonne,S - Sale,1000.0,50.25,50250.0,"```json
[
  {
    ""date"": ""2024-11-15"",
    ""insider_name"": ""McGill Yvonne"",
    ""role"": ""Director"",
    ""transaction_type"": ""S - Sale"",
    ""shares"": 1000,
    ""price_per_share"": 50.25,
    ""total_va"
DELL,2024-12-20,McGill Yvonne,P - Purchase,500.0,48.75,24375.0,"```json
[
  {
    ""date"": ""2024-11-15"",
    ""insider_name"": ""McGill Yvonne"",
    ""role"": ""Director"",
    ""transaction_type"": ""S - Sale"",
    ""shares"": 1000,
    ""price_per_share"": 50.25,
    ""total_va"
DELL,2025-01-10,McGill Yvonne,S - Sale+OE,1500.0,52.0,78000.0,"```json
[
  {
    ""date"": ""2024-11-15"",
    ""insider_name"": ""McGill Yvonne"",
    ""role"": ""Director"",
    ""transaction_type"": ""S - Sale"",
    ""shares"": 1000,
    ""price_per_share"": 50.25,
    ""total_va"
DELL,2025-03-05,McGill Yvonne,P - Purchase,300.0,55.5,16650.0,"```json
[
  {
    ""date"": ""2024-11-15"",
    ""insider_name"": ""McGill Yvonne"",
    ""role"": ""Director"",
    ""transaction_type"": ""S - Sale"",
    ""shares"": 1000,
    ""price_per_share"": 50.25,
    ""total_va"
DELL,2025-05-22,McGill Yvonne,S - Sale,800.0,57.25,45800.0,"```json
[
  {
    ""date"": ""2024-11-15"",
    ""insider_name"": ""McGill Yvonne"",
    ""role"": ""Director"",
    ""transaction_type"": ""S - Sale"",
    ""shares"": 1000,
    ""price_per_share"": 50.25,
    ""total_va"
DELL,2024-11-15,"Slta IV (Gp), L.L.C.",S - Sale,10000.0,50.25,502500.0,"```json
[
  {
    ""date"": ""2024-11-15"",
    ""insider_name"": ""Slta IV (Gp), L.L.C."",
    ""role"": ""Director"",
    ""transaction_type"": ""S - Sale"",
    ""shares"": 10000,
    ""price_per_share"": 50.25,
    """
DELL,2024-12-20,"Slta IV (Gp), L.L.C.",P - Purchase,5000.0,48.75,243750.0,"```json
[
  {
    ""date"": ""2024-11-15"",
    ""insider_name"": ""Slta IV (Gp), L.L.C."",
    ""role"": ""Director"",
    ""transaction_type"": ""S - Sale"",
    ""shares"": 10000,
    ""price_per_share"": 50.25,
    """
DELL,2025-01-10,"Slta IV (Gp), L.L.C.",S - Sale+OE,7500.0,52.0,390000.0,"```json
[
  {
    ""date"": ""2024-11-15"",
    ""insider_name"": ""Slta IV (Gp), L.L.C."",
    ""role"": ""Director"",
    ""transaction_type"": ""S - Sale"",
    ""shares"": 10000,
    ""price_per_share"": 50.25,
    """
DELL,2025-02-28,"Slta IV (Gp), L.L.C.",P - Purchase,3000.0,49.5,148500.0,"```json
[
  {
    ""date"": ""2024-11-15"",
    ""insider_name"": ""Slta IV (Gp), L.L.C."",
    ""role"": ""Director"",
    ""transaction_type"": ""S - Sale"",
    ""shares"": 10000,
    ""price_per_share"": 50.25,
    """
DELL,2025-03-15,"Slta IV (Gp), L.L.C.",S - Sale,6000.0,51.25,307500.0,"```json
[
  {
    ""date"": ""2024-11-15"",
    ""insider_name"": ""Slta IV (Gp), L.L.C."",
    ""role"": ""Director"",
    ""transaction_type"": ""S - Sale"",
    ""shares"": 10000,
    ""price_per_share"": 50.25,
    """
DELL,2025-04-30,"Slta IV (Gp), L.L.C.",P - Purchase,4000.0,50.75,203000.0,"```json
[
  {
    ""date"": ""2024-11-15"",
    ""insider_name"": ""Slta IV (Gp), L.L.C."",
    ""role"": ""Director"",
    ""transaction_type"": ""S - Sale"",
    ""shares"": 10000,
    ""price_per_share"": 50.25,
    """
DELL,2025-05-20,"Slta IV (Gp), L.L.C.",S - Sale+OE,8000.0,53.0,424000.0,"```json
[
  {
    ""date"": ""2024-11-15"",
    ""insider_name"": ""Slta IV (Gp), L.L.C."",
    ""role"": ""Director"",
    ""transaction_type"": ""S - Sale"",
    ""shares"": 10000,
    ""price_per_share"": 50.25,
    """
DELL,2024-11-15,"Slta V (Gp), L.L.C.",S - Sale,1000000.0,50.25,50250000.0,"```json
[
  {
    ""date"": ""2024-11-15"",
    ""insider_name"": ""Slta V (Gp), L.L.C."",
    ""role"": ""10% Owner"",
    ""transaction_type"": ""S - Sale"",
    ""shares"": 1000000,
    ""price_per_share"": 50.25,
   "
DELL,2024-12-20,"Slta V (Gp), L.L.C.",S - Sale,1500000.0,52.1,78150000.0,"```json
[
  {
    ""date"": ""2024-11-15"",
    ""insider_name"": ""Slta V (Gp), L.L.C."",
    ""role"": ""10% Owner"",
    ""transaction_type"": ""S - Sale"",
    ""shares"": 1000000,
    ""price_per_share"": 50.25,
   "
DELL,2025-01-10,"Slta V (Gp), L.L.C.",P - Purchase,2000000.0,48.75,97500000.0,"```json
[
  {
    ""date"": ""2024-11-15"",
    ""insider_name"": ""Slta V (Gp), L.L.C."",
    ""role"": ""10% Owner"",
    ""transaction_type"": ""S - Sale"",
    ""shares"": 1000000,
    ""price_per_share"": 50.25,
   "
DELL,2025-02-28,"Slta V (Gp), L.L.C.",S - Sale+OE,1200000.0,51.5,61800000.0,"```json
[
  {
    ""date"": ""2024-11-15"",
    ""insider_name"": ""Slta V (Gp), L.L.C."",
    ""role"": ""10% Owner"",
    ""transaction_type"": ""S - Sale"",
    ""shares"": 1000000,
    ""price_per_share"": 50.25,
   "
DELL,2025-03-15,"Slta V (Gp), L.L.C.",S - Sale,800000.0,53.2,42560000.0,"```json
[
  {
    ""date"": ""2024-11-15"",
    ""insider_name"": ""Slta V (Gp), L.L.C."",
    ""role"": ""10% Owner"",
    ""transaction_type"": ""S - Sale"",
    ""shares"": 1000000,
    ""price_per_share"": 50.25,
   "
DELL,2025-04-30,"Slta V (Gp), L.L.C.",P - Purchase,1800000.0,49.8,89640000.0,"```json
[
  {
    ""date"": ""2024-11-15"",
    ""insider_name"": ""Slta V (Gp), L.L.C."",
    ""role"": ""10% Owner"",
    ""transaction_type"": ""S - Sale"",
    ""shares"": 1000000,
    ""price_per_share"": 50.25,
   "
DELL,2025-05-20,"Slta V (Gp), L.L.C.",S - Sale,1300000.0,50.9,66170000.0,"```json
[
  {
    ""date"": ""2024-11-15"",
    ""insider_name"": ""Slta V (Gp), L.L.C."",
    ""role"": ""10% Owner"",
    ""transaction_type"": ""S - Sale"",
    ""shares"": 1000000,
    ""price_per_share"": 50.25,
   "
DELL,2024-11-15,Egon Durban,S - Sale,100000.0,50.25,5025000.0,"```json
[
  {
    ""date"": ""2024-11-15"",
    ""insider_name"": ""Egon Durban"",
    ""role"": ""Managing Partner"",
    ""transaction_type"": ""S - Sale"",
    ""shares"": 100000,
    ""price_per_share"": 50.25,
    """
DELL,2024-12-20,Egon Durban,P - Purchase,50000.0,48.75,2437500.0,"```json
[
  {
    ""date"": ""2024-11-15"",
    ""insider_name"": ""Egon Durban"",
    ""role"": ""Managing Partner"",
    ""transaction_type"": ""S - Sale"",
    ""shares"": 100000,
    ""price_per_share"": 50.25,
    """
DELL,2025-01-10,Greg Mondre,S - Sale,75000.0,52.1,3907500.0,"```json
[
  {
    ""date"": ""2024-11-15"",
    ""insider_name"": ""Egon Durban"",
    ""role"": ""Managing Partner"",
    ""transaction_type"": ""S - Sale"",
    ""shares"": 100000,
    ""price_per_share"": 50.25,
    """
DELL,2025-02-28,Egon Durban,S - Sale+OE,120000.0,51.5,6180000.0,"```json
[
  {
    ""date"": ""2024-11-15"",
    ""insider_name"": ""Egon Durban"",
    ""role"": ""Managing Partner"",
    ""transaction_type"": ""S - Sale"",
    ""shares"": 100000,
    ""price_per_share"": 50.25,
    """
DELL,2025-03-15,Greg Mondre,P - Purchase,60000.0,49.8,2988000.0,"```json
[
  {
    ""date"": ""2024-11-15"",
    ""insider_name"": ""Egon Durban"",
    ""role"": ""Managing Partner"",
    ""transaction_type"": ""S - Sale"",
    ""shares"": 100000,
    ""price_per_share"": 50.25,
    """
DELL,2025-04-22,Egon Durban,S - Sale,80000.0,53.3,4264000.0,"```json
[
  {
    ""date"": ""2024-11-15"",
    ""insider_name"": ""Egon Durban"",
    ""role"": ""Managing Partner"",
    ""transaction_type"": ""S - Sale"",
    ""shares"": 100000,
    ""price_per_share"": 50.25,
    """
DELL,2025-05-30,Greg Mondre,S - Sale+OE,90000.0,54.2,4878000.0,"```json
[
  {
    ""date"": ""2024-11-15"",
    ""insider_name"": ""Egon Durban"",
    ""role"": ""Managing Partner"",
    ""transaction_type"": ""S - Sale"",
    ""shares"": 100000,
    ""price_per_share"": 50.25,
    """
DELL,2024-11-15,Rios Brunilda,S - Sale,1000.0,50.25,50250.0,"```json
[
  {
    ""date"": ""2024-11-15"",
    ""insider_name"": ""Rios Brunilda"",
    ""role"": ""Director"",
    ""transaction_type"": ""S - Sale"",
    ""shares"": 1000,
    ""price_per_share"": 50.25,
    ""total_va"
DELL,2024-12-20,Rios Brunilda,P - Purchase,500.0,48.75,24375.0,"```json
[
  {
    ""date"": ""2024-11-15"",
    ""insider_name"": ""Rios Brunilda"",
    ""role"": ""Director"",
    ""transaction_type"": ""S - Sale"",
    ""shares"": 1000,
    ""price_per_share"": 50.25,
    ""total_va"
DELL,2025-01-10,Rios Brunilda,S - Sale+OE,750.0,52.0,39000.0,"```json
[
  {
    ""date"": ""2024-11-15"",
    ""insider_name"": ""Rios Brunilda"",
    ""role"": ""Director"",
    ""transaction_type"": ""S - Sale"",
    ""shares"": 1000,
    ""price_per_share"": 50.25,
    ""total_va"
DELL,2025-03-05,Rios Brunilda,P - Purchase,300.0,55.5,16650.0,"```json
[
  {
    ""date"": ""2024-11-15"",
    ""insider_name"": ""Rios Brunilda"",
    ""role"": ""Director"",
    ""transaction_type"": ""S - Sale"",
    ""shares"": 1000,
    ""price_per_share"": 50.25,
    ""total_va"
DELL,2025-05-22,Rios Brunilda,S - Sale,1200.0,58.0,69600.0,"```json
[
  {
    ""date"": ""2024-11-15"",
    ""insider_name"": ""Rios Brunilda"",
    ""role"": ""Director"",
    ""transaction_type"": ""S - Sale"",
    ""shares"": 1000,
    ""price_per_share"": 50.25,
    ""total_va"
EBAY,2024-11-15,Iannone Jamie,S - Sale,1000.0,50.25,50250.0,"```json
[
  {
    ""date"": ""2024-11-15"",
    ""insider_name"": ""Iannone Jamie"",
    ""role"": ""Director"",
    ""transaction_type"": ""S - Sale"",
    ""shares"": 1000,
    ""price_per_share"": 50.25,
    ""total_va"
EBAY,2024-12-20,Iannone Jamie,P - Purchase,500.0,48.75,24375.0,"```json
[
  {
    ""date"": ""2024-11-15"",
    ""insider_name"": ""Iannone Jamie"",
    ""role"": ""Director"",
    ""transaction_type"": ""S - Sale"",
    ""shares"": 1000,
    ""price_per_share"": 50.25,
    ""total_va"
EBAY,2025-01-10,Iannone Jamie,S - Sale+OE,1500.0,52.0,78000.0,"```json
[
  {
    ""date"": ""2024-11-15"",
    ""insider_name"": ""Iannone Jamie"",
    ""role"": ""Director"",
    ""transaction_type"": ""S - Sale"",
    ""shares"": 1000,
    ""price_per_share"": 50.25,
    ""total_va"
EBAY,2025-02-28,Iannone Jamie,P - Purchase,300.0,51.5,15450.0,"```json
[
  {
    ""date"": ""2024-11-15"",
    ""insider_name"": ""Iannone Jamie"",
    ""role"": ""Director"",
    ""transaction_type"": ""S - Sale"",
    ""shares"": 1000,
    ""price_per_share"": 50.25,
    ""total_va"
EBAY,2025-03-15,Iannone Jamie,S - Sale,800.0,53.25,42600.0,"```json
[
  {
    ""date"": ""2024-11-15"",
    ""insider_name"": ""Iannone Jamie"",
    ""role"": ""Director"",
    ""transaction_type"": ""S - Sale"",
    ""shares"": 1000,
    ""price_per_share"": 50.25,
    ""total_va"
EBAY,2025-04-30,Iannone Jamie,P - Purchase,200.0,50.75,10150.0,"```json
[
  {
    ""date"": ""2024-11-15"",
    ""insider_name"": ""Iannone Jamie"",
    ""role"": ""Director"",
    ""transaction_type"": ""S - Sale"",
    ""shares"": 1000,
    ""price_per_share"": 50.25,
    ""total_va"
EBAY,2025-05-20,Iannone Jamie,S - Sale+OE,1200.0,54.0,64800.0,"```json
[
  {
    ""date"": ""2024-11-15"",
    ""insider_name"": ""Iannone Jamie"",
    ""role"": ""Director"",
    ""transaction_type"": ""S - Sale"",
    ""shares"": 1000,
    ""price_per_share"": 50.25,
    ""total_va"
EBAY,2024-11-15,Garcia Edward O,S - Sale,1000.0,50.25,50250.0,"```json
[
  {
    ""date"": ""2024-11-15"",
    ""insider_name"": ""Garcia Edward O"",
    ""role"": ""Director"",
    ""transaction_type"": ""S - Sale"",
    ""shares"": 1000,
    ""price_per_share"": 50.25,
    ""total_"
EBAY,2024-12-20,Garcia Edward O,P - Purchase,500.0,48.75,24375.0,"```json
[
  {
    ""date"": ""2024-11-15"",
    ""insider_name"": ""Garcia Edward O"",
    ""role"": ""Director"",
    ""transaction_type"": ""S - Sale"",
    ""shares"": 1000,
    ""price_per_share"": 50.25,
    ""total_"
EBAY,2025-01-10,Garcia Edward O,S - Sale+OE,1500.0,52.0,78000.0,"```json
[
  {
    ""date"": ""2024-11-15"",
    ""insider_name"": ""Garcia Edward O"",
    ""role"": ""Director"",
    ""transaction_type"": ""S - Sale"",
    ""shares"": 1000,
    ""price_per_share"": 50.25,
    ""total_"
EBAY,2025-03-05,Garcia Edward O,P - Purchase,300.0,51.5,15450.0,"```json
[
  {
    ""date"": ""2024-11-15"",
    ""insider_name"": ""Garcia Edward O"",
    ""role"": ""Director"",
    ""transaction_type"": ""S - Sale"",
    ""shares"": 1000,
    ""price_per_share"": 50.25,
    ""total_"
EBAY,2025-05-22,Garcia Edward O,S - Sale,800.0,53.25,42600.0,"```json
[
  {
    ""date"": ""2024-11-15"",
    ""insider_name"": ""Garcia Edward O"",
    ""role"": ""Director"",
    ""transaction_type"": ""S - Sale"",
    ""shares"": 1000,
    ""price_per_share"": 50.25,
    ""total_"
EBAY,2024-11-15,Spencer Rebecca,S - Sale,1000.0,45.5,45500.0,"```json
[
  {
    ""date"": ""2024-11-15"",
    ""insider_name"": ""Spencer Rebecca"",
    ""role"": ""Director"",
    ""transaction_type"": ""S - Sale"",
    ""shares"": 1000,
    ""price_per_share"": 45.50,
    ""total_"
EBAY,2024-12-20,Spencer Rebecca,P - Purchase,500.0,42.75,21375.0,"```json
[
  {
    ""date"": ""2024-11-15"",
    ""insider_name"": ""Spencer Rebecca"",
    ""role"": ""Director"",
    ""transaction_type"": ""S - Sale"",
    ""shares"": 1000,
    ""price_per_share"": 45.50,
    ""total_"
EBAY,2025-01-10,Spencer Rebecca,S - Sale,750.0,44.2,33150.0,"```json
[
  {
    ""date"": ""2024-11-15"",
    ""insider_name"": ""Spencer Rebecca"",
    ""role"": ""Director"",
    ""transaction_type"": ""S - Sale"",
    ""shares"": 1000,
    ""price_per_share"": 45.50,
    ""total_"
EBAY,2025-02-28,Spencer Rebecca,S - Sale+OE,1200.0,46.8,56160.0,"```json
[
  {
    ""date"": ""2024-11-15"",
    ""insider_name"": ""Spencer Rebecca"",
    ""role"": ""Director"",
    ""transaction_type"": ""S - Sale"",
    ""shares"": 1000,
    ""price_per_share"": 45.50,
    ""total_"
EBAY,2025-03-15,Spencer Rebecca,P - Purchase,300.0,43.9,13170.0,"```json
[
  {
    ""date"": ""2024-11-15"",
    ""insider_name"": ""Spencer Rebecca"",
    ""role"": ""Director"",
    ""transaction_type"": ""S - Sale"",
    ""shares"": 1000,
    ""price_per_share"": 45.50,
    ""total_"
EBAY,2025-04-30,Spencer Rebecca,S - Sale,800.0,47.1,37680.0,"```json
[
  {
    ""date"": ""2024-11-15"",
    ""insider_name"": ""Spencer Rebecca"",
    ""role"": ""Director"",
    ""transaction_type"": ""S - Sale"",
    ""shares"": 1000,
    ""price_per_share"": 45.50,
    ""total_"
EBAY,2025-05-22,Spencer Rebecca,P - Purchase,600.0,45.3,27180.0,"```json
[
  {
    ""date"": ""2024-11-15"",
    ""insider_name"": ""Spencer Rebecca"",
    ""role"": ""Director"",
    ""transaction_type"": ""S - Sale"",
    ""shares"": 1000,
    ""price_per_share"": 45.50,
    ""total_"
EBAY,2024-11-15,Priest Stephen J,S - Sale,1000.0,45.5,45500.0,"```json
[
  {
    ""date"": ""2024-11-15"",
    ""insider_name"": ""Priest Stephen J"",
    ""role"": ""Director"",
    ""transaction_type"": ""S - Sale"",
    ""shares"": 1000,
    ""price_per_share"": 45.50,
    ""total"
EBAY,2024-12-20,Priest Stephen J,P - Purchase,500.0,42.75,21375.0,"```json
[
  {
    ""date"": ""2024-11-15"",
    ""insider_name"": ""Priest Stephen J"",
    ""role"": ""Director"",
    ""transaction_type"": ""S - Sale"",
    ""shares"": 1000,
    ""price_per_share"": 45.50,
    ""total"
EBAY,2025-02-10,Priest Stephen J,S - Sale+OE,750.0,47.2,35400.0,"```json
[
  {
    ""date"": ""2024-11-15"",
    ""insider_name"": ""Priest Stephen J"",
    ""role"": ""Director"",
    ""transaction_type"": ""S - Sale"",
    ""shares"": 1000,
    ""price_per_share"": 45.50,
    ""total"
EBAY,2025-03-15,Priest Stephen J,P - Purchase,300.0,44.0,13200.0,"```json
[
  {
    ""date"": ""2024-11-15"",
    ""insider_name"": ""Priest Stephen J"",
    ""role"": ""Director"",
    ""transaction_type"": ""S - Sale"",
    ""shares"": 1000,
    ""price_per_share"": 45.50,
    ""total"
EBAY,2025-05-22,Priest Stephen J,S - Sale,1200.0,48.5,58200.0,"```json
[
  {
    ""date"": ""2024-11-15"",
    ""insider_name"": ""Priest Stephen J"",
    ""role"": ""Director"",
    ""transaction_type"": ""S - Sale"",
    ""shares"": 1000,
    ""price_per_share"": 45.50,
    ""total"
EBAY,2024-11-15,Boone Cornelius,S - Sale,1000.0,45.5,45500.0,"```json
[
  {
    ""date"": ""2024-11-15"",
    ""insider_name"": ""Boone Cornelius"",
    ""role"": ""Director"",
    ""transaction_type"": ""S - Sale"",
    ""shares"": 1000,
    ""price_per_share"": 45.50,
    ""total_"
EBAY,2024-12-20,Boone Cornelius,P - Purchase,500.0,42.75,21375.0,"```json
[
  {
    ""date"": ""2024-11-15"",
    ""insider_name"": ""Boone Cornelius"",
    ""role"": ""Director"",
    ""transaction_type"": ""S - Sale"",
    ""shares"": 1000,
    ""price_per_share"": 45.50,
    ""total_"
EBAY,2025-02-10,Boone Cornelius,S - Sale+OE,1500.0,47.2,70800.0,"```json
[
  {
    ""date"": ""2024-11-15"",
    ""insider_name"": ""Boone Cornelius"",
    ""role"": ""Director"",
    ""transaction_type"": ""S - Sale"",
    ""shares"": 1000,
    ""price_per_share"": 45.50,
    ""total_"
EBAY,2025-03-15,Boone Cornelius,P - Purchase,300.0,44.0,13200.0,"```json
[
  {
    ""date"": ""2024-11-15"",
    ""insider_name"": ""Boone Cornelius"",
    ""role"": ""Director"",
    ""transaction_type"": ""S - Sale"",
    ""shares"": 1000,
    ""price_per_share"": 45.50,
    ""total_"
EBAY,2025-05-22,Boone Cornelius,S - Sale,800.0,48.5,38800.0,"```json
[
  {
    ""date"": ""2024-11-15"",
    ""insider_name"": ""Boone Cornelius"",
    ""role"": ""Director"",
    ""transaction_type"": ""S - Sale"",
    ""shares"": 1000,
    ""price_per_share"": 45.50,
    ""total_"
EBAY,2024-11-15,Loeger Julie A,S - Sale,1000.0,50.25,50250.0,"```json
[
  {
    ""date"": ""2024-11-15"",
    ""insider_name"": ""Loeger Julie A"",
    ""role"": ""Director"",
    ""transaction_type"": ""S - Sale"",
    ""shares"": 1000,
    ""price_per_share"": 50.25,
    ""total_v"
EBAY,2024-12-20,Loeger Julie A,P - Purchase,500.0,48.75,24375.0,"```json
[
  {
    ""date"": ""2024-11-15"",
    ""insider_name"": ""Loeger Julie A"",
    ""role"": ""Director"",
    ""transaction_type"": ""S - Sale"",
    ""shares"": 1000,
    ""price_per_share"": 50.25,
    ""total_v"
EBAY,2025-01-10,Loeger Julie A,S - Sale,750.0,49.5,37125.0,"```json
[
  {
    ""date"": ""2024-11-15"",
    ""insider_name"": ""Loeger Julie A"",
    ""role"": ""Director"",
    ""transaction_type"": ""S - Sale"",
    ""shares"": 1000,
    ""price_per_share"": 50.25,
    ""total_v"
EBAY,2025-02-28,Loeger Julie A,S - Sale+OE,1200.0,51.0,61200.0,"```json
[
  {
    ""date"": ""2024-11-15"",
    ""insider_name"": ""Loeger Julie A"",
    ""role"": ""Director"",
    ""transaction_type"": ""S - Sale"",
    ""shares"": 1000,
    ""price_per_share"": 50.25,
    ""total_v"
EBAY,2025-03-15,Loeger Julie A,P - Purchase,300.0,50.75,15225.0,"```json
[
  {
    ""date"": ""2024-11-15"",
    ""insider_name"": ""Loeger Julie A"",
    ""role"": ""Director"",
    ""transaction_type"": ""S - Sale"",
    ""shares"": 1000,
    ""price_per_share"": 50.25,
    ""total_v"
EBAY,2025-04-30,Loeger Julie A,S - Sale,800.0,52.25,41800.0,"```json
[
  {
    ""date"": ""2024-11-15"",
    ""insider_name"": ""Loeger Julie A"",
    ""role"": ""Director"",
    ""transaction_type"": ""S - Sale"",
    ""shares"": 1000,
    ""price_per_share"": 50.25,
    ""total_v"
EBAY,2025-05-20,Loeger Julie A,P - Purchase,400.0,51.5,20600.0,"```json
[
  {
    ""date"": ""2024-11-15"",
    ""insider_name"": ""Loeger Julie A"",
    ""role"": ""Director"",
    ""transaction_type"": ""S - Sale"",
    ""shares"": 1000,
    ""price_per_share"": 50.25,
    ""total_v"
GOOGL,2024-11-15,Shriram Kavitark Ram,S - Sale,1000.0,175.5,175500.0,"```json
[
  {
    ""date"": ""2024-11-15"",
    ""insider_name"": ""Shriram Kavitark Ram"",
    ""role"": ""Director"",
    ""transaction_type"": ""S - Sale"",
    ""shares"": 1000,
    ""price_per_share"": 175.50,
    """
GOOGL,2024-12-20,Shriram Kavitark Ram,P - Purchase,500.0,168.25,84125.0,"```json
[
  {
    ""date"": ""2024-11-15"",
    ""insider_name"": ""Shriram Kavitark Ram"",
    ""role"": ""Director"",
    ""transaction_type"": ""S - Sale"",
    ""shares"": 1000,
    ""price_per_share"": 175.50,
    """
GOOGL,2025-02-10,Shriram Kavitark Ram,S - Sale+OE,750.0,182.75,137062.5,"```json
[
  {
    ""date"": ""2024-11-15"",
    ""insider_name"": ""Shriram Kavitark Ram"",
    ""role"": ""Director"",
    ""transaction_type"": ""S - Sale"",
    ""shares"": 1000,
    ""price_per_share"": 175.50,
    """
GOOGL,2025-03-15,Shriram Kavitark Ram,P - Purchase,300.0,179.5,53850.0,"```json
[
  {
    ""date"": ""2024-11-15"",
    ""insider_name"": ""Shriram Kavitark Ram"",
    ""role"": ""Director"",
    ""transaction_type"": ""S - Sale"",
    ""shares"": 1000,
    ""price_per_share"": 175.50,
    """
GOOGL,2025-05-22,Shriram Kavitark Ram,S - Sale,1200.0,185.0,222000.0,"```json
[
  {
    ""date"": ""2024-11-15"",
    ""insider_name"": ""Shriram Kavitark Ram"",
    ""role"": ""Director"",
    ""transaction_type"": ""S - Sale"",
    ""shares"": 1000,
    ""price_per_share"": 175.50,
    """
GOOGL,2024-11-15,Arnold Frances,S - Sale,1000.0,175.5,175500.0,"```json
[
  {
    ""date"": ""2024-11-15"",
    ""insider_name"": ""Arnold Frances"",
    ""role"": ""Director"",
    ""transaction_type"": ""S - Sale"",
    ""shares"": 1000,
    ""price_per_share"": 175.50,
    ""total_"
GOOGL,2024-12-20,Arnold Frances,P - Purchase,500.0,168.25,84125.0,"```json
[
  {
    ""date"": ""2024-11-15"",
    ""insider_name"": ""Arnold Frances"",
    ""role"": ""Director"",
    ""transaction_type"": ""S - Sale"",
    ""shares"": 1000,
    ""price_per_share"": 175.50,
    ""total_"
GOOGL,2025-02-10,Arnold Frances,S - Sale+OE,750.0,182.75,137062.5,"```json
[
  {
    ""date"": ""2024-11-15"",
    ""insider_name"": ""Arnold Frances"",
    ""role"": ""Director"",
    ""transaction_type"": ""S - Sale"",
    ""shares"": 1000,
    ""price_per_share"": 175.50,
    ""total_"
GOOGL,2025-03-15,Arnold Frances,P - Purchase,300.0,179.5,53850.0,"```json
[
  {
    ""date"": ""2024-11-15"",
    ""insider_name"": ""Arnold Frances"",
    ""role"": ""Director"",
    ""transaction_type"": ""S - Sale"",
    ""shares"": 1000,
    ""price_per_share"": 175.50,
    ""total_"
GOOGL,2025-05-22,Arnold Frances,S - Sale,1200.0,190.0,228000.0,"```json
[
  {
    ""date"": ""2024-11-15"",
    ""insider_name"": ""Arnold Frances"",
    ""role"": ""Director"",
    ""transaction_type"": ""S - Sale"",
    ""shares"": 1000,
    ""price_per_share"": 175.50,
    ""total_"
GOOGL,2024-11-15,O'Toole Amie Thuener,S - Sale,1000.0,175.5,175500.0,"```json
[
  {
    ""date"": ""2024-11-15"",
    ""insider_name"": ""O'Toole Amie Thuener"",
    ""role"": ""Director"",
    ""transaction_type"": ""S - Sale"",
    ""shares"": 1000,
    ""price_per_share"": 175.50,
    """
GOOGL,2024-12-20,O'Toole Amie Thuener,P - Purchase,500.0,180.25,90125.0,"```json
[
  {
    ""date"": ""2024-11-15"",
    ""insider_name"": ""O'Toole Amie Thuener"",
    ""role"": ""Director"",
    ""transaction_type"": ""S - Sale"",
    ""shares"": 1000,
    ""price_per_share"": 175.50,
    """
GOOGL,2025-02-10,O'Toole Amie Thuener,S - Sale+OE,750.0,185.75,139312.5,"```json
[
  {
    ""date"": ""2024-11-15"",
    ""insider_name"": ""O'Toole Amie Thuener"",
    ""role"": ""Director"",
    ""transaction_type"": ""S - Sale"",
    ""shares"": 1000,
    ""price_per_share"": 175.50,
    """
GOOGL,2025-03-22,O'Toole Amie Thuener,P - Purchase,300.0,190.5,57150.0,"```json
[
  {
    ""date"": ""2024-11-15"",
    ""insider_name"": ""O'Toole Amie Thuener"",
    ""role"": ""Director"",
    ""transaction_type"": ""S - Sale"",
    ""shares"": 1000,
    ""price_per_share"": 175.50,
    """
GOOGL,2025-05-15,O'Toole Amie Thuener,S - Sale,1200.0,195.25,234300.0,"```json
[
  {
    ""date"": ""2024-11-15"",
    ""insider_name"": ""O'Toole Amie Thuener"",
    ""role"": ""Director"",
    ""transaction_type"": ""S - Sale"",
    ""shares"": 1000,
    ""price_per_share"": 175.50,
    """
GOOGL,2024-11-15,Pichai Sundar,S - Sale,1000.0,175.5,175500.0,"```json
[
  {
    ""date"": ""2024-11-15"",
    ""insider_name"": ""Pichai Sundar"",
    ""role"": ""CEO"",
    ""transaction_type"": ""S - Sale"",
    ""shares"": 1000,
    ""price_per_share"": 175.50,
    ""total_value"""
GOOGL,2024-12-10,Pichai Sundar,S - Sale,1500.0,180.25,270375.0,"```json
[
  {
    ""date"": ""2024-11-15"",
    ""insider_name"": ""Pichai Sundar"",
    ""role"": ""CEO"",
    ""transaction_type"": ""S - Sale"",
    ""shares"": 1000,
    ""price_per_share"": 175.50,
    ""total_value"""
GOOGL,2025-01-20,Pichai Sundar,P - Purchase,500.0,170.75,85375.0,"```json
[
  {
    ""date"": ""2024-11-15"",
    ""insider_name"": ""Pichai Sundar"",
    ""role"": ""CEO"",
    ""transaction_type"": ""S - Sale"",
    ""shares"": 1000,
    ""price_per_share"": 175.50,
    ""total_value"""
GOOGL,2025-02-25,Pichai Sundar,S - Sale+OE,2000.0,185.0,370000.0,"```json
[
  {
    ""date"": ""2024-11-15"",
    ""insider_name"": ""Pichai Sundar"",
    ""role"": ""CEO"",
    ""transaction_type"": ""S - Sale"",
    ""shares"": 1000,
    ""price_per_share"": 175.50,
    ""total_value"""
GOOGL,2025-03-10,Pichai Sundar,S - Sale,1200.0,190.5,228600.0,"```json
[
  {
    ""date"": ""2024-11-15"",
    ""insider_name"": ""Pichai Sundar"",
    ""role"": ""CEO"",
    ""transaction_type"": ""S - Sale"",
    ""shares"": 1000,
    ""price_per_share"": 175.50,
    ""total_value"""
GOOGL,2025-04-15,Pichai Sundar,P - Purchase,800.0,195.25,156200.0,"```json
[
  {
    ""date"": ""2024-11-15"",
    ""insider_name"": ""Pichai Sundar"",
    ""role"": ""CEO"",
    ""transaction_type"": ""S - Sale"",
    ""shares"": 1000,
    ""price_per_share"": 175.50,
    ""total_value"""
GOOGL,2025-05-20,Pichai Sundar,S - Sale,1800.0,200.0,360000.0,"```json
[
  {
    ""date"": ""2024-11-15"",
    ""insider_name"": ""Pichai Sundar"",
    ""role"": ""CEO"",
    ""transaction_type"": ""S - Sale"",
    ""shares"": 1000,
    ""price_per_share"": 175.50,
    ""total_value"""
GOOGL,2024-11-15,Hennessy John L,S - Sale,1000.0,175.5,175500.0,"```json
[
  {
    ""date"": ""2024-11-15"",
    ""insider_name"": ""Hennessy John L"",
    ""role"": ""Director"",
    ""transaction_type"": ""S - Sale"",
    ""shares"": 1000,
    ""price_per_share"": 175.50,
    ""total"
GOOGL,2024-12-20,Hennessy John L,P - Purchase,500.0,168.25,84125.0,"```json
[
  {
    ""date"": ""2024-11-15"",
    ""insider_name"": ""Hennessy John L"",
    ""role"": ""Director"",
    ""transaction_type"": ""S - Sale"",
    ""shares"": 1000,
    ""price_per_share"": 175.50,
    ""total"
GOOGL,2025-02-10,Hennessy John L,S - Sale+OE,750.0,182.75,137062.5,"```json
[
  {
    ""date"": ""2024-11-15"",
    ""insider_name"": ""Hennessy John L"",
    ""role"": ""Director"",
    ""transaction_type"": ""S - Sale"",
    ""shares"": 1000,
    ""price_per_share"": 175.50,
    ""total"
GOOGL,2025-03-15,Hennessy John L,P - Purchase,300.0,179.5,53850.0,"```json
[
  {
    ""date"": ""2024-11-15"",
    ""insider_name"": ""Hennessy John L"",
    ""role"": ""Director"",
    ""transaction_type"": ""S - Sale"",
    ""shares"": 1000,
    ""price_per_share"": 175.50,
    ""total"
GOOGL,2025-05-22,Hennessy John L,S - Sale,1200.0,190.0,228000.0,"```json
[
  {
    ""date"": ""2024-11-15"",
    ""insider_name"": ""Hennessy John L"",
    ""role"": ""Director"",
    ""transaction_type"": ""S - Sale"",
    ""shares"": 1000,
    ""price_per_share"": 175.50,
    ""total"
GOOGL,2024-11-15,Walker John Kent,S - Sale,1000.0,175.5,175500.0,"```json
[
  {
    ""date"": ""2024-11-15"",
    ""insider_name"": ""Walker John Kent"",
    ""role"": ""Director"",
    ""transaction_type"": ""S - Sale"",
    ""shares"": 1000,
    ""price_per_share"": 175.50,
    ""tota"
GOOGL,2024-12-20,Walker John Kent,P - Purchase,500.0,168.25,84125.0,"```json
[
  {
    ""date"": ""2024-11-15"",
    ""insider_name"": ""Walker John Kent"",
    ""role"": ""Director"",
    ""transaction_type"": ""S - Sale"",
    ""shares"": 1000,
    ""price_per_share"": 175.50,
    ""tota"
GOOGL,2025-02-10,Walker John Kent,S - Sale+OE,750.0,182.75,137062.5,"```json
[
  {
    ""date"": ""2024-11-15"",
    ""insider_name"": ""Walker John Kent"",
    ""role"": ""Director"",
    ""transaction_type"": ""S - Sale"",
    ""shares"": 1000,
    ""price_per_share"": 175.50,
    ""tota"
GOOGL,2025-03-15,Walker John Kent,P - Purchase,300.0,179.5,53850.0,"```json
[
  {
    ""date"": ""2024-11-15"",
    ""insider_name"": ""Walker John Kent"",
    ""role"": ""Director"",
    ""transaction_type"": ""S - Sale"",
    ""shares"": 1000,
    ""price_per_share"": 175.50,
    ""tota"
GOOGL,2025-05-22,Walker John Kent,S - Sale,1200.0,190.0,228000.0,"```json
[
  {
    ""date"": ""2024-11-15"",
    ""insider_name"": ""Walker John Kent"",
    ""role"": ""Director"",
    ""transaction_type"": ""S - Sale"",
    ""shares"": 1000,
    ""price_per_share"": 175.50,
    ""tota"
GOOGL,2024-11-15,Porat Ruth,S - Sale,1000.0,175.5,175500.0,"```json
[
  {
    ""date"": ""2024-11-15"",
    ""insider_name"": ""Porat Ruth"",
    ""role"": ""CFO"",
    ""transaction_type"": ""S - Sale"",
    ""shares"": 1000,
    ""price_per_share"": 175.50,
    ""total_value"": 1"
GOOGL,2024-12-20,Porat Ruth,P - Purchase,500.0,168.25,84125.0,"```json
[
  {
    ""date"": ""2024-11-15"",
    ""insider_name"": ""Porat Ruth"",
    ""role"": ""CFO"",
    ""transaction_type"": ""S - Sale"",
    ""shares"": 1000,
    ""price_per_share"": 175.50,
    ""total_value"": 1"
GOOGL,2025-01-10,Porat Ruth,S - Sale,750.0,172.0,129000.0,"```json
[
  {
    ""date"": ""2024-11-15"",
    ""insider_name"": ""Porat Ruth"",
    ""role"": ""CFO"",
    ""transaction_type"": ""S - Sale"",
    ""shares"": 1000,
    ""price_per_share"": 175.50,
    ""total_value"": 1"
GOOGL,2025-02-28,Porat Ruth,S - Sale+OE,1200.0,178.75,214500.0,"```json
[
  {
    ""date"": ""2024-11-15"",
    ""insider_name"": ""Porat Ruth"",
    ""role"": ""CFO"",
    ""transaction_type"": ""S - Sale"",
    ""shares"": 1000,
    ""price_per_share"": 175.50,
    ""total_value"": 1"
GOOGL,2025-03-15,Porat Ruth,P - Purchase,300.0,180.5,54150.0,"```json
[
  {
    ""date"": ""2024-11-15"",
    ""insider_name"": ""Porat Ruth"",
    ""role"": ""CFO"",
    ""transaction_type"": ""S - Sale"",
    ""shares"": 1000,
    ""price_per_share"": 175.50,
    ""total_value"": 1"
GOOGL,2025-04-30,Porat Ruth,S - Sale,800.0,185.25,148200.0,"```json
[
  {
    ""date"": ""2024-11-15"",
    ""insider_name"": ""Porat Ruth"",
    ""role"": ""CFO"",
    ""transaction_type"": ""S - Sale"",
    ""shares"": 1000,
    ""price_per_share"": 175.50,
    ""total_value"": 1"
GOOGL,2025-05-20,Porat Ruth,S - Sale+OE,1500.0,182.0,273000.0,"```json
[
  {
    ""date"": ""2024-11-15"",
    ""insider_name"": ""Porat Ruth"",
    ""role"": ""CFO"",
    ""transaction_type"": ""S - Sale"",
    ""shares"": 1000,
    ""price_per_share"": 175.50,
    ""total_value"": 1"
GOOGL,2024-11-15,Hennessy John L.,S - Sale,1000.0,175.5,175500.0,"```json
[
  {
    ""date"": ""2024-11-15"",
    ""insider_name"": ""Hennessy John L."",
    ""role"": ""Director"",
    ""transaction_type"": ""S - Sale"",
    ""shares"": 1000,
    ""price_per_share"": 175.50,
    ""tota"
GOOGL,2024-12-20,Hennessy John L.,P - Purchase,500.0,168.25,84125.0,"```json
[
  {
    ""date"": ""2024-11-15"",
    ""insider_name"": ""Hennessy John L."",
    ""role"": ""Director"",
    ""transaction_type"": ""S - Sale"",
    ""shares"": 1000,
    ""price_per_share"": 175.50,
    ""tota"
GOOGL,2025-02-10,Hennessy John L.,S - Sale+OE,750.0,182.75,137062.5,"```json
[
  {
    ""date"": ""2024-11-15"",
    ""insider_name"": ""Hennessy John L."",
    ""role"": ""Director"",
    ""transaction_type"": ""S - Sale"",
    ""shares"": 1000,
    ""price_per_share"": 175.50,
    ""tota"
GOOGL,2025-03-15,Hennessy John L.,P - Purchase,300.0,179.5,53850.0,"```json
[
  {
    ""date"": ""2024-11-15"",
    ""insider_name"": ""Hennessy John L."",
    ""role"": ""Director"",
    ""transaction_type"": ""S - Sale"",
    ""shares"": 1000,
    ""price_per_share"": 175.50,
    ""tota"
GOOGL,2025-05-22,Hennessy John L.,S - Sale,1200.0,190.0,228000.0,"```json
[
  {
    ""date"": ""2024-11-15"",
    ""insider_name"": ""Hennessy John L."",
    ""role"": ""Director"",
    ""transaction_type"": ""S - Sale"",
    ""shares"": 1000,
    ""price_per_share"": 175.50,
    ""tota"
IBM,2024-11-15,Lamoreaux Nickle Jaclyn,S - Sale,1000.0,150.25,150250.0,"```json
[
  {
    ""date"": ""2024-11-15"",
    ""insider_name"": ""Lamoreaux Nickle Jaclyn"",
    ""role"": ""Director"",
    ""transaction_type"": ""S - Sale"",
    ""shares"": 1000,
    ""price_per_share"": 150.25,
  "
IBM,2025-01-20,Lamoreaux Nickle Jaclyn,P - Purchase,500.0,145.75,72875.0,"```json
[
  {
    ""date"": ""2024-11-15"",
    ""insider_name"": ""Lamoreaux Nickle Jaclyn"",
    ""role"": ""Director"",
    ""transaction_type"": ""S - Sale"",
    ""shares"": 1000,
    ""price_per_share"": 150.25,
  "
IBM,2025-03-10,Lamoreaux Nickle Jaclyn,S - Sale+OE,750.0,160.5,120375.0,"```json
[
  {
    ""date"": ""2024-11-15"",
    ""insider_name"": ""Lamoreaux Nickle Jaclyn"",
    ""role"": ""Director"",
    ""transaction_type"": ""S - Sale"",
    ""shares"": 1000,
    ""price_per_share"": 150.25,
  "
IBM,2025-05-05,Lamoreaux Nickle Jaclyn,P - Purchase,300.0,155.0,46500.0,"```json
[
  {
    ""date"": ""2024-11-15"",
    ""insider_name"": ""Lamoreaux Nickle Jaclyn"",
    ""role"": ""Director"",
    ""transaction_type"": ""S - Sale"",
    ""shares"": 1000,
    ""price_per_share"": 150.25,
  "
IBM,2024-11-15,Zollar Alfred W,S - Sale,5000.0,150.25,751250.0,"```json
[
  {
    ""date"": ""2024-11-15"",
    ""insider_name"": ""Zollar Alfred W"",
    ""role"": ""Director"",
    ""transaction_type"": ""S - Sale"",
    ""shares"": 5000,
    ""price_per_share"": 150.25,
    ""total"
IBM,2024-12-20,Zollar Alfred W,P - Purchase,2000.0,145.75,291500.0,"```json
[
  {
    ""date"": ""2024-11-15"",
    ""insider_name"": ""Zollar Alfred W"",
    ""role"": ""Director"",
    ""transaction_type"": ""S - Sale"",
    ""shares"": 5000,
    ""price_per_share"": 150.25,
    ""total"
IBM,2025-02-10,Zollar Alfred W,S - Sale+OE,3000.0,160.5,481500.0,"```json
[
  {
    ""date"": ""2024-11-15"",
    ""insider_name"": ""Zollar Alfred W"",
    ""role"": ""Director"",
    ""transaction_type"": ""S - Sale"",
    ""shares"": 5000,
    ""price_per_share"": 150.25,
    ""total"
IBM,2025-03-15,Zollar Alfred W,P - Purchase,1000.0,155.0,155000.0,"```json
[
  {
    ""date"": ""2024-11-15"",
    ""insider_name"": ""Zollar Alfred W"",
    ""role"": ""Director"",
    ""transaction_type"": ""S - Sale"",
    ""shares"": 5000,
    ""price_per_share"": 150.25,
    ""total"
IBM,2025-05-25,Zollar Alfred W,S - Sale,4000.0,165.25,661000.0,"```json
[
  {
    ""date"": ""2024-11-15"",
    ""insider_name"": ""Zollar Alfred W"",
    ""role"": ""Director"",
    ""transaction_type"": ""S - Sale"",
    ""shares"": 5000,
    ""price_per_share"": 150.25,
    ""total"
IBM,2024-11-15,Farr David N,S - Sale,5000.0,150.25,751250.0,"```json
[
  {
    ""date"": ""2024-11-15"",
    ""insider_name"": ""Farr David N"",
    ""role"": ""Director"",
    ""transaction_type"": ""S - Sale"",
    ""shares"": 5000,
    ""price_per_share"": 150.25,
    ""total_va"
IBM,2024-12-20,Farr David N,P - Purchase,2000.0,145.75,291500.0,"```json
[
  {
    ""date"": ""2024-11-15"",
    ""insider_name"": ""Farr David N"",
    ""role"": ""Director"",
    ""transaction_type"": ""S - Sale"",
    ""shares"": 5000,
    ""price_per_share"": 150.25,
    ""total_va"
IBM,2025-02-10,Farr David N,S - Sale+OE,3000.0,160.5,481500.0,"```json
[
  {
    ""date"": ""2024-11-15"",
    ""insider_name"": ""Farr David N"",
    ""role"": ""Director"",
    ""transaction_type"": ""S - Sale"",
    ""shares"": 5000,
    ""price_per_share"": 150.25,
    ""total_va"
IBM,2025-03-15,Farr David N,P - Purchase,1000.0,155.0,155000.0,"```json
[
  {
    ""date"": ""2024-11-15"",
    ""insider_name"": ""Farr David N"",
    ""role"": ""Director"",
    ""transaction_type"": ""S - Sale"",
    ""shares"": 5000,
    ""price_per_share"": 150.25,
    ""total_va"
IBM,2025-05-25,Farr David N,S - Sale,4000.0,165.25,661000.0,"```json
[
  {
    ""date"": ""2024-11-15"",
    ""insider_name"": ""Farr David N"",
    ""role"": ""Director"",
    ""transaction_type"": ""S - Sale"",
    ""shares"": 5000,
    ""price_per_share"": 150.25,
    ""total_va"
IBM,2024-11-15,Thomas Robert David,S - Sale,5000.0,150.25,751250.0,"```json
[
  {
    ""date"": ""2024-11-15"",
    ""insider_name"": ""Thomas Robert David"",
    ""role"": ""Director"",
    ""transaction_type"": ""S - Sale"",
    ""shares"": 5000,
    ""price_per_share"": 150.25,
    ""t"
IBM,2024-12-20,Thomas Robert David,P - Purchase,2000.0,145.75,291500.0,"```json
[
  {
    ""date"": ""2024-11-15"",
    ""insider_name"": ""Thomas Robert David"",
    ""role"": ""Director"",
    ""transaction_type"": ""S - Sale"",
    ""shares"": 5000,
    ""price_per_share"": 150.25,
    ""t"
IBM,2025-01-10,Thomas Robert David,S - Sale+OE,3000.0,152.5,457500.0,"```json
[
  {
    ""date"": ""2024-11-15"",
    ""insider_name"": ""Thomas Robert David"",
    ""role"": ""Director"",
    ""transaction_type"": ""S - Sale"",
    ""shares"": 5000,
    ""price_per_share"": 150.25,
    ""t"
IBM,2025-03-05,Thomas Robert David,P - Purchase,1000.0,148.0,148000.0,"```json
[
  {
    ""date"": ""2024-11-15"",
    ""insider_name"": ""Thomas Robert David"",
    ""role"": ""Director"",
    ""transaction_type"": ""S - Sale"",
    ""shares"": 5000,
    ""price_per_share"": 150.25,
    ""t"
IBM,2025-05-22,Thomas Robert David,S - Sale,4000.0,155.0,620000.0,"```json
[
  {
    ""date"": ""2024-11-15"",
    ""insider_name"": ""Thomas Robert David"",
    ""role"": ""Director"",
    ""transaction_type"": ""S - Sale"",
    ""shares"": 5000,
    ""price_per_share"": 150.25,
    ""t"
INTC,2024-11-15,Gelsinger Patrick P,S - Sale,10000.0,50.25,502500.0,"```json
[
  {
    ""date"": ""2024-11-15"",
    ""insider_name"": ""Gelsinger Patrick P"",
    ""role"": ""CEO"",
    ""transaction_type"": ""S - Sale"",
    ""shares"": 10000,
    ""price_per_share"": 50.25,
    ""total_"
INTC,2024-12-20,Gelsinger Patrick P,P - Purchase,5000.0,48.75,243750.0,"```json
[
  {
    ""date"": ""2024-11-15"",
    ""insider_name"": ""Gelsinger Patrick P"",
    ""role"": ""CEO"",
    ""transaction_type"": ""S - Sale"",
    ""shares"": 10000,
    ""price_per_share"": 50.25,
    ""total_"
INTC,2025-01-10,Gelsinger Patrick P,S - Sale+OE,15000.0,52.5,787500.0,"```json
[
  {
    ""date"": ""2024-11-15"",
    ""insider_name"": ""Gelsinger Patrick P"",
    ""role"": ""CEO"",
    ""transaction_type"": ""S - Sale"",
    ""shares"": 10000,
    ""price_per_share"": 50.25,
    ""total_"
INTC,2025-02-28,Gelsinger Patrick P,P - Purchase,3000.0,55.0,165000.0,"```json
[
  {
    ""date"": ""2024-11-15"",
    ""insider_name"": ""Gelsinger Patrick P"",
    ""role"": ""CEO"",
    ""transaction_type"": ""S - Sale"",
    ""shares"": 10000,
    ""price_per_share"": 50.25,
    ""total_"
INTC,2025-03-15,Gelsinger Patrick P,S - Sale,8000.0,57.25,458000.0,"```json
[
  {
    ""date"": ""2024-11-15"",
    ""insider_name"": ""Gelsinger Patrick P"",
    ""role"": ""CEO"",
    ""transaction_type"": ""S - Sale"",
    ""shares"": 10000,
    ""price_per_share"": 50.25,
    ""total_"
INTC,2025-04-30,Gelsinger Patrick P,P - Purchase,2000.0,60.0,120000.0,"```json
[
  {
    ""date"": ""2024-11-15"",
    ""insider_name"": ""Gelsinger Patrick P"",
    ""role"": ""CEO"",
    ""transaction_type"": ""S - Sale"",
    ""shares"": 10000,
    ""price_per_share"": 50.25,
    ""total_"
INTC,2025-05-20,Gelsinger Patrick P,S - Sale+OE,12000.0,62.5,750000.0,"```json
[
  {
    ""date"": ""2024-11-15"",
    ""insider_name"": ""Gelsinger Patrick P"",
    ""role"": ""CEO"",
    ""transaction_type"": ""S - Sale"",
    ""shares"": 10000,
    ""price_per_share"": 50.25,
    ""total_"
INTC,2024-11-15,Holthaus Michelle Johnston,S - Sale,5000.0,50.25,251250.0,"```json
[
  {
    ""date"": ""2024-11-15"",
    ""insider_name"": ""Holthaus Michelle Johnston"",
    ""role"": ""Director"",
    ""transaction_type"": ""S - Sale"",
    ""shares"": 5000,
    ""price_per_share"": 50.25,
"
INTC,2024-12-20,Holthaus Michelle Johnston,P - Purchase,2000.0,48.75,97500.0,"```json
[
  {
    ""date"": ""2024-11-15"",
    ""insider_name"": ""Holthaus Michelle Johnston"",
    ""role"": ""Director"",
    ""transaction_type"": ""S - Sale"",
    ""shares"": 5000,
    ""price_per_share"": 50.25,
"
INTC,2025-02-10,Holthaus Michelle Johnston,S - Sale+OE,3000.0,52.5,157500.0,"```json
[
  {
    ""date"": ""2024-11-15"",
    ""insider_name"": ""Holthaus Michelle Johnston"",
    ""role"": ""Director"",
    ""transaction_type"": ""S - Sale"",
    ""shares"": 5000,
    ""price_per_share"": 50.25,
"
INTC,2025-03-15,Holthaus Michelle Johnston,P - Purchase,1000.0,51.25,51250.0,"```json
[
  {
    ""date"": ""2024-11-15"",
    ""insider_name"": ""Holthaus Michelle Johnston"",
    ""role"": ""Director"",
    ""transaction_type"": ""S - Sale"",
    ""shares"": 5000,
    ""price_per_share"": 50.25,
"
INTC,2025-05-22,Holthaus Michelle Johnston,S - Sale,4000.0,53.75,215000.0,"```json
[
  {
    ""date"": ""2024-11-15"",
    ""insider_name"": ""Holthaus Michelle Johnston"",
    ""role"": ""Director"",
    ""transaction_type"": ""S - Sale"",
    ""shares"": 5000,
    ""price_per_share"": 50.25,
"
LRCX,2024-11-15,Mayer Bethany,S - Sale,1000.0,500.25,500250.0,"```json
[
  {
    ""date"": ""2024-11-15"",
    ""insider_name"": ""Mayer Bethany"",
    ""role"": ""Director"",
    ""transaction_type"": ""S - Sale"",
    ""shares"": 1000,
    ""price_per_share"": 500.25,
    ""total_v"
LRCX,2024-12-20,Mayer Bethany,P - Purchase,500.0,495.75,247875.0,"```json
[
  {
    ""date"": ""2024-11-15"",
    ""insider_name"": ""Mayer Bethany"",
    ""role"": ""Director"",
    ""transaction_type"": ""S - Sale"",
    ""shares"": 1000,
    ""price_per_share"": 500.25,
    ""total_v"
LRCX,2025-01-10,Mayer Bethany,S - Sale+OE,750.0,510.5,382875.0,"```json
[
  {
    ""date"": ""2024-11-15"",
    ""insider_name"": ""Mayer Bethany"",
    ""role"": ""Director"",
    ""transaction_type"": ""S - Sale"",
    ""shares"": 1000,
    ""price_per_share"": 500.25,
    ""total_v"
LRCX,2025-03-05,Mayer Bethany,P - Purchase,300.0,505.0,151500.0,"```json
[
  {
    ""date"": ""2024-11-15"",
    ""insider_name"": ""Mayer Bethany"",
    ""role"": ""Director"",
    ""transaction_type"": ""S - Sale"",
    ""shares"": 1000,
    ""price_per_share"": 500.25,
    ""total_v"
LRCX,2025-05-22,Mayer Bethany,S - Sale,1200.0,520.75,624900.0,"```json
[
  {
    ""date"": ""2024-11-15"",
    ""insider_name"": ""Mayer Bethany"",
    ""role"": ""Director"",
    ""transaction_type"": ""S - Sale"",
    ""shares"": 1000,
    ""price_per_share"": 500.25,
    ""total_v"
LRCX,2024-11-15,Varadarajan Seshasayee,S - Sale,10000.0,500.25,5002500.0,"```json
[
  {
    ""date"": ""2024-11-15"",
    ""insider_name"": ""Varadarajan Seshasayee"",
    ""role"": ""Director"",
    ""transaction_type"": ""S - Sale"",
    ""shares"": 10000,
    ""price_per_share"": 500.25,
  "
LRCX,2024-12-20,Varadarajan Seshasayee,P - Purchase,5000.0,495.75,2478750.0,"```json
[
  {
    ""date"": ""2024-11-15"",
    ""insider_name"": ""Varadarajan Seshasayee"",
    ""role"": ""Director"",
    ""transaction_type"": ""S - Sale"",
    ""shares"": 10000,
    ""price_per_share"": 500.25,
  "
LRCX,2025-01-10,Varadarajan Seshasayee,S - Sale+OE,7500.0,510.5,3828750.0,"```json
[
  {
    ""date"": ""2024-11-15"",
    ""insider_name"": ""Varadarajan Seshasayee"",
    ""role"": ""Director"",
    ""transaction_type"": ""S - Sale"",
    ""shares"": 10000,
    ""price_per_share"": 500.25,
  "
LRCX,2025-02-28,Varadarajan Seshasayee,P - Purchase,3000.0,505.0,1515000.0,"```json
[
  {
    ""date"": ""2024-11-15"",
    ""insider_name"": ""Varadarajan Seshasayee"",
    ""role"": ""Director"",
    ""transaction_type"": ""S - Sale"",
    ""shares"": 10000,
    ""price_per_share"": 500.25,
  "
LRCX,2025-03-15,Varadarajan Seshasayee,S - Sale,12000.0,520.0,6240000.0,"```json
[
  {
    ""date"": ""2024-11-15"",
    ""insider_name"": ""Varadarajan Seshasayee"",
    ""role"": ""Director"",
    ""transaction_type"": ""S - Sale"",
    ""shares"": 10000,
    ""price_per_share"": 500.25,
  "
LRCX,2025-04-22,Varadarajan Seshasayee,P - Purchase,6000.0,515.25,3091500.0,"```json
[
  {
    ""date"": ""2024-11-15"",
    ""insider_name"": ""Varadarajan Seshasayee"",
    ""role"": ""Director"",
    ""transaction_type"": ""S - Sale"",
    ""shares"": 10000,
    ""price_per_share"": 500.25,
  "
LRCX,2025-05-30,Varadarajan Seshasayee,S - Sale+OE,8000.0,530.75,4246000.0,"```json
[
  {
    ""date"": ""2024-11-15"",
    ""insider_name"": ""Varadarajan Seshasayee"",
    ""role"": ""Director"",
    ""transaction_type"": ""S - Sale"",
    ""shares"": 10000,
    ""price_per_share"": 500.25,
  "
META,2024-11-15,Zuckerberg Mark,S - Sale,100000.0,450.25,45025000.0,"```json
[
  {
    ""date"": ""2024-11-15"",
    ""insider_name"": ""Zuckerberg Mark"",
    ""role"": ""Director"",
    ""transaction_type"": ""S - Sale"",
    ""shares"": 100000,
    ""price_per_share"": 450.25,
    ""tot"
META,2024-12-20,Zuckerberg Mark,S - Sale,50000.0,460.5,23025000.0,"```json
[
  {
    ""date"": ""2024-11-15"",
    ""insider_name"": ""Zuckerberg Mark"",
    ""role"": ""Director"",
    ""transaction_type"": ""S - Sale"",
    ""shares"": 100000,
    ""price_per_share"": 450.25,
    ""tot"
META,2025-01-10,Zuckerberg Mark,P - Purchase,20000.0,470.75,9415000.0,"```json
[
  {
    ""date"": ""2024-11-15"",
    ""insider_name"": ""Zuckerberg Mark"",
    ""role"": ""Director"",
    ""transaction_type"": ""S - Sale"",
    ""shares"": 100000,
    ""price_per_share"": 450.25,
    ""tot"
META,2025-02-28,Zuckerberg Mark,S - Sale+OE,75000.0,480.0,36000000.0,"```json
[
  {
    ""date"": ""2024-11-15"",
    ""insider_name"": ""Zuckerberg Mark"",
    ""role"": ""Director"",
    ""transaction_type"": ""S - Sale"",
    ""shares"": 100000,
    ""price_per_share"": 450.25,
    ""tot"
META,2025-03-15,Zuckerberg Mark,S - Sale,30000.0,490.25,14707500.0,"```json
[
  {
    ""date"": ""2024-11-15"",
    ""insider_name"": ""Zuckerberg Mark"",
    ""role"": ""Director"",
    ""transaction_type"": ""S - Sale"",
    ""shares"": 100000,
    ""price_per_share"": 450.25,
    ""tot"
META,2025-04-30,Zuckerberg Mark,P - Purchase,10000.0,500.5,5005000.0,"```json
[
  {
    ""date"": ""2024-11-15"",
    ""insider_name"": ""Zuckerberg Mark"",
    ""role"": ""Director"",
    ""transaction_type"": ""S - Sale"",
    ""shares"": 100000,
    ""price_per_share"": 450.25,
    ""tot"
META,2025-05-20,Zuckerberg Mark,S - Sale,50000.0,510.75,25537500.0,"```json
[
  {
    ""date"": ""2024-11-15"",
    ""insider_name"": ""Zuckerberg Mark"",
    ""role"": ""Director"",
    ""transaction_type"": ""S - Sale"",
    ""shares"": 100000,
    ""price_per_share"": 450.25,
    ""tot"
META,2024-11-15,Olivan Javier,S - Sale,1000.0,450.25,450250.0,"```json
[
  {
    ""date"": ""2024-11-15"",
    ""insider_name"": ""Olivan Javier"",
    ""role"": ""Director"",
    ""transaction_type"": ""S - Sale"",
    ""shares"": 1000,
    ""price_per_share"": 450.25,
    ""total_v"
META,2024-12-20,Olivan Javier,P - Purchase,500.0,420.5,210250.0,"```json
[
  {
    ""date"": ""2024-11-15"",
    ""insider_name"": ""Olivan Javier"",
    ""role"": ""Director"",
    ""transaction_type"": ""S - Sale"",
    ""shares"": 1000,
    ""price_per_share"": 450.25,
    ""total_v"
META,2025-01-10,Olivan Javier,S - Sale+OE,750.0,430.75,323062.5,"```json
[
  {
    ""date"": ""2024-11-15"",
    ""insider_name"": ""Olivan Javier"",
    ""role"": ""Director"",
    ""transaction_type"": ""S - Sale"",
    ""shares"": 1000,
    ""price_per_share"": 450.25,
    ""total_v"
META,2025-03-05,Olivan Javier,P - Purchase,300.0,400.0,120000.0,"```json
[
  {
    ""date"": ""2024-11-15"",
    ""insider_name"": ""Olivan Javier"",
    ""role"": ""Director"",
    ""transaction_type"": ""S - Sale"",
    ""shares"": 1000,
    ""price_per_share"": 450.25,
    ""total_v"
META,2025-05-22,Olivan Javier,S - Sale,1200.0,410.25,492300.0,"```json
[
  {
    ""date"": ""2024-11-15"",
    ""insider_name"": ""Olivan Javier"",
    ""role"": ""Director"",
    ""transaction_type"": ""S - Sale"",
    ""shares"": 1000,
    ""price_per_share"": 450.25,
    ""total_v"
META,2024-11-15,Newstead Jennifer,S - Sale,1000.0,500.25,500250.0,"```json
[
  {
    ""date"": ""2024-11-15"",
    ""insider_name"": ""Newstead Jennifer"",
    ""role"": ""Director"",
    ""transaction_type"": ""S - Sale"",
    ""shares"": 1000,
    ""price_per_share"": 500.25,
    ""tot"
META,2024-12-20,Newstead Jennifer,P - Purchase,500.0,495.75,247875.0,"```json
[
  {
    ""date"": ""2024-11-15"",
    ""insider_name"": ""Newstead Jennifer"",
    ""role"": ""Director"",
    ""transaction_type"": ""S - Sale"",
    ""shares"": 1000,
    ""price_per_share"": 500.25,
    ""tot"
META,2025-01-10,Newstead Jennifer,S - Sale+OE,750.0,510.5,382875.0,"```json
[
  {
    ""date"": ""2024-11-15"",
    ""insider_name"": ""Newstead Jennifer"",
    ""role"": ""Director"",
    ""transaction_type"": ""S - Sale"",
    ""shares"": 1000,
    ""price_per_share"": 500.25,
    ""tot"
META,2025-03-05,Newstead Jennifer,P - Purchase,300.0,520.0,156000.0,"```json
[
  {
    ""date"": ""2024-11-15"",
    ""insider_name"": ""Newstead Jennifer"",
    ""role"": ""Director"",
    ""transaction_type"": ""S - Sale"",
    ""shares"": 1000,
    ""price_per_share"": 500.25,
    ""tot"
META,2025-05-22,Newstead Jennifer,S - Sale,1200.0,530.25,636300.0,"```json
[
  {
    ""date"": ""2024-11-15"",
    ""insider_name"": ""Newstead Jennifer"",
    ""role"": ""Director"",
    ""transaction_type"": ""S - Sale"",
    ""shares"": 1000,
    ""price_per_share"": 500.25,
    ""tot"
META,2024-11-15,Clegg Nicholas,S - Sale,1000.0,450.25,450250.0,"```json
[
  {
    ""date"": ""2024-11-15"",
    ""insider_name"": ""Clegg Nicholas"",
    ""role"": ""Director"",
    ""transaction_type"": ""S - Sale"",
    ""shares"": 1000,
    ""price_per_share"": 450.25,
    ""total_"
META,2024-12-20,Clegg Nicholas,P - Purchase,500.0,420.5,210250.0,"```json
[
  {
    ""date"": ""2024-11-15"",
    ""insider_name"": ""Clegg Nicholas"",
    ""role"": ""Director"",
    ""transaction_type"": ""S - Sale"",
    ""shares"": 1000,
    ""price_per_share"": 450.25,
    ""total_"
META,2025-01-10,Clegg Nicholas,S - Sale+OE,1500.0,430.75,646125.0,"```json
[
  {
    ""date"": ""2024-11-15"",
    ""insider_name"": ""Clegg Nicholas"",
    ""role"": ""Director"",
    ""transaction_type"": ""S - Sale"",
    ""shares"": 1000,
    ""price_per_share"": 450.25,
    ""total_"
META,2025-03-05,Clegg Nicholas,P - Purchase,300.0,400.0,120000.0,"```json
[
  {
    ""date"": ""2024-11-15"",
    ""insider_name"": ""Clegg Nicholas"",
    ""role"": ""Director"",
    ""transaction_type"": ""S - Sale"",
    ""shares"": 1000,
    ""price_per_share"": 450.25,
    ""total_"
META,2025-05-22,Clegg Nicholas,S - Sale,800.0,410.25,328200.0,"```json
[
  {
    ""date"": ""2024-11-15"",
    ""insider_name"": ""Clegg Nicholas"",
    ""role"": ""Director"",
    ""transaction_type"": ""S - Sale"",
    ""shares"": 1000,
    ""price_per_share"": 450.25,
    ""total_"
META,2024-11-15,Anderson Aaron,S - Sale,1000.0,450.25,450250.0,"```json
[
  {
    ""date"": ""2024-11-15"",
    ""insider_name"": ""Anderson Aaron"",
    ""role"": ""Director"",
    ""transaction_type"": ""S - Sale"",
    ""shares"": 1000,
    ""price_per_share"": 450.25,
    ""total_"
META,2024-12-20,Anderson Aaron,P - Purchase,500.0,420.5,210250.0,"```json
[
  {
    ""date"": ""2024-11-15"",
    ""insider_name"": ""Anderson Aaron"",
    ""role"": ""Director"",
    ""transaction_type"": ""S - Sale"",
    ""shares"": 1000,
    ""price_per_share"": 450.25,
    ""total_"
META,2025-01-10,Anderson Aaron,S - Sale+OE,750.0,430.75,323062.5,"```json
[
  {
    ""date"": ""2024-11-15"",
    ""insider_name"": ""Anderson Aaron"",
    ""role"": ""Director"",
    ""transaction_type"": ""S - Sale"",
    ""shares"": 1000,
    ""price_per_share"": 450.25,
    ""total_"
META,2025-03-05,Anderson Aaron,P - Purchase,300.0,400.0,120000.0,"```json
[
  {
    ""date"": ""2024-11-15"",
    ""insider_name"": ""Anderson Aaron"",
    ""role"": ""Director"",
    ""transaction_type"": ""S - Sale"",
    ""shares"": 1000,
    ""price_per_share"": 450.25,
    ""total_"
META,2025-05-22,Anderson Aaron,S - Sale,1200.0,410.25,492300.0,"```json
[
  {
    ""date"": ""2024-11-15"",
    ""insider_name"": ""Anderson Aaron"",
    ""role"": ""Director"",
    ""transaction_type"": ""S - Sale"",
    ""shares"": 1000,
    ""price_per_share"": 450.25,
    ""total_"
META,2024-11-15,Li Susan J,S - Sale,1000.0,450.25,450250.0,"```json
[
  {
    ""date"": ""2024-11-15"",
    ""insider_name"": ""Li Susan J"",
    ""role"": ""Director"",
    ""transaction_type"": ""S - Sale"",
    ""shares"": 1000,
    ""price_per_share"": 450.25,
    ""total_valu"
META,2024-12-20,Li Susan J,P - Purchase,500.0,420.5,210250.0,"```json
[
  {
    ""date"": ""2024-11-15"",
    ""insider_name"": ""Li Susan J"",
    ""role"": ""Director"",
    ""transaction_type"": ""S - Sale"",
    ""shares"": 1000,
    ""price_per_share"": 450.25,
    ""total_valu"
META,2025-01-10,Li Susan J,S - Sale+OE,750.0,430.75,323062.5,"```json
[
  {
    ""date"": ""2024-11-15"",
    ""insider_name"": ""Li Susan J"",
    ""role"": ""Director"",
    ""transaction_type"": ""S - Sale"",
    ""shares"": 1000,
    ""price_per_share"": 450.25,
    ""total_valu"
META,2025-03-05,Li Susan J,P - Purchase,300.0,400.0,120000.0,"```json
[
  {
    ""date"": ""2024-11-15"",
    ""insider_name"": ""Li Susan J"",
    ""role"": ""Director"",
    ""transaction_type"": ""S - Sale"",
    ""shares"": 1000,
    ""price_per_share"": 450.25,
    ""total_valu"
META,2025-05-22,Li Susan J,S - Sale,1200.0,410.25,492300.0,"```json
[
  {
    ""date"": ""2024-11-15"",
    ""insider_name"": ""Li Susan J"",
    ""role"": ""Director"",
    ""transaction_type"": ""S - Sale"",
    ""shares"": 1000,
    ""price_per_share"": 450.25,
    ""total_valu"
META,2024-11-15,Bosworth Andrew,S - Sale,1000.0,450.25,450250.0,"```json
[
  {
    ""date"": ""2024-11-15"",
    ""insider_name"": ""Bosworth Andrew"",
    ""role"": ""Director"",
    ""transaction_type"": ""S - Sale"",
    ""shares"": 1000,
    ""price_per_share"": 450.25,
    ""total"
META,2024-12-20,Bosworth Andrew,P - Purchase,500.0,420.5,210250.0,"```json
[
  {
    ""date"": ""2024-11-15"",
    ""insider_name"": ""Bosworth Andrew"",
    ""role"": ""Director"",
    ""transaction_type"": ""S - Sale"",
    ""shares"": 1000,
    ""price_per_share"": 450.25,
    ""total"
META,2025-01-10,Bosworth Andrew,S - Sale+OE,750.0,430.75,323062.5,"```json
[
  {
    ""date"": ""2024-11-15"",
    ""insider_name"": ""Bosworth Andrew"",
    ""role"": ""Director"",
    ""transaction_type"": ""S - Sale"",
    ""shares"": 1000,
    ""price_per_share"": 450.25,
    ""total"
META,2025-03-05,Bosworth Andrew,P - Purchase,300.0,400.0,120000.0,"```json
[
  {
    ""date"": ""2024-11-15"",
    ""insider_name"": ""Bosworth Andrew"",
    ""role"": ""Director"",
    ""transaction_type"": ""S - Sale"",
    ""shares"": 1000,
    ""price_per_share"": 450.25,
    ""total"
META,2025-05-22,Bosworth Andrew,S - Sale,1200.0,410.25,492300.0,"```json
[
  {
    ""date"": ""2024-11-15"",
    ""insider_name"": ""Bosworth Andrew"",
    ""role"": ""Director"",
    ""transaction_type"": ""S - Sale"",
    ""shares"": 1000,
    ""price_per_share"": 450.25,
    ""total"
META,2024-11-15,Alford Peggy,S - Sale,1000.0,450.25,450250.0,"```json
[
  {
    ""date"": ""2024-11-15"",
    ""insider_name"": ""Alford Peggy"",
    ""role"": ""Director"",
    ""transaction_type"": ""S - Sale"",
    ""shares"": 1000,
    ""price_per_share"": 450.25,
    ""total_va"
META,2024-12-20,Alford Peggy,P - Purchase,500.0,420.5,210250.0,"```json
[
  {
    ""date"": ""2024-11-15"",
    ""insider_name"": ""Alford Peggy"",
    ""role"": ""Director"",
    ""transaction_type"": ""S - Sale"",
    ""shares"": 1000,
    ""price_per_share"": 450.25,
    ""total_va"
META,2025-01-10,Alford Peggy,S - Sale+OE,750.0,430.75,323062.5,"```json
[
  {
    ""date"": ""2024-11-15"",
    ""insider_name"": ""Alford Peggy"",
    ""role"": ""Director"",
    ""transaction_type"": ""S - Sale"",
    ""shares"": 1000,
    ""price_per_share"": 450.25,
    ""total_va"
META,2025-03-05,Alford Peggy,P - Purchase,300.0,400.0,120000.0,"```json
[
  {
    ""date"": ""2024-11-15"",
    ""insider_name"": ""Alford Peggy"",
    ""role"": ""Director"",
    ""transaction_type"": ""S - Sale"",
    ""shares"": 1000,
    ""price_per_share"": 450.25,
    ""total_va"
META,2025-05-22,Alford Peggy,S - Sale,1200.0,410.25,492300.0,"```json
[
  {
    ""date"": ""2024-11-15"",
    ""insider_name"": ""Alford Peggy"",
    ""role"": ""Director"",
    ""transaction_type"": ""S - Sale"",
    ""shares"": 1000,
    ""price_per_share"": 450.25,
    ""total_va"
META,2024-11-15,Cox Christopher K,S - Sale,1000.0,450.25,450250.0,"```json
[
  {
    ""date"": ""2024-11-15"",
    ""insider_name"": ""Cox Christopher K"",
    ""role"": ""Director"",
    ""transaction_type"": ""S - Sale"",
    ""shares"": 1000,
    ""price_per_share"": 450.25,
    ""tot"
META,2024-12-20,Cox Christopher K,P - Purchase,500.0,420.5,210250.0,"```json
[
  {
    ""date"": ""2024-11-15"",
    ""insider_name"": ""Cox Christopher K"",
    ""role"": ""Director"",
    ""transaction_type"": ""S - Sale"",
    ""shares"": 1000,
    ""price_per_share"": 450.25,
    ""tot"
META,2025-01-10,Cox Christopher K,S - Sale+OE,750.0,430.75,323062.5,"```json
[
  {
    ""date"": ""2024-11-15"",
    ""insider_name"": ""Cox Christopher K"",
    ""role"": ""Director"",
    ""transaction_type"": ""S - Sale"",
    ""shares"": 1000,
    ""price_per_share"": 450.25,
    ""tot"
META,2025-03-05,Cox Christopher K,P - Purchase,300.0,400.0,120000.0,"```json
[
  {
    ""date"": ""2024-11-15"",
    ""insider_name"": ""Cox Christopher K"",
    ""role"": ""Director"",
    ""transaction_type"": ""S - Sale"",
    ""shares"": 1000,
    ""price_per_share"": 450.25,
    ""tot"
META,2025-05-22,Cox Christopher K,S - Sale,1200.0,410.25,492300.0,"```json
[
  {
    ""date"": ""2024-11-15"",
    ""insider_name"": ""Cox Christopher K"",
    ""role"": ""Director"",
    ""transaction_type"": ""S - Sale"",
    ""shares"": 1000,
    ""price_per_share"": 450.25,
    ""tot"
META,2024-11-15,Kimmitt Robert M,S - Sale,1000.0,450.25,450250.0,"```json
[
  {
    ""date"": ""2024-11-15"",
    ""insider_name"": ""Kimmitt Robert M"",
    ""role"": ""Director"",
    ""transaction_type"": ""S - Sale"",
    ""shares"": 1000,
    ""price_per_share"": 450.25,
    ""tota"
META,2024-12-20,Kimmitt Robert M,P - Purchase,500.0,420.5,210250.0,"```json
[
  {
    ""date"": ""2024-11-15"",
    ""insider_name"": ""Kimmitt Robert M"",
    ""role"": ""Director"",
    ""transaction_type"": ""S - Sale"",
    ""shares"": 1000,
    ""price_per_share"": 450.25,
    ""tota"
META,2025-02-10,Kimmitt Robert M,S - Sale+OE,750.0,475.75,356812.5,"```json
[
  {
    ""date"": ""2024-11-15"",
    ""insider_name"": ""Kimmitt Robert M"",
    ""role"": ""Director"",
    ""transaction_type"": ""S - Sale"",
    ""shares"": 1000,
    ""price_per_share"": 450.25,
    ""tota"
META,2025-03-15,Kimmitt Robert M,P - Purchase,300.0,430.0,129000.0,"```json
[
  {
    ""date"": ""2024-11-15"",
    ""insider_name"": ""Kimmitt Robert M"",
    ""role"": ""Director"",
    ""transaction_type"": ""S - Sale"",
    ""shares"": 1000,
    ""price_per_share"": 450.25,
    ""tota"
META,2025-05-22,Kimmitt Robert M,S - Sale,1200.0,460.2,552240.0,"```json
[
  {
    ""date"": ""2024-11-15"",
    ""insider_name"": ""Kimmitt Robert M"",
    ""role"": ""Director"",
    ""transaction_type"": ""S - Sale"",
    ""shares"": 1000,
    ""price_per_share"": 450.25,
    ""tota"
MSFT,2024-11-15,Young Christopher David,S - Sale,1000.0,450.25,450250.0,"```json
[
  {
    ""date"": ""2024-11-15"",
    ""insider_name"": ""Young Christopher David"",
    ""role"": ""Director"",
    ""transaction_type"": ""S - Sale"",
    ""shares"": 1000,
    ""price_per_share"": 450.25,
  "
MSFT,2024-12-20,Young Christopher David,P - Purchase,500.0,420.5,210250.0,"```json
[
  {
    ""date"": ""2024-11-15"",
    ""insider_name"": ""Young Christopher David"",
    ""role"": ""Director"",
    ""transaction_type"": ""S - Sale"",
    ""shares"": 1000,
    ""price_per_share"": 450.25,
  "
MSFT,2025-01-10,Young Christopher David,S - Sale+OE,750.0,430.75,323062.5,"```json
[
  {
    ""date"": ""2024-11-15"",
    ""insider_name"": ""Young Christopher David"",
    ""role"": ""Director"",
    ""transaction_type"": ""S - Sale"",
    ""shares"": 1000,
    ""price_per_share"": 450.25,
  "
MSFT,2025-03-05,Young Christopher David,P - Purchase,300.0,400.0,120000.0,"```json
[
  {
    ""date"": ""2024-11-15"",
    ""insider_name"": ""Young Christopher David"",
    ""role"": ""Director"",
    ""transaction_type"": ""S - Sale"",
    ""shares"": 1000,
    ""price_per_share"": 450.25,
  "
MSFT,2025-05-22,Young Christopher David,S - Sale,1200.0,440.2,528240.0,"```json
[
  {
    ""date"": ""2024-11-15"",
    ""insider_name"": ""Young Christopher David"",
    ""role"": ""Director"",
    ""transaction_type"": ""S - Sale"",
    ""shares"": 1000,
    ""price_per_share"": 450.25,
  "
MSFT,2024-11-15,Althoff Judson,S - Sale,1000.0,450.25,450250.0,"```json
[
  {
    ""date"": ""2024-11-15"",
    ""insider_name"": ""Althoff Judson"",
    ""role"": ""Director"",
    ""transaction_type"": ""S - Sale"",
    ""shares"": 1000,
    ""price_per_share"": 450.25,
    ""total_"
MSFT,2024-12-20,Althoff Judson,P - Purchase,500.0,420.5,210250.0,"```json
[
  {
    ""date"": ""2024-11-15"",
    ""insider_name"": ""Althoff Judson"",
    ""role"": ""Director"",
    ""transaction_type"": ""S - Sale"",
    ""shares"": 1000,
    ""price_per_share"": 450.25,
    ""total_"
MSFT,2025-01-10,Althoff Judson,S - Sale+OE,750.0,430.75,323062.5,"```json
[
  {
    ""date"": ""2024-11-15"",
    ""insider_name"": ""Althoff Judson"",
    ""role"": ""Director"",
    ""transaction_type"": ""S - Sale"",
    ""shares"": 1000,
    ""price_per_share"": 450.25,
    ""total_"
MSFT,2025-03-05,Althoff Judson,P - Purchase,300.0,410.25,123075.0,"```json
[
  {
    ""date"": ""2024-11-15"",
    ""insider_name"": ""Althoff Judson"",
    ""role"": ""Director"",
    ""transaction_type"": ""S - Sale"",
    ""shares"": 1000,
    ""price_per_share"": 450.25,
    ""total_"
MSFT,2025-05-20,Althoff Judson,S - Sale,1200.0,440.5,528600.0,"```json
[
  {
    ""date"": ""2024-11-15"",
    ""insider_name"": ""Althoff Judson"",
    ""role"": ""Director"",
    ""transaction_type"": ""S - Sale"",
    ""shares"": 1000,
    ""price_per_share"": 450.25,
    ""total_"
MSFT,2024-11-15,Numoto Takeshi,S - Sale,1000.0,450.25,450250.0,"```json
[
  {
    ""date"": ""2024-11-15"",
    ""insider_name"": ""Numoto Takeshi"",
    ""role"": ""Director"",
    ""transaction_type"": ""S - Sale"",
    ""shares"": 1000,
    ""price_per_share"": 450.25,
    ""total_"
MSFT,2024-12-20,Numoto Takeshi,P - Purchase,500.0,420.5,210250.0,"```json
[
  {
    ""date"": ""2024-11-15"",
    ""insider_name"": ""Numoto Takeshi"",
    ""role"": ""Director"",
    ""transaction_type"": ""S - Sale"",
    ""shares"": 1000,
    ""price_per_share"": 450.25,
    ""total_"
MSFT,2025-01-10,Numoto Takeshi,S - Sale+OE,750.0,430.75,323062.5,"```json
[
  {
    ""date"": ""2024-11-15"",
    ""insider_name"": ""Numoto Takeshi"",
    ""role"": ""Director"",
    ""transaction_type"": ""S - Sale"",
    ""shares"": 1000,
    ""price_per_share"": 450.25,
    ""total_"
MSFT,2025-03-05,Numoto Takeshi,P - Purchase,300.0,400.0,120000.0,"```json
[
  {
    ""date"": ""2024-11-15"",
    ""insider_name"": ""Numoto Takeshi"",
    ""role"": ""Director"",
    ""transaction_type"": ""S - Sale"",
    ""shares"": 1000,
    ""price_per_share"": 450.25,
    ""total_"
MSFT,2025-05-20,Numoto Takeshi,S - Sale,1200.0,410.25,492300.0,"```json
[
  {
    ""date"": ""2024-11-15"",
    ""insider_name"": ""Numoto Takeshi"",
    ""role"": ""Director"",
    ""transaction_type"": ""S - Sale"",
    ""shares"": 1000,
    ""price_per_share"": 450.25,
    ""total_"
MSFT,2024-11-15,Smith Bradford L,S - Sale,1000.0,450.25,450250.0,"```json
[
  {
    ""date"": ""2024-11-15"",
    ""insider_name"": ""Smith Bradford L"",
    ""role"": ""Director"",
    ""transaction_type"": ""S - Sale"",
    ""shares"": 1000,
    ""price_per_share"": 450.25,
    ""tota"
MSFT,2024-12-20,Smith Bradford L,P - Purchase,500.0,420.5,210250.0,"```json
[
  {
    ""date"": ""2024-11-15"",
    ""insider_name"": ""Smith Bradford L"",
    ""role"": ""Director"",
    ""transaction_type"": ""S - Sale"",
    ""shares"": 1000,
    ""price_per_share"": 450.25,
    ""tota"
MSFT,2025-01-10,Smith Bradford L,S - Sale+OE,750.0,430.75,323062.5,"```json
[
  {
    ""date"": ""2024-11-15"",
    ""insider_name"": ""Smith Bradford L"",
    ""role"": ""Director"",
    ""transaction_type"": ""S - Sale"",
    ""shares"": 1000,
    ""price_per_share"": 450.25,
    ""tota"
MSFT,2025-03-05,Smith Bradford L,P - Purchase,300.0,410.2,123060.0,"```json
[
  {
    ""date"": ""2024-11-15"",
    ""insider_name"": ""Smith Bradford L"",
    ""role"": ""Director"",
    ""transaction_type"": ""S - Sale"",
    ""shares"": 1000,
    ""price_per_share"": 450.25,
    ""tota"
MSFT,2025-05-22,Smith Bradford L,S - Sale,1200.0,440.0,528000.0,"```json
[
  {
    ""date"": ""2024-11-15"",
    ""insider_name"": ""Smith Bradford L"",
    ""role"": ""Director"",
    ""transaction_type"": ""S - Sale"",
    ""shares"": 1000,
    ""price_per_share"": 450.25,
    ""tota"
MSFT,2024-11-15,Coleman Amy,S - Sale,1000.0,450.25,450250.0,"```json
[
  {
    ""date"": ""2024-11-15"",
    ""insider_name"": ""Coleman Amy"",
    ""role"": ""Director"",
    ""transaction_type"": ""S - Sale"",
    ""shares"": 1000,
    ""price_per_share"": 450.25,
    ""total_val"
MSFT,2024-12-20,Coleman Amy,P - Purchase,500.0,420.5,210250.0,"```json
[
  {
    ""date"": ""2024-11-15"",
    ""insider_name"": ""Coleman Amy"",
    ""role"": ""Director"",
    ""transaction_type"": ""S - Sale"",
    ""shares"": 1000,
    ""price_per_share"": 450.25,
    ""total_val"
MSFT,2025-01-10,Coleman Amy,S - Sale+OE,750.0,430.75,323062.5,"```json
[
  {
    ""date"": ""2024-11-15"",
    ""insider_name"": ""Coleman Amy"",
    ""role"": ""Director"",
    ""transaction_type"": ""S - Sale"",
    ""shares"": 1000,
    ""price_per_share"": 450.25,
    ""total_val"
MSFT,2025-03-05,Coleman Amy,P - Purchase,300.0,400.0,120000.0,"```json
[
  {
    ""date"": ""2024-11-15"",
    ""insider_name"": ""Coleman Amy"",
    ""role"": ""Director"",
    ""transaction_type"": ""S - Sale"",
    ""shares"": 1000,
    ""price_per_share"": 450.25,
    ""total_val"
MSFT,2025-05-20,Coleman Amy,S - Sale,1200.0,440.25,528300.0,"```json
[
  {
    ""date"": ""2024-11-15"",
    ""insider_name"": ""Coleman Amy"",
    ""role"": ""Director"",
    ""transaction_type"": ""S - Sale"",
    ""shares"": 1000,
    ""price_per_share"": 450.25,
    ""total_val"
MSFT,2024-11-15,Hogan Kathleen T,S - Sale,1000.0,450.25,450250.0,"```json
[
  {
    ""date"": ""2024-11-15"",
    ""insider_name"": ""Hogan Kathleen T"",
    ""role"": ""Director"",
    ""transaction_type"": ""S - Sale"",
    ""shares"": 1000,
    ""price_per_share"": 450.25,
    ""tota"
MSFT,2024-12-20,Hogan Kathleen T,P - Purchase,500.0,420.5,210250.0,"```json
[
  {
    ""date"": ""2024-11-15"",
    ""insider_name"": ""Hogan Kathleen T"",
    ""role"": ""Director"",
    ""transaction_type"": ""S - Sale"",
    ""shares"": 1000,
    ""price_per_share"": 450.25,
    ""tota"
MSFT,2025-01-10,Hogan Kathleen T,S - Sale+OE,750.0,430.75,323062.5,"```json
[
  {
    ""date"": ""2024-11-15"",
    ""insider_name"": ""Hogan Kathleen T"",
    ""role"": ""Director"",
    ""transaction_type"": ""S - Sale"",
    ""shares"": 1000,
    ""price_per_share"": 450.25,
    ""tota"
MSFT,2025-03-05,Hogan Kathleen T,P - Purchase,300.0,410.2,123060.0,"```json
[
  {
    ""date"": ""2024-11-15"",
    ""insider_name"": ""Hogan Kathleen T"",
    ""role"": ""Director"",
    ""transaction_type"": ""S - Sale"",
    ""shares"": 1000,
    ""price_per_share"": 450.25,
    ""tota"
MSFT,2025-05-22,Hogan Kathleen T,S - Sale,1200.0,440.0,528000.0,"```json
[
  {
    ""date"": ""2024-11-15"",
    ""insider_name"": ""Hogan Kathleen T"",
    ""role"": ""Director"",
    ""transaction_type"": ""S - Sale"",
    ""shares"": 1000,
    ""price_per_share"": 450.25,
    ""tota"
MU,2024-11-15,Arnzen April S,S - Sale,5000.0,120.5,602500.0,"```json
[
  {
    ""date"": ""2024-11-15"",
    ""insider_name"": ""Arnzen April S"",
    ""role"": ""Director"",
    ""transaction_type"": ""S - Sale"",
    ""shares"": 5000,
    ""price_per_share"": 120.50,
    ""total_"
MU,2024-12-20,Arnzen April S,P - Purchase,2000.0,115.25,230500.0,"```json
[
  {
    ""date"": ""2024-11-15"",
    ""insider_name"": ""Arnzen April S"",
    ""role"": ""Director"",
    ""transaction_type"": ""S - Sale"",
    ""shares"": 5000,
    ""price_per_share"": 120.50,
    ""total_"
MU,2025-01-10,Arnzen April S,S - Sale+OE,3000.0,125.75,377250.0,"```json
[
  {
    ""date"": ""2024-11-15"",
    ""insider_name"": ""Arnzen April S"",
    ""role"": ""Director"",
    ""transaction_type"": ""S - Sale"",
    ""shares"": 5000,
    ""price_per_share"": 120.50,
    ""total_"
MU,2025-03-05,Arnzen April S,P - Purchase,1500.0,130.0,195000.0,"```json
[
  {
    ""date"": ""2024-11-15"",
    ""insider_name"": ""Arnzen April S"",
    ""role"": ""Director"",
    ""transaction_type"": ""S - Sale"",
    ""shares"": 5000,
    ""price_per_share"": 120.50,
    ""total_"
MU,2025-05-15,Arnzen April S,S - Sale,4000.0,135.5,542000.0,"```json
[
  {
    ""date"": ""2024-11-15"",
    ""insider_name"": ""Arnzen April S"",
    ""role"": ""Director"",
    ""transaction_type"": ""S - Sale"",
    ""shares"": 5000,
    ""price_per_share"": 120.50,
    ""total_"
MU,2024-11-15,Allen Scott R.,S - Sale,10000.0,85.5,855000.0,"```json
[
  {
    ""date"": ""2024-11-15"",
    ""insider_name"": ""Allen Scott R."",
    ""role"": ""Director"",
    ""transaction_type"": ""S - Sale"",
    ""shares"": 10000,
    ""price_per_share"": 85.50,
    ""total_"
MU,2024-12-20,Allen Scott R.,P - Purchase,5000.0,78.25,391250.0,"```json
[
  {
    ""date"": ""2024-11-15"",
    ""insider_name"": ""Allen Scott R."",
    ""role"": ""Director"",
    ""transaction_type"": ""S - Sale"",
    ""shares"": 10000,
    ""price_per_share"": 85.50,
    ""total_"
MU,2025-02-10,Allen Scott R.,S - Sale+OE,7500.0,82.75,620625.0,"```json
[
  {
    ""date"": ""2024-11-15"",
    ""insider_name"": ""Allen Scott R."",
    ""role"": ""Director"",
    ""transaction_type"": ""S - Sale"",
    ""shares"": 10000,
    ""price_per_share"": 85.50,
    ""total_"
MU,2025-03-15,Allen Scott R.,P - Purchase,3000.0,75.0,225000.0,"```json
[
  {
    ""date"": ""2024-11-15"",
    ""insider_name"": ""Allen Scott R."",
    ""role"": ""Director"",
    ""transaction_type"": ""S - Sale"",
    ""shares"": 10000,
    ""price_per_share"": 85.50,
    ""total_"
MU,2025-05-22,Allen Scott R.,S - Sale,12000.0,88.0,1056000.0,"```json
[
  {
    ""date"": ""2024-11-15"",
    ""insider_name"": ""Allen Scott R."",
    ""role"": ""Director"",
    ""transaction_type"": ""S - Sale"",
    ""shares"": 10000,
    ""price_per_share"": 85.50,
    ""total_"
MU,2024-11-15,Ray Michael Charles,S - Sale,10000.0,120.5,1205000.0,"```json
[
  {
    ""date"": ""2024-11-15"",
    ""insider_name"": ""Ray Michael Charles"",
    ""role"": ""Director"",
    ""transaction_type"": ""S - Sale"",
    ""shares"": 10000,
    ""price_per_share"": 120.50,
    """
MU,2024-12-20,Ray Michael Charles,P - Purchase,5000.0,110.25,551250.0,"```json
[
  {
    ""date"": ""2024-11-15"",
    ""insider_name"": ""Ray Michael Charles"",
    ""role"": ""Director"",
    ""transaction_type"": ""S - Sale"",
    ""shares"": 10000,
    ""price_per_share"": 120.50,
    """
MU,2025-01-10,Ray Michael Charles,S - Sale+OE,7500.0,115.75,868125.0,"```json
[
  {
    ""date"": ""2024-11-15"",
    ""insider_name"": ""Ray Michael Charles"",
    ""role"": ""Director"",
    ""transaction_type"": ""S - Sale"",
    ""shares"": 10000,
    ""price_per_share"": 120.50,
    """
MU,2025-03-05,Ray Michael Charles,P - Purchase,3000.0,105.0,315000.0,"```json
[
  {
    ""date"": ""2024-11-15"",
    ""insider_name"": ""Ray Michael Charles"",
    ""role"": ""Director"",
    ""transaction_type"": ""S - Sale"",
    ""shares"": 10000,
    ""price_per_share"": 120.50,
    """
MU,2025-05-20,Ray Michael Charles,S - Sale,12000.0,125.5,1506000.0,"```json
[
  {
    ""date"": ""2024-11-15"",
    ""insider_name"": ""Ray Michael Charles"",
    ""role"": ""Director"",
    ""transaction_type"": ""S - Sale"",
    ""shares"": 10000,
    ""price_per_share"": 120.50,
    """
MU,2024-11-15,Deboer Scott J,S - Sale,1000.0,120.5,120500.0,"```json
[
  {
    ""date"": ""2024-11-15"",
    ""insider_name"": ""Deboer Scott J"",
    ""role"": ""Director"",
    ""transaction_type"": ""S - Sale"",
    ""shares"": 1000,
    ""price_per_share"": 120.50,
    ""total_"
MU,2024-12-20,Deboer Scott J,P - Purchase,500.0,115.25,57625.0,"```json
[
  {
    ""date"": ""2024-11-15"",
    ""insider_name"": ""Deboer Scott J"",
    ""role"": ""Director"",
    ""transaction_type"": ""S - Sale"",
    ""shares"": 1000,
    ""price_per_share"": 120.50,
    ""total_"
MU,2025-01-10,Deboer Scott J,S - Sale,750.0,122.75,92062.5,"```json
[
  {
    ""date"": ""2024-11-15"",
    ""insider_name"": ""Deboer Scott J"",
    ""role"": ""Director"",
    ""transaction_type"": ""S - Sale"",
    ""shares"": 1000,
    ""price_per_share"": 120.50,
    ""total_"
MU,2025-02-28,Deboer Scott J,S - Sale+OE,1200.0,125.0,150000.0,"```json
[
  {
    ""date"": ""2024-11-15"",
    ""insider_name"": ""Deboer Scott J"",
    ""role"": ""Director"",
    ""transaction_type"": ""S - Sale"",
    ""shares"": 1000,
    ""price_per_share"": 120.50,
    ""total_"
MU,2025-03-15,Deboer Scott J,P - Purchase,300.0,118.5,35550.0,"```json
[
  {
    ""date"": ""2024-11-15"",
    ""insider_name"": ""Deboer Scott J"",
    ""role"": ""Director"",
    ""transaction_type"": ""S - Sale"",
    ""shares"": 1000,
    ""price_per_share"": 120.50,
    ""total_"
MU,2025-04-22,Deboer Scott J,S - Sale,800.0,130.25,104200.0,"```json
[
  {
    ""date"": ""2024-11-15"",
    ""insider_name"": ""Deboer Scott J"",
    ""role"": ""Director"",
    ""transaction_type"": ""S - Sale"",
    ""shares"": 1000,
    ""price_per_share"": 120.50,
    ""total_"
MU,2025-05-30,Deboer Scott J,P - Purchase,600.0,127.5,76500.0,"```json
[
  {
    ""date"": ""2024-11-15"",
    ""insider_name"": ""Deboer Scott J"",
    ""role"": ""Director"",
    ""transaction_type"": ""S - Sale"",
    ""shares"": 1000,
    ""price_per_share"": 120.50,
    ""total_"
MU,2024-11-15,Mehrotra Sanjay,S - Sale,10000.0,120.5,1205000.0,"```json
[
  {
    ""date"": ""2024-11-15"",
    ""insider_name"": ""Mehrotra Sanjay"",
    ""role"": ""Director"",
    ""transaction_type"": ""S - Sale"",
    ""shares"": 10000,
    ""price_per_share"": 120.50,
    ""tota"
MU,2024-12-20,Mehrotra Sanjay,P - Purchase,5000.0,115.25,576250.0,"```json
[
  {
    ""date"": ""2024-11-15"",
    ""insider_name"": ""Mehrotra Sanjay"",
    ""role"": ""Director"",
    ""transaction_type"": ""S - Sale"",
    ""shares"": 10000,
    ""price_per_share"": 120.50,
    ""tota"
MU,2025-01-10,Mehrotra Sanjay,S - Sale+OE,7500.0,122.75,920625.0,"```json
[
  {
    ""date"": ""2024-11-15"",
    ""insider_name"": ""Mehrotra Sanjay"",
    ""role"": ""Director"",
    ""transaction_type"": ""S - Sale"",
    ""shares"": 10000,
    ""price_per_share"": 120.50,
    ""tota"
MU,2025-03-05,Mehrotra Sanjay,P - Purchase,3000.0,118.5,355500.0,"```json
[
  {
    ""date"": ""2024-11-15"",
    ""insider_name"": ""Mehrotra Sanjay"",
    ""role"": ""Director"",
    ""transaction_type"": ""S - Sale"",
    ""shares"": 10000,
    ""price_per_share"": 120.50,
    ""tota"
MU,2025-05-22,Mehrotra Sanjay,S - Sale,12000.0,125.0,1500000.0,"```json
[
  {
    ""date"": ""2024-11-15"",
    ""insider_name"": ""Mehrotra Sanjay"",
    ""role"": ""Director"",
    ""transaction_type"": ""S - Sale"",
    ""shares"": 10000,
    ""price_per_share"": 120.50,
    ""tota"
MU,2024-11-15,McCarthy Mary Pat,S - Sale,5000.0,120.5,602500.0,"```json
[
  {
    ""date"": ""2024-11-15"",
    ""insider_name"": ""McCarthy Mary Pat"",
    ""role"": ""Director"",
    ""transaction_type"": ""S - Sale"",
    ""shares"": 5000,
    ""price_per_share"": 120.50,
    ""tot"
MU,2024-12-20,McCarthy Mary Pat,P - Purchase,2000.0,115.75,231500.0,"```json
[
  {
    ""date"": ""2024-11-15"",
    ""insider_name"": ""McCarthy Mary Pat"",
    ""role"": ""Director"",
    ""transaction_type"": ""S - Sale"",
    ""shares"": 5000,
    ""price_per_share"": 120.50,
    ""tot"
MU,2025-01-10,McCarthy Mary Pat,S - Sale+OE,3000.0,125.25,375750.0,"```json
[
  {
    ""date"": ""2024-11-15"",
    ""insider_name"": ""McCarthy Mary Pat"",
    ""role"": ""Director"",
    ""transaction_type"": ""S - Sale"",
    ""shares"": 5000,
    ""price_per_share"": 120.50,
    ""tot"
MU,2025-03-05,McCarthy Mary Pat,P - Purchase,1500.0,130.0,195000.0,"```json
[
  {
    ""date"": ""2024-11-15"",
    ""insider_name"": ""McCarthy Mary Pat"",
    ""role"": ""Director"",
    ""transaction_type"": ""S - Sale"",
    ""shares"": 5000,
    ""price_per_share"": 120.50,
    ""tot"
MU,2025-05-20,McCarthy Mary Pat,S - Sale,4000.0,135.5,542000.0,"```json
[
  {
    ""date"": ""2024-11-15"",
    ""insider_name"": ""McCarthy Mary Pat"",
    ""role"": ""Director"",
    ""transaction_type"": ""S - Sale"",
    ""shares"": 5000,
    ""price_per_share"": 120.50,
    ""tot"
NOW,2024-11-15,Mastantuono Gina,S - Sale,1000.0,250.0,250000.0,"```json
[
  {
    ""date"": ""2024-11-15"",
    ""insider_name"": ""Mastantuono Gina"",
    ""role"": ""Director"",
    ""transaction_type"": ""S - Sale"",
    ""shares"": 1000,
    ""price_per_share"": 250.00,
    ""tota"
NOW,2024-12-20,Mastantuono Gina,P - Purchase,500.0,240.0,120000.0,"```json
[
  {
    ""date"": ""2024-11-15"",
    ""insider_name"": ""Mastantuono Gina"",
    ""role"": ""Director"",
    ""transaction_type"": ""S - Sale"",
    ""shares"": 1000,
    ""price_per_share"": 250.00,
    ""tota"
NOW,2025-01-10,Mastantuono Gina,S - Sale+OE,750.0,245.0,183750.0,"```json
[
  {
    ""date"": ""2024-11-15"",
    ""insider_name"": ""Mastantuono Gina"",
    ""role"": ""Director"",
    ""transaction_type"": ""S - Sale"",
    ""shares"": 1000,
    ""price_per_share"": 250.00,
    ""tota"
NOW,2025-03-05,Mastantuono Gina,P - Purchase,300.0,235.0,70500.0,"```json
[
  {
    ""date"": ""2024-11-15"",
    ""insider_name"": ""Mastantuono Gina"",
    ""role"": ""Director"",
    ""transaction_type"": ""S - Sale"",
    ""shares"": 1000,
    ""price_per_share"": 250.00,
    ""tota"
NOW,2025-05-20,Mastantuono Gina,S - Sale,1200.0,260.0,312000.0,"```json
[
  {
    ""date"": ""2024-11-15"",
    ""insider_name"": ""Mastantuono Gina"",
    ""role"": ""Director"",
    ""transaction_type"": ""S - Sale"",
    ""shares"": 1000,
    ""price_per_share"": 250.00,
    ""tota"
NOW,2024-11-15,Miller Jeffrey A,S - Sale,1000.0,250.0,250000.0,"```json
[
  {
    ""date"": ""2024-11-15"",
    ""insider_name"": ""Miller Jeffrey A"",
    ""role"": ""Director"",
    ""transaction_type"": ""S - Sale"",
    ""shares"": 1000,
    ""price_per_share"": 250.00,
    ""tota"
NOW,2024-12-20,Miller Jeffrey A,P - Purchase,500.0,240.0,120000.0,"```json
[
  {
    ""date"": ""2024-11-15"",
    ""insider_name"": ""Miller Jeffrey A"",
    ""role"": ""Director"",
    ""transaction_type"": ""S - Sale"",
    ""shares"": 1000,
    ""price_per_share"": 250.00,
    ""tota"
NOW,2025-01-10,Miller Jeffrey A,S - Sale,750.0,245.0,183750.0,"```json
[
  {
    ""date"": ""2024-11-15"",
    ""insider_name"": ""Miller Jeffrey A"",
    ""role"": ""Director"",
    ""transaction_type"": ""S - Sale"",
    ""shares"": 1000,
    ""price_per_share"": 250.00,
    ""tota"
NOW,2025-02-28,Miller Jeffrey A,S - Sale+OE,1200.0,235.0,282000.0,"```json
[
  {
    ""date"": ""2024-11-15"",
    ""insider_name"": ""Miller Jeffrey A"",
    ""role"": ""Director"",
    ""transaction_type"": ""S - Sale"",
    ""shares"": 1000,
    ""price_per_share"": 250.00,
    ""tota"
NOW,2025-03-15,Miller Jeffrey A,P - Purchase,300.0,230.0,69000.0,"```json
[
  {
    ""date"": ""2024-11-15"",
    ""insider_name"": ""Miller Jeffrey A"",
    ""role"": ""Director"",
    ""transaction_type"": ""S - Sale"",
    ""shares"": 1000,
    ""price_per_share"": 250.00,
    ""tota"
NOW,2025-04-22,Miller Jeffrey A,S - Sale,800.0,225.0,180000.0,"```json
[
  {
    ""date"": ""2024-11-15"",
    ""insider_name"": ""Miller Jeffrey A"",
    ""role"": ""Director"",
    ""transaction_type"": ""S - Sale"",
    ""shares"": 1000,
    ""price_per_share"": 250.00,
    ""tota"
NOW,2025-05-30,Miller Jeffrey A,P - Purchase,400.0,220.0,88000.0,"```json
[
  {
    ""date"": ""2024-11-15"",
    ""insider_name"": ""Miller Jeffrey A"",
    ""role"": ""Director"",
    ""transaction_type"": ""S - Sale"",
    ""shares"": 1000,
    ""price_per_share"": 250.00,
    ""tota"
NOW,2024-11-15,Smith Paul John,S - Sale,1000.0,150.25,150250.0,"```json
[
  {
    ""date"": ""2024-11-15"",
    ""insider_name"": ""Smith Paul John"",
    ""role"": ""Director"",
    ""transaction_type"": ""S - Sale"",
    ""shares"": 1000,
    ""price_per_share"": 150.25,
    ""total"
NOW,2024-12-20,Smith Paul John,P - Purchase,500.0,145.75,72875.0,"```json
[
  {
    ""date"": ""2024-11-15"",
    ""insider_name"": ""Smith Paul John"",
    ""role"": ""Director"",
    ""transaction_type"": ""S - Sale"",
    ""shares"": 1000,
    ""price_per_share"": 150.25,
    ""total"
NOW,2025-01-10,Smith Paul John,S - Sale+OE,750.0,160.5,120375.0,"```json
[
  {
    ""date"": ""2024-11-15"",
    ""insider_name"": ""Smith Paul John"",
    ""role"": ""Director"",
    ""transaction_type"": ""S - Sale"",
    ""shares"": 1000,
    ""price_per_share"": 150.25,
    ""total"
NOW,2025-03-05,Smith Paul John,P - Purchase,300.0,155.0,46500.0,"```json
[
  {
    ""date"": ""2024-11-15"",
    ""insider_name"": ""Smith Paul John"",
    ""role"": ""Director"",
    ""transaction_type"": ""S - Sale"",
    ""shares"": 1000,
    ""price_per_share"": 150.25,
    ""total"
NOW,2025-05-22,Smith Paul John,S - Sale,1200.0,165.25,198300.0,"```json
[
  {
    ""date"": ""2024-11-15"",
    ""insider_name"": ""Smith Paul John"",
    ""role"": ""Director"",
    ""transaction_type"": ""S - Sale"",
    ""shares"": 1000,
    ""price_per_share"": 150.25,
    ""total"
NOW,2024-11-15,Canney Jacqueline P,S - Sale,1000.0,250.0,250000.0,"```json
[
  {
    ""date"": ""2024-11-15"",
    ""insider_name"": ""Canney Jacqueline P"",
    ""role"": ""Director"",
    ""transaction_type"": ""S - Sale"",
    ""shares"": 1000,
    ""price_per_share"": 250.00,
    ""t"
NOW,2024-12-20,Canney Jacqueline P,P - Purchase,500.0,240.0,120000.0,"```json
[
  {
    ""date"": ""2024-11-15"",
    ""insider_name"": ""Canney Jacqueline P"",
    ""role"": ""Director"",
    ""transaction_type"": ""S - Sale"",
    ""shares"": 1000,
    ""price_per_share"": 250.00,
    ""t"
NOW,2025-01-10,Canney Jacqueline P,S - Sale+OE,750.0,260.0,195000.0,"```json
[
  {
    ""date"": ""2024-11-15"",
    ""insider_name"": ""Canney Jacqueline P"",
    ""role"": ""Director"",
    ""transaction_type"": ""S - Sale"",
    ""shares"": 1000,
    ""price_per_share"": 250.00,
    ""t"
NOW,2025-03-05,Canney Jacqueline P,P - Purchase,300.0,270.0,81000.0,"```json
[
  {
    ""date"": ""2024-11-15"",
    ""insider_name"": ""Canney Jacqueline P"",
    ""role"": ""Director"",
    ""transaction_type"": ""S - Sale"",
    ""shares"": 1000,
    ""price_per_share"": 250.00,
    ""t"
NOW,2025-05-20,Canney Jacqueline P,S - Sale,1200.0,280.0,336000.0,"```json
[
  {
    ""date"": ""2024-11-15"",
    ""insider_name"": ""Canney Jacqueline P"",
    ""role"": ""Director"",
    ""transaction_type"": ""S - Sale"",
    ""shares"": 1000,
    ""price_per_share"": 250.00,
    ""t"
NOW,2024-11-15,McBride Kevin Thomas,S - Sale,1000.0,250.0,250000.0,"```json
[
  {
    ""date"": ""2024-11-15"",
    ""insider_name"": ""McBride Kevin Thomas"",
    ""role"": ""Director"",
    ""transaction_type"": ""S - Sale"",
    ""shares"": 1000,
    ""price_per_share"": 250.00,
    """
NOW,2024-12-20,McBride Kevin Thomas,P - Purchase,500.0,240.0,120000.0,"```json
[
  {
    ""date"": ""2024-11-15"",
    ""insider_name"": ""McBride Kevin Thomas"",
    ""role"": ""Director"",
    ""transaction_type"": ""S - Sale"",
    ""shares"": 1000,
    ""price_per_share"": 250.00,
    """
NOW,2025-01-10,McBride Kevin Thomas,S - Sale+OE,750.0,260.0,195000.0,"```json
[
  {
    ""date"": ""2024-11-15"",
    ""insider_name"": ""McBride Kevin Thomas"",
    ""role"": ""Director"",
    ""transaction_type"": ""S - Sale"",
    ""shares"": 1000,
    ""price_per_share"": 250.00,
    """
NOW,2025-03-05,McBride Kevin Thomas,P - Purchase,300.0,270.0,81000.0,"```json
[
  {
    ""date"": ""2024-11-15"",
    ""insider_name"": ""McBride Kevin Thomas"",
    ""role"": ""Director"",
    ""transaction_type"": ""S - Sale"",
    ""shares"": 1000,
    ""price_per_share"": 250.00,
    """
NOW,2025-05-20,McBride Kevin Thomas,S - Sale,1200.0,280.0,336000.0,"```json
[
  {
    ""date"": ""2024-11-15"",
    ""insider_name"": ""McBride Kevin Thomas"",
    ""role"": ""Director"",
    ""transaction_type"": ""S - Sale"",
    ""shares"": 1000,
    ""price_per_share"": 250.00,
    """
NOW,2024-11-15,Elmer Russell S,S - Sale,1000.0,150.25,150250.0,"```json
[
  {
    ""date"": ""2024-11-15"",
    ""insider_name"": ""Elmer Russell S"",
    ""role"": ""Director"",
    ""transaction_type"": ""S - Sale"",
    ""shares"": 1000,
    ""price_per_share"": 150.25,
    ""total"
NOW,2024-12-20,Elmer Russell S,P - Purchase,500.0,145.75,72875.0,"```json
[
  {
    ""date"": ""2024-11-15"",
    ""insider_name"": ""Elmer Russell S"",
    ""role"": ""Director"",
    ""transaction_type"": ""S - Sale"",
    ""shares"": 1000,
    ""price_per_share"": 150.25,
    ""total"
NOW,2025-01-10,Elmer Russell S,S - Sale+OE,750.0,160.5,120375.0,"```json
[
  {
    ""date"": ""2024-11-15"",
    ""insider_name"": ""Elmer Russell S"",
    ""role"": ""Director"",
    ""transaction_type"": ""S - Sale"",
    ""shares"": 1000,
    ""price_per_share"": 150.25,
    ""total"
NOW,2025-03-05,Elmer Russell S,P - Purchase,300.0,155.0,46500.0,"```json
[
  {
    ""date"": ""2024-11-15"",
    ""insider_name"": ""Elmer Russell S"",
    ""role"": ""Director"",
    ""transaction_type"": ""S - Sale"",
    ""shares"": 1000,
    ""price_per_share"": 150.25,
    ""total"
NOW,2025-05-22,Elmer Russell S,S - Sale,1200.0,165.25,198300.0,"```json
[
  {
    ""date"": ""2024-11-15"",
    ""insider_name"": ""Elmer Russell S"",
    ""role"": ""Director"",
    ""transaction_type"": ""S - Sale"",
    ""shares"": 1000,
    ""price_per_share"": 150.25,
    ""total"
NOW,2024-11-15,McDermott William R,S - Sale,1000.0,250.0,250000.0,"```json
[
  {
    ""date"": ""2024-11-15"",
    ""insider_name"": ""McDermott William R"",
    ""role"": ""Director"",
    ""transaction_type"": ""S - Sale"",
    ""shares"": 1000,
    ""price_per_share"": 250.00,
    ""t"
NOW,2024-12-20,McDermott William R,P - Purchase,500.0,245.0,122500.0,"```json
[
  {
    ""date"": ""2024-11-15"",
    ""insider_name"": ""McDermott William R"",
    ""role"": ""Director"",
    ""transaction_type"": ""S - Sale"",
    ""shares"": 1000,
    ""price_per_share"": 250.00,
    ""t"
NOW,2025-01-10,McDermott William R,S - Sale+OE,750.0,260.0,195000.0,"```json
[
  {
    ""date"": ""2024-11-15"",
    ""insider_name"": ""McDermott William R"",
    ""role"": ""Director"",
    ""transaction_type"": ""S - Sale"",
    ""shares"": 1000,
    ""price_per_share"": 250.00,
    ""t"
NOW,2025-03-05,McDermott William R,P - Purchase,300.0,255.0,76500.0,"```json
[
  {
    ""date"": ""2024-11-15"",
    ""insider_name"": ""McDermott William R"",
    ""role"": ""Director"",
    ""transaction_type"": ""S - Sale"",
    ""shares"": 1000,
    ""price_per_share"": 250.00,
    ""t"
NOW,2025-05-20,McDermott William R,S - Sale,1200.0,270.0,324000.0,"```json
[
  {
    ""date"": ""2024-11-15"",
    ""insider_name"": ""McDermott William R"",
    ""role"": ""Director"",
    ""transaction_type"": ""S - Sale"",
    ""shares"": 1000,
    ""price_per_share"": 250.00,
    ""t"
NOW,2024-11-15,Tzitzon Nicholas,S - Sale,1000.0,250.0,250000.0,"```json
[
  {
    ""date"": ""2024-11-15"",
    ""insider_name"": ""Tzitzon Nicholas"",
    ""role"": ""Director"",
    ""transaction_type"": ""S - Sale"",
    ""shares"": 1000,
    ""price_per_share"": 250.00,
    ""tota"
NOW,2024-12-20,Tzitzon Nicholas,P - Purchase,500.0,240.0,120000.0,"```json
[
  {
    ""date"": ""2024-11-15"",
    ""insider_name"": ""Tzitzon Nicholas"",
    ""role"": ""Director"",
    ""transaction_type"": ""S - Sale"",
    ""shares"": 1000,
    ""price_per_share"": 250.00,
    ""tota"
NOW,2025-01-10,Tzitzon Nicholas,S - Sale+OE,750.0,245.0,183750.0,"```json
[
  {
    ""date"": ""2024-11-15"",
    ""insider_name"": ""Tzitzon Nicholas"",
    ""role"": ""Director"",
    ""transaction_type"": ""S - Sale"",
    ""shares"": 1000,
    ""price_per_share"": 250.00,
    ""tota"
NOW,2025-03-05,Tzitzon Nicholas,P - Purchase,300.0,235.0,70500.0,"```json
[
  {
    ""date"": ""2024-11-15"",
    ""insider_name"": ""Tzitzon Nicholas"",
    ""role"": ""Director"",
    ""transaction_type"": ""S - Sale"",
    ""shares"": 1000,
    ""price_per_share"": 250.00,
    ""tota"
NOW,2025-05-20,Tzitzon Nicholas,S - Sale,1200.0,260.0,312000.0,"```json
[
  {
    ""date"": ""2024-11-15"",
    ""insider_name"": ""Tzitzon Nicholas"",
    ""role"": ""Director"",
    ""transaction_type"": ""S - Sale"",
    ""shares"": 1000,
    ""price_per_share"": 250.00,
    ""tota"
NOW,2024-11-15,Sands Anita M,S - Sale,1000.0,250.5,250500.0,"```json
[
  {
    ""date"": ""2024-11-15"",
    ""insider_name"": ""Sands Anita M"",
    ""role"": ""Director"",
    ""transaction_type"": ""S - Sale"",
    ""shares"": 1000,
    ""price_per_share"": 250.50,
    ""total_v"
NOW,2024-12-20,Sands Anita M,P - Purchase,500.0,245.75,122875.0,"```json
[
  {
    ""date"": ""2024-11-15"",
    ""insider_name"": ""Sands Anita M"",
    ""role"": ""Director"",
    ""transaction_type"": ""S - Sale"",
    ""shares"": 1000,
    ""price_per_share"": 250.50,
    ""total_v"
NOW,2025-01-10,Sands Anita M,S - Sale+OE,1500.0,260.25,390375.0,"```json
[
  {
    ""date"": ""2024-11-15"",
    ""insider_name"": ""Sands Anita M"",
    ""role"": ""Director"",
    ""transaction_type"": ""S - Sale"",
    ""shares"": 1000,
    ""price_per_share"": 250.50,
    ""total_v"
NOW,2025-03-05,Sands Anita M,P - Purchase,300.0,255.0,76500.0,"```json
[
  {
    ""date"": ""2024-11-15"",
    ""insider_name"": ""Sands Anita M"",
    ""role"": ""Director"",
    ""transaction_type"": ""S - Sale"",
    ""shares"": 1000,
    ""price_per_share"": 250.50,
    ""total_v"
NOW,2025-05-22,Sands Anita M,S - Sale,800.0,270.5,216400.0,"```json
[
  {
    ""date"": ""2024-11-15"",
    ""insider_name"": ""Sands Anita M"",
    ""role"": ""Director"",
    ""transaction_type"": ""S - Sale"",
    ""shares"": 1000,
    ""price_per_share"": 250.50,
    ""total_v"
NOW,2024-11-15,Chamberlain Paul Edward,S - Sale,1000.0,250.0,250000.0,"```json
[
  {
    ""date"": ""2024-11-15"",
    ""insider_name"": ""Chamberlain Paul Edward"",
    ""role"": ""Director"",
    ""transaction_type"": ""S - Sale"",
    ""shares"": 1000,
    ""price_per_share"": 250.00,
  "
NOW,2024-12-20,Chamberlain Paul Edward,P - Purchase,500.0,240.0,120000.0,"```json
[
  {
    ""date"": ""2024-11-15"",
    ""insider_name"": ""Chamberlain Paul Edward"",
    ""role"": ""Director"",
    ""transaction_type"": ""S - Sale"",
    ""shares"": 1000,
    ""price_per_share"": 250.00,
  "
NOW,2025-01-10,Chamberlain Paul Edward,S - Sale+OE,750.0,260.0,195000.0,"```json
[
  {
    ""date"": ""2024-11-15"",
    ""insider_name"": ""Chamberlain Paul Edward"",
    ""role"": ""Director"",
    ""transaction_type"": ""S - Sale"",
    ""shares"": 1000,
    ""price_per_share"": 250.00,
  "
NOW,2025-03-05,Chamberlain Paul Edward,P - Purchase,300.0,270.0,81000.0,"```json
[
  {
    ""date"": ""2024-11-15"",
    ""insider_name"": ""Chamberlain Paul Edward"",
    ""role"": ""Director"",
    ""transaction_type"": ""S - Sale"",
    ""shares"": 1000,
    ""price_per_share"": 250.00,
  "
NOW,2025-05-20,Chamberlain Paul Edward,S - Sale,1200.0,280.0,336000.0,"```json
[
  {
    ""date"": ""2024-11-15"",
    ""insider_name"": ""Chamberlain Paul Edward"",
    ""role"": ""Director"",
    ""transaction_type"": ""S - Sale"",
    ""shares"": 1000,
    ""price_per_share"": 250.00,
  "
NOW,2024-11-15,Quinlan Larry,S - Sale,1000.0,250.0,250000.0,"```json
[
  {
    ""date"": ""2024-11-15"",
    ""insider_name"": ""Quinlan Larry"",
    ""role"": ""Director"",
    ""transaction_type"": ""S - Sale"",
    ""shares"": 1000,
    ""price_per_share"": 250.00,
    ""total_v"
NOW,2024-12-20,Quinlan Larry,P - Purchase,500.0,240.0,120000.0,"```json
[
  {
    ""date"": ""2024-11-15"",
    ""insider_name"": ""Quinlan Larry"",
    ""role"": ""Director"",
    ""transaction_type"": ""S - Sale"",
    ""shares"": 1000,
    ""price_per_share"": 250.00,
    ""total_v"
NOW,2025-01-10,Quinlan Larry,S - Sale+OE,750.0,260.0,195000.0,"```json
[
  {
    ""date"": ""2024-11-15"",
    ""insider_name"": ""Quinlan Larry"",
    ""role"": ""Director"",
    ""transaction_type"": ""S - Sale"",
    ""shares"": 1000,
    ""price_per_share"": 250.00,
    ""total_v"
NOW,2025-03-05,Quinlan Larry,P - Purchase,300.0,270.0,81000.0,"```json
[
  {
    ""date"": ""2024-11-15"",
    ""insider_name"": ""Quinlan Larry"",
    ""role"": ""Director"",
    ""transaction_type"": ""S - Sale"",
    ""shares"": 1000,
    ""price_per_share"": 250.00,
    ""total_v"
NOW,2025-05-20,Quinlan Larry,S - Sale,1200.0,280.0,336000.0,"```json
[
  {
    ""date"": ""2024-11-15"",
    ""insider_name"": ""Quinlan Larry"",
    ""role"": ""Director"",
    ""transaction_type"": ""S - Sale"",
    ""shares"": 1000,
    ""price_per_share"": 250.00,
    ""total_v"
NOW,2024-11-15,Smith Paul John,S - Sale,1000.0,150.25,150250.0,"```json
[
  {
    ""date"": ""2024-11-15"",
    ""insider_name"": ""Smith Paul John"",
    ""role"": ""Director"",
    ""transaction_type"": ""S - Sale"",
    ""shares"": 1000,
    ""price_per_share"": 150.25,
    ""total"
NOW,2024-12-20,Smith Paul John,P - Purchase,500.0,145.75,72875.0,"```json
[
  {
    ""date"": ""2024-11-15"",
    ""insider_name"": ""Smith Paul John"",
    ""role"": ""Director"",
    ""transaction_type"": ""S - Sale"",
    ""shares"": 1000,
    ""price_per_share"": 150.25,
    ""total"
NOW,2025-01-10,Smith Paul John,S - Sale+OE,750.0,160.5,120375.0,"```json
[
  {
    ""date"": ""2024-11-15"",
    ""insider_name"": ""Smith Paul John"",
    ""role"": ""Director"",
    ""transaction_type"": ""S - Sale"",
    ""shares"": 1000,
    ""price_per_share"": 150.25,
    ""total"
NOW,2025-03-05,Smith Paul John,P - Purchase,300.0,155.0,46500.0,"```json
[
  {
    ""date"": ""2024-11-15"",
    ""insider_name"": ""Smith Paul John"",
    ""role"": ""Director"",
    ""transaction_type"": ""S - Sale"",
    ""shares"": 1000,
    ""price_per_share"": 150.25,
    ""total"
NOW,2025-05-22,Smith Paul John,S - Sale,1200.0,165.25,198300.0,"```json
[
  {
    ""date"": ""2024-11-15"",
    ""insider_name"": ""Smith Paul John"",
    ""role"": ""Director"",
    ""transaction_type"": ""S - Sale"",
    ""shares"": 1000,
    ""price_per_share"": 150.25,
    ""total"
NOW,2024-11-15,Canney Jacqueline P,S - Sale,1000.0,250.0,250000.0,"```json
[
  {
    ""date"": ""2024-11-15"",
    ""insider_name"": ""Canney Jacqueline P"",
    ""role"": ""Director"",
    ""transaction_type"": ""S - Sale"",
    ""shares"": 1000,
    ""price_per_share"": 250.00,
    ""t"
NOW,2024-12-20,Canney Jacqueline P,P - Purchase,500.0,240.0,120000.0,"```json
[
  {
    ""date"": ""2024-11-15"",
    ""insider_name"": ""Canney Jacqueline P"",
    ""role"": ""Director"",
    ""transaction_type"": ""S - Sale"",
    ""shares"": 1000,
    ""price_per_share"": 250.00,
    ""t"
NOW,2025-01-10,Canney Jacqueline P,S - Sale+OE,750.0,260.0,195000.0,"```json
[
  {
    ""date"": ""2024-11-15"",
    ""insider_name"": ""Canney Jacqueline P"",
    ""role"": ""Director"",
    ""transaction_type"": ""S - Sale"",
    ""shares"": 1000,
    ""price_per_share"": 250.00,
    ""t"
NOW,2025-03-05,Canney Jacqueline P,P - Purchase,300.0,270.0,81000.0,"```json
[
  {
    ""date"": ""2024-11-15"",
    ""insider_name"": ""Canney Jacqueline P"",
    ""role"": ""Director"",
    ""transaction_type"": ""S - Sale"",
    ""shares"": 1000,
    ""price_per_share"": 250.00,
    ""t"
NOW,2025-05-20,Canney Jacqueline P,S - Sale,1200.0,280.0,336000.0,"```json
[
  {
    ""date"": ""2024-11-15"",
    ""insider_name"": ""Canney Jacqueline P"",
    ""role"": ""Director"",
    ""transaction_type"": ""S - Sale"",
    ""shares"": 1000,
    ""price_per_share"": 250.00,
    ""t"
NOW,2024-11-15,Mastantuono Gina,S - Sale,1000.0,250.0,250000.0,"```json
[
  {
    ""date"": ""2024-11-15"",
    ""insider_name"": ""Mastantuono Gina"",
    ""role"": ""Director"",
    ""transaction_type"": ""S - Sale"",
    ""shares"": 1000,
    ""price_per_share"": 250.00,
    ""tota"
NOW,2024-12-20,Mastantuono Gina,P - Purchase,500.0,240.0,120000.0,"```json
[
  {
    ""date"": ""2024-11-15"",
    ""insider_name"": ""Mastantuono Gina"",
    ""role"": ""Director"",
    ""transaction_type"": ""S - Sale"",
    ""shares"": 1000,
    ""price_per_share"": 250.00,
    ""tota"
NOW,2025-01-10,Mastantuono Gina,S - Sale+OE,750.0,245.0,183750.0,"```json
[
  {
    ""date"": ""2024-11-15"",
    ""insider_name"": ""Mastantuono Gina"",
    ""role"": ""Director"",
    ""transaction_type"": ""S - Sale"",
    ""shares"": 1000,
    ""price_per_share"": 250.00,
    ""tota"
NOW,2025-03-05,Mastantuono Gina,P - Purchase,300.0,235.0,70500.0,"```json
[
  {
    ""date"": ""2024-11-15"",
    ""insider_name"": ""Mastantuono Gina"",
    ""role"": ""Director"",
    ""transaction_type"": ""S - Sale"",
    ""shares"": 1000,
    ""price_per_share"": 250.00,
    ""tota"
NOW,2025-05-20,Mastantuono Gina,S - Sale,1200.0,260.0,312000.0,"```json
[
  {
    ""date"": ""2024-11-15"",
    ""insider_name"": ""Mastantuono Gina"",
    ""role"": ""Director"",
    ""transaction_type"": ""S - Sale"",
    ""shares"": 1000,
    ""price_per_share"": 250.00,
    ""tota"
NOW,2024-11-15,Tzitzon Nicholas,S - Sale,1000.0,250.0,250000.0,"```json
[
  {
    ""date"": ""2024-11-15"",
    ""insider_name"": ""Tzitzon Nicholas"",
    ""role"": ""Director"",
    ""transaction_type"": ""S - Sale"",
    ""shares"": 1000,
    ""price_per_share"": 250.00,
    ""tota"
NOW,2024-12-20,Tzitzon Nicholas,P - Purchase,500.0,240.0,120000.0,"```json
[
  {
    ""date"": ""2024-11-15"",
    ""insider_name"": ""Tzitzon Nicholas"",
    ""role"": ""Director"",
    ""transaction_type"": ""S - Sale"",
    ""shares"": 1000,
    ""price_per_share"": 250.00,
    ""tota"
NOW,2025-01-10,Tzitzon Nicholas,S - Sale+OE,750.0,245.0,183750.0,"```json
[
  {
    ""date"": ""2024-11-15"",
    ""insider_name"": ""Tzitzon Nicholas"",
    ""role"": ""Director"",
    ""transaction_type"": ""S - Sale"",
    ""shares"": 1000,
    ""price_per_share"": 250.00,
    ""tota"
NOW,2025-03-05,Tzitzon Nicholas,P - Purchase,300.0,235.0,70500.0,"```json
[
  {
    ""date"": ""2024-11-15"",
    ""insider_name"": ""Tzitzon Nicholas"",
    ""role"": ""Director"",
    ""transaction_type"": ""S - Sale"",
    ""shares"": 1000,
    ""price_per_share"": 250.00,
    ""tota"
NOW,2025-05-20,Tzitzon Nicholas,S - Sale,1200.0,260.0,312000.0,"```json
[
  {
    ""date"": ""2024-11-15"",
    ""insider_name"": ""Tzitzon Nicholas"",
    ""role"": ""Director"",
    ""transaction_type"": ""S - Sale"",
    ""shares"": 1000,
    ""price_per_share"": 250.00,
    ""tota"
NOW,2024-11-15,Black Deborah,S - Sale,1000.0,250.5,250500.0,"```json
[
  {
    ""date"": ""2024-11-15"",
    ""insider_name"": ""Black Deborah"",
    ""role"": ""Director"",
    ""transaction_type"": ""S - Sale"",
    ""shares"": 1000,
    ""price_per_share"": 250.50,
    ""total_v"
NOW,2024-12-20,Black Deborah,P - Purchase,500.0,245.75,122875.0,"```json
[
  {
    ""date"": ""2024-11-15"",
    ""insider_name"": ""Black Deborah"",
    ""role"": ""Director"",
    ""transaction_type"": ""S - Sale"",
    ""shares"": 1000,
    ""price_per_share"": 250.50,
    ""total_v"
NOW,2025-01-10,Black Deborah,S - Sale+OE,750.0,260.25,195187.5,"```json
[
  {
    ""date"": ""2024-11-15"",
    ""insider_name"": ""Black Deborah"",
    ""role"": ""Director"",
    ""transaction_type"": ""S - Sale"",
    ""shares"": 1000,
    ""price_per_share"": 250.50,
    ""total_v"
NOW,2025-02-28,Black Deborah,P - Purchase,300.0,255.0,76500.0,"```json
[
  {
    ""date"": ""2024-11-15"",
    ""insider_name"": ""Black Deborah"",
    ""role"": ""Director"",
    ""transaction_type"": ""S - Sale"",
    ""shares"": 1000,
    ""price_per_share"": 250.50,
    ""total_v"
NOW,2025-03-15,Black Deborah,S - Sale,1200.0,265.5,318600.0,"```json
[
  {
    ""date"": ""2024-11-15"",
    ""insider_name"": ""Black Deborah"",
    ""role"": ""Director"",
    ""transaction_type"": ""S - Sale"",
    ""shares"": 1000,
    ""price_per_share"": 250.50,
    ""total_v"
NOW,2025-04-22,Black Deborah,P - Purchase,600.0,270.0,162000.0,"```json
[
  {
    ""date"": ""2024-11-15"",
    ""insider_name"": ""Black Deborah"",
    ""role"": ""Director"",
    ""transaction_type"": ""S - Sale"",
    ""shares"": 1000,
    ""price_per_share"": 250.50,
    ""total_v"
NOW,2025-05-30,Black Deborah,S - Sale+OE,800.0,275.25,220200.0,"```json
[
  {
    ""date"": ""2024-11-15"",
    ""insider_name"": ""Black Deborah"",
    ""role"": ""Director"",
    ""transaction_type"": ""S - Sale"",
    ""shares"": 1000,
    ""price_per_share"": 250.50,
    ""total_v"
NOW,2024-11-15,Chadwick Jonathan,S - Sale,1000.0,150.25,150250.0,"```json
[
  {
    ""date"": ""2024-11-15"",
    ""insider_name"": ""Chadwick Jonathan"",
    ""role"": ""Director"",
    ""transaction_type"": ""S - Sale"",
    ""shares"": 1000,
    ""price_per_share"": 150.25,
    ""tot"
NOW,2024-12-20,Chadwick Jonathan,P - Purchase,500.0,145.75,72875.0,"```json
[
  {
    ""date"": ""2024-11-15"",
    ""insider_name"": ""Chadwick Jonathan"",
    ""role"": ""Director"",
    ""transaction_type"": ""S - Sale"",
    ""shares"": 1000,
    ""price_per_share"": 150.25,
    ""tot"
NOW,2025-01-10,Chadwick Jonathan,S - Sale+OE,750.0,160.5,120375.0,"```json
[
  {
    ""date"": ""2024-11-15"",
    ""insider_name"": ""Chadwick Jonathan"",
    ""role"": ""Director"",
    ""transaction_type"": ""S - Sale"",
    ""shares"": 1000,
    ""price_per_share"": 150.25,
    ""tot"
NOW,2025-03-05,Chadwick Jonathan,P - Purchase,300.0,155.0,46500.0,"```json
[
  {
    ""date"": ""2024-11-15"",
    ""insider_name"": ""Chadwick Jonathan"",
    ""role"": ""Director"",
    ""transaction_type"": ""S - Sale"",
    ""shares"": 1000,
    ""price_per_share"": 150.25,
    ""tot"
NOW,2025-05-22,Chadwick Jonathan,S - Sale,1200.0,165.25,198300.0,"```json
[
  {
    ""date"": ""2024-11-15"",
    ""insider_name"": ""Chadwick Jonathan"",
    ""role"": ""Director"",
    ""transaction_type"": ""S - Sale"",
    ""shares"": 1000,
    ""price_per_share"": 150.25,
    ""tot"
NOW,2024-11-15,Luddy Frederic B,S - Sale,1000.0,250.0,250000.0,"```json
[
  {
    ""date"": ""2024-11-15"",
    ""insider_name"": ""Luddy Frederic B"",
    ""role"": ""Director"",
    ""transaction_type"": ""S - Sale"",
    ""shares"": 1000,
    ""price_per_share"": 250.00,
    ""tota"
NOW,2024-12-20,Luddy Frederic B,P - Purchase,500.0,240.0,120000.0,"```json
[
  {
    ""date"": ""2024-11-15"",
    ""insider_name"": ""Luddy Frederic B"",
    ""role"": ""Director"",
    ""transaction_type"": ""S - Sale"",
    ""shares"": 1000,
    ""price_per_share"": 250.00,
    ""tota"
NOW,2025-01-10,Luddy Frederic B,S - Sale+OE,750.0,245.0,183750.0,"```json
[
  {
    ""date"": ""2024-11-15"",
    ""insider_name"": ""Luddy Frederic B"",
    ""role"": ""Director"",
    ""transaction_type"": ""S - Sale"",
    ""shares"": 1000,
    ""price_per_share"": 250.00,
    ""tota"
NOW,2025-03-05,Luddy Frederic B,P - Purchase,300.0,235.0,70500.0,"```json
[
  {
    ""date"": ""2024-11-15"",
    ""insider_name"": ""Luddy Frederic B"",
    ""role"": ""Director"",
    ""transaction_type"": ""S - Sale"",
    ""shares"": 1000,
    ""price_per_share"": 250.00,
    ""tota"
NOW,2025-05-20,Luddy Frederic B,S - Sale,1200.0,260.0,312000.0,"```json
[
  {
    ""date"": ""2024-11-15"",
    ""insider_name"": ""Luddy Frederic B"",
    ""role"": ""Director"",
    ""transaction_type"": ""S - Sale"",
    ""shares"": 1000,
    ""price_per_share"": 250.00,
    ""tota"
NOW,2024-11-15,Briggs Teresa,S - Sale,1000.0,250.0,250000.0,"```json
[
  {
    ""date"": ""2024-11-15"",
    ""insider_name"": ""Briggs Teresa"",
    ""role"": ""Director"",
    ""transaction_type"": ""S - Sale"",
    ""shares"": 1000,
    ""price_per_share"": 250.00,
    ""total_v"
NOW,2024-12-20,Briggs Teresa,P - Purchase,500.0,240.0,120000.0,"```json
[
  {
    ""date"": ""2024-11-15"",
    ""insider_name"": ""Briggs Teresa"",
    ""role"": ""Director"",
    ""transaction_type"": ""S - Sale"",
    ""shares"": 1000,
    ""price_per_share"": 250.00,
    ""total_v"
NOW,2025-01-10,Briggs Teresa,S - Sale+OE,750.0,260.0,195000.0,"```json
[
  {
    ""date"": ""2024-11-15"",
    ""insider_name"": ""Briggs Teresa"",
    ""role"": ""Director"",
    ""transaction_type"": ""S - Sale"",
    ""shares"": 1000,
    ""price_per_share"": 250.00,
    ""total_v"
NOW,2025-03-05,Briggs Teresa,P - Purchase,300.0,270.0,81000.0,"```json
[
  {
    ""date"": ""2024-11-15"",
    ""insider_name"": ""Briggs Teresa"",
    ""role"": ""Director"",
    ""transaction_type"": ""S - Sale"",
    ""shares"": 1000,
    ""price_per_share"": 250.00,
    ""total_v"
NOW,2025-05-20,Briggs Teresa,S - Sale,1200.0,280.0,336000.0,"```json
[
  {
    ""date"": ""2024-11-15"",
    ""insider_name"": ""Briggs Teresa"",
    ""role"": ""Director"",
    ""transaction_type"": ""S - Sale"",
    ""shares"": 1000,
    ""price_per_share"": 250.00,
    ""total_v"
NVDA,2024-11-15,Dabiri John,S - Sale,1000.0,100.5,100500.0,"```json
[
  {
    ""date"": ""2024-11-15"",
    ""insider_name"": ""Dabiri John"",
    ""role"": ""Director"",
    ""transaction_type"": ""S - Sale"",
    ""shares"": 1000,
    ""price_per_share"": 100.50,
    ""total_val"
NVDA,2024-12-20,Dabiri John,P - Purchase,500.0,95.25,47625.0,"```json
[
  {
    ""date"": ""2024-11-15"",
    ""insider_name"": ""Dabiri John"",
    ""role"": ""Director"",
    ""transaction_type"": ""S - Sale"",
    ""shares"": 1000,
    ""price_per_share"": 100.50,
    ""total_val"
NVDA,2025-01-10,Dabiri John,S - Sale+OE,750.0,105.75,79312.5,"```json
[
  {
    ""date"": ""2024-11-15"",
    ""insider_name"": ""Dabiri John"",
    ""role"": ""Director"",
    ""transaction_type"": ""S - Sale"",
    ""shares"": 1000,
    ""price_per_share"": 100.50,
    ""total_val"
NVDA,2025-03-05,Dabiri John,P - Purchase,300.0,110.0,33000.0,"```json
[
  {
    ""date"": ""2024-11-15"",
    ""insider_name"": ""Dabiri John"",
    ""role"": ""Director"",
    ""transaction_type"": ""S - Sale"",
    ""shares"": 1000,
    ""price_per_share"": 100.50,
    ""total_val"
NVDA,2025-05-20,Dabiri John,S - Sale,1200.0,115.5,138600.0,"```json
[
  {
    ""date"": ""2024-11-15"",
    ""insider_name"": ""Dabiri John"",
    ""role"": ""Director"",
    ""transaction_type"": ""S - Sale"",
    ""shares"": 1000,
    ""price_per_share"": 100.50,
    ""total_val"
NVDA,2024-11-15,Robertson Donald F Jr,S - Sale,1000.0,100.5,100500.0,"```json
[
  {
    ""date"": ""2024-11-15"",
    ""insider_name"": ""Robertson Donald F Jr"",
    ""role"": ""Director"",
    ""transaction_type"": ""S - Sale"",
    ""shares"": 1000,
    ""price_per_share"": 100.50,
    "
NVDA,2024-12-20,Robertson Donald F Jr,P - Purchase,500.0,95.25,47625.0,"```json
[
  {
    ""date"": ""2024-11-15"",
    ""insider_name"": ""Robertson Donald F Jr"",
    ""role"": ""Director"",
    ""transaction_type"": ""S - Sale"",
    ""shares"": 1000,
    ""price_per_share"": 100.50,
    "
NVDA,2025-01-10,Robertson Donald F Jr,S - Sale+OE,750.0,105.75,79312.5,"```json
[
  {
    ""date"": ""2024-11-15"",
    ""insider_name"": ""Robertson Donald F Jr"",
    ""role"": ""Director"",
    ""transaction_type"": ""S - Sale"",
    ""shares"": 1000,
    ""price_per_share"": 100.50,
    "
NVDA,2025-03-05,Robertson Donald F Jr,P - Purchase,300.0,110.0,33000.0,"```json
[
  {
    ""date"": ""2024-11-15"",
    ""insider_name"": ""Robertson Donald F Jr"",
    ""role"": ""Director"",
    ""transaction_type"": ""S - Sale"",
    ""shares"": 1000,
    ""price_per_share"": 100.50,
    "
NVDA,2025-05-20,Robertson Donald F Jr,S - Sale,1200.0,115.5,138600.0,"```json
[
  {
    ""date"": ""2024-11-15"",
    ""insider_name"": ""Robertson Donald F Jr"",
    ""role"": ""Director"",
    ""transaction_type"": ""S - Sale"",
    ""shares"": 1000,
    ""price_per_share"": 100.50,
    "
NVDA,2024-11-15,Kress Colette,S - Sale,5000.0,100.5,502500.0,"```json
[
  {
    ""date"": ""2024-11-15"",
    ""insider_name"": ""Kress Colette"",
    ""role"": ""Director"",
    ""transaction_type"": ""S - Sale"",
    ""shares"": 5000,
    ""price_per_share"": 100.50,
    ""total_v"
NVDA,2024-12-20,Kress Colette,P - Purchase,3000.0,95.25,285750.0,"```json
[
  {
    ""date"": ""2024-11-15"",
    ""insider_name"": ""Kress Colette"",
    ""role"": ""Director"",
    ""transaction_type"": ""S - Sale"",
    ""shares"": 5000,
    ""price_per_share"": 100.50,
    ""total_v"
NVDA,2025-01-10,Kress Colette,S - Sale+OE,4000.0,105.75,423000.0,"```json
[
  {
    ""date"": ""2024-11-15"",
    ""insider_name"": ""Kress Colette"",
    ""role"": ""Director"",
    ""transaction_type"": ""S - Sale"",
    ""shares"": 5000,
    ""price_per_share"": 100.50,
    ""total_v"
NVDA,2025-03-05,Kress Colette,P - Purchase,2000.0,110.0,220000.0,"```json
[
  {
    ""date"": ""2024-11-15"",
    ""insider_name"": ""Kress Colette"",
    ""role"": ""Director"",
    ""transaction_type"": ""S - Sale"",
    ""shares"": 5000,
    ""price_per_share"": 100.50,
    ""total_v"
NVDA,2025-05-20,Kress Colette,S - Sale,3500.0,115.5,404250.0,"```json
[
  {
    ""date"": ""2024-11-15"",
    ""insider_name"": ""Kress Colette"",
    ""role"": ""Director"",
    ""transaction_type"": ""S - Sale"",
    ""shares"": 5000,
    ""price_per_share"": 100.50,
    ""total_v"
NVDA,2024-11-15,Coxe Tench,S - Sale,5000.0,100.5,502500.0,"```json
[
  {
    ""date"": ""2024-11-15"",
    ""insider_name"": ""Coxe Tench"",
    ""role"": ""Director"",
    ""transaction_type"": ""S - Sale"",
    ""shares"": 5000,
    ""price_per_share"": 100.50,
    ""total_valu"
NVDA,2024-12-20,Coxe Tench,P - Purchase,3000.0,95.25,285750.0,"```json
[
  {
    ""date"": ""2024-11-15"",
    ""insider_name"": ""Coxe Tench"",
    ""role"": ""Director"",
    ""transaction_type"": ""S - Sale"",
    ""shares"": 5000,
    ""price_per_share"": 100.50,
    ""total_valu"
NVDA,2025-01-10,Coxe Tench,S - Sale+OE,7000.0,105.75,740250.0,"```json
[
  {
    ""date"": ""2024-11-15"",
    ""insider_name"": ""Coxe Tench"",
    ""role"": ""Director"",
    ""transaction_type"": ""S - Sale"",
    ""shares"": 5000,
    ""price_per_share"": 100.50,
    ""total_valu"
NVDA,2025-03-05,Coxe Tench,P - Purchase,4000.0,110.0,440000.0,"```json
[
  {
    ""date"": ""2024-11-15"",
    ""insider_name"": ""Coxe Tench"",
    ""role"": ""Director"",
    ""transaction_type"": ""S - Sale"",
    ""shares"": 5000,
    ""price_per_share"": 100.50,
    ""total_valu"
NVDA,2025-05-20,Coxe Tench,S - Sale,6000.0,115.5,693000.0,"```json
[
  {
    ""date"": ""2024-11-15"",
    ""insider_name"": ""Coxe Tench"",
    ""role"": ""Director"",
    ""transaction_type"": ""S - Sale"",
    ""shares"": 5000,
    ""price_per_share"": 100.50,
    ""total_valu"
NVDA,2024-11-15,Puri Ajay K,S - Sale,1000.0,100.5,100500.0,"```json
[
  {
    ""date"": ""2024-11-15"",
    ""insider_name"": ""Puri Ajay K"",
    ""role"": ""Director"",
    ""transaction_type"": ""S - Sale"",
    ""shares"": 1000,
    ""price_per_share"": 100.50,
    ""total_val"
NVDA,2024-12-20,Puri Ajay K,P - Purchase,500.0,95.25,47625.0,"```json
[
  {
    ""date"": ""2024-11-15"",
    ""insider_name"": ""Puri Ajay K"",
    ""role"": ""Director"",
    ""transaction_type"": ""S - Sale"",
    ""shares"": 1000,
    ""price_per_share"": 100.50,
    ""total_val"
NVDA,2025-01-10,Puri Ajay K,S - Sale+OE,750.0,105.75,79312.5,"```json
[
  {
    ""date"": ""2024-11-15"",
    ""insider_name"": ""Puri Ajay K"",
    ""role"": ""Director"",
    ""transaction_type"": ""S - Sale"",
    ""shares"": 1000,
    ""price_per_share"": 100.50,
    ""total_val"
NVDA,2025-03-05,Puri Ajay K,P - Purchase,300.0,110.0,33000.0,"```json
[
  {
    ""date"": ""2024-11-15"",
    ""insider_name"": ""Puri Ajay K"",
    ""role"": ""Director"",
    ""transaction_type"": ""S - Sale"",
    ""shares"": 1000,
    ""price_per_share"": 100.50,
    ""total_val"
NVDA,2025-05-20,Puri Ajay K,S - Sale,1200.0,115.5,138600.0,"```json
[
  {
    ""date"": ""2024-11-15"",
    ""insider_name"": ""Puri Ajay K"",
    ""role"": ""Director"",
    ""transaction_type"": ""S - Sale"",
    ""shares"": 1000,
    ""price_per_share"": 100.50,
    ""total_val"
NVDA,2024-11-15,Burgess Robert K,S - Sale,1000.0,100.5,100500.0,"```json
[
  {
    ""date"": ""2024-11-15"",
    ""insider_name"": ""Burgess Robert K"",
    ""role"": ""Director"",
    ""transaction_type"": ""S - Sale"",
    ""shares"": 1000,
    ""price_per_share"": 100.50,
    ""tota"
NVDA,2024-12-20,Burgess Robert K,P - Purchase,500.0,95.25,47625.0,"```json
[
  {
    ""date"": ""2024-11-15"",
    ""insider_name"": ""Burgess Robert K"",
    ""role"": ""Director"",
    ""transaction_type"": ""S - Sale"",
    ""shares"": 1000,
    ""price_per_share"": 100.50,
    ""tota"
NVDA,2025-01-10,Burgess Robert K,S - Sale+OE,750.0,105.75,79312.5,"```json
[
  {
    ""date"": ""2024-11-15"",
    ""insider_name"": ""Burgess Robert K"",
    ""role"": ""Director"",
    ""transaction_type"": ""S - Sale"",
    ""shares"": 1000,
    ""price_per_share"": 100.50,
    ""tota"
NVDA,2025-03-05,Burgess Robert K,P - Purchase,300.0,110.0,33000.0,"```json
[
  {
    ""date"": ""2024-11-15"",
    ""insider_name"": ""Burgess Robert K"",
    ""role"": ""Director"",
    ""transaction_type"": ""S - Sale"",
    ""shares"": 1000,
    ""price_per_share"": 100.50,
    ""tota"
NVDA,2025-05-20,Burgess Robert K,S - Sale,1200.0,115.5,138600.0,"```json
[
  {
    ""date"": ""2024-11-15"",
    ""insider_name"": ""Burgess Robert K"",
    ""role"": ""Director"",
    ""transaction_type"": ""S - Sale"",
    ""shares"": 1000,
    ""price_per_share"": 100.50,
    ""tota"
NVDA,2024-11-15,Shah Aarti S.,S - Sale,1000.0,100.5,100500.0,"```json
[
  {
    ""date"": ""2024-11-15"",
    ""insider_name"": ""Shah Aarti S."",
    ""role"": ""Director"",
    ""transaction_type"": ""S - Sale"",
    ""shares"": 1000,
    ""price_per_share"": 100.50,
    ""total_v"
NVDA,2024-12-20,Shah Aarti S.,P - Purchase,500.0,95.25,47625.0,"```json
[
  {
    ""date"": ""2024-11-15"",
    ""insider_name"": ""Shah Aarti S."",
    ""role"": ""Director"",
    ""transaction_type"": ""S - Sale"",
    ""shares"": 1000,
    ""price_per_share"": 100.50,
    ""total_v"
NVDA,2025-01-10,Shah Aarti S.,S - Sale+OE,750.0,105.75,79312.5,"```json
[
  {
    ""date"": ""2024-11-15"",
    ""insider_name"": ""Shah Aarti S."",
    ""role"": ""Director"",
    ""transaction_type"": ""S - Sale"",
    ""shares"": 1000,
    ""price_per_share"": 100.50,
    ""total_v"
NVDA,2025-03-05,Shah Aarti S.,P - Purchase,300.0,110.0,33000.0,"```json
[
  {
    ""date"": ""2024-11-15"",
    ""insider_name"": ""Shah Aarti S."",
    ""role"": ""Director"",
    ""transaction_type"": ""S - Sale"",
    ""shares"": 1000,
    ""price_per_share"": 100.50,
    ""total_v"
NVDA,2025-05-20,Shah Aarti S.,S - Sale,1200.0,115.5,138600.0,"```json
[
  {
    ""date"": ""2024-11-15"",
    ""insider_name"": ""Shah Aarti S."",
    ""role"": ""Director"",
    ""transaction_type"": ""S - Sale"",
    ""shares"": 1000,
    ""price_per_share"": 100.50,
    ""total_v"
ORCL,2024-11-15,Catz Safra,S - Sale,10000.0,95.5,955000.0,"```json
[
  {
    ""date"": ""2024-11-15"",
    ""insider_name"": ""Catz Safra"",
    ""role"": ""Director"",
    ""transaction_type"": ""S - Sale"",
    ""shares"": 10000,
    ""price_per_share"": 95.50,
    ""total_valu"
ORCL,2024-12-20,Catz Safra,P - Purchase,5000.0,90.25,451250.0,"```json
[
  {
    ""date"": ""2024-11-15"",
    ""insider_name"": ""Catz Safra"",
    ""role"": ""Director"",
    ""transaction_type"": ""S - Sale"",
    ""shares"": 10000,
    ""price_per_share"": 95.50,
    ""total_valu"
ORCL,2025-01-10,Catz Safra,S - Sale+OE,15000.0,92.75,1391250.0,"```json
[
  {
    ""date"": ""2024-11-15"",
    ""insider_name"": ""Catz Safra"",
    ""role"": ""Director"",
    ""transaction_type"": ""S - Sale"",
    ""shares"": 10000,
    ""price_per_share"": 95.50,
    ""total_valu"
ORCL,2025-02-28,Catz Safra,P - Purchase,3000.0,88.5,265500.0,"```json
[
  {
    ""date"": ""2024-11-15"",
    ""insider_name"": ""Catz Safra"",
    ""role"": ""Director"",
    ""transaction_type"": ""S - Sale"",
    ""shares"": 10000,
    ""price_per_share"": 95.50,
    ""total_valu"
ORCL,2025-03-15,Catz Safra,S - Sale,8000.0,91.0,728000.0,"```json
[
  {
    ""date"": ""2024-11-15"",
    ""insider_name"": ""Catz Safra"",
    ""role"": ""Director"",
    ""transaction_type"": ""S - Sale"",
    ""shares"": 10000,
    ""price_per_share"": 95.50,
    ""total_valu"
ORCL,2025-04-30,Catz Safra,P - Purchase,4000.0,89.75,359000.0,"```json
[
  {
    ""date"": ""2024-11-15"",
    ""insider_name"": ""Catz Safra"",
    ""role"": ""Director"",
    ""transaction_type"": ""S - Sale"",
    ""shares"": 10000,
    ""price_per_share"": 95.50,
    ""total_valu"
ORCL,2025-05-20,Catz Safra,S - Sale+OE,12000.0,93.5,1122000.0,"```json
[
  {
    ""date"": ""2024-11-15"",
    ""insider_name"": ""Catz Safra"",
    ""role"": ""Director"",
    ""transaction_type"": ""S - Sale"",
    ""shares"": 10000,
    ""price_per_share"": 95.50,
    ""total_valu"
ORCL,2024-11-15,Moorman Charles W,S - Sale,10000.0,95.5,955000.0,"```json
[
  {
    ""date"": ""2024-11-15"",
    ""insider_name"": ""Moorman Charles W"",
    ""role"": ""Director"",
    ""transaction_type"": ""S - Sale"",
    ""shares"": 10000,
    ""price_per_share"": 95.50,
    ""tot"
ORCL,2024-12-20,Moorman Charles W,P - Purchase,5000.0,90.25,451250.0,"```json
[
  {
    ""date"": ""2024-11-15"",
    ""insider_name"": ""Moorman Charles W"",
    ""role"": ""Director"",
    ""transaction_type"": ""S - Sale"",
    ""shares"": 10000,
    ""price_per_share"": 95.50,
    ""tot"
ORCL,2025-01-10,Moorman Charles W,S - Sale+OE,7500.0,92.75,695625.0,"```json
[
  {
    ""date"": ""2024-11-15"",
    ""insider_name"": ""Moorman Charles W"",
    ""role"": ""Director"",
    ""transaction_type"": ""S - Sale"",
    ""shares"": 10000,
    ""price_per_share"": 95.50,
    ""tot"
ORCL,2025-03-05,Moorman Charles W,P - Purchase,3000.0,88.5,265500.0,"```json
[
  {
    ""date"": ""2024-11-15"",
    ""insider_name"": ""Moorman Charles W"",
    ""role"": ""Director"",
    ""transaction_type"": ""S - Sale"",
    ""shares"": 10000,
    ""price_per_share"": 95.50,
    ""tot"
ORCL,2025-05-20,Moorman Charles W,S - Sale,12000.0,97.25,1167000.0,"```json
[
  {
    ""date"": ""2024-11-15"",
    ""insider_name"": ""Moorman Charles W"",
    ""role"": ""Director"",
    ""transaction_type"": ""S - Sale"",
    ""shares"": 10000,
    ""price_per_share"": 95.50,
    ""tot"
ORCL,2024-11-15,Boskin Michael J,S - Sale,1000.0,120.5,120500.0,"```json
[
  {
    ""date"": ""2024-11-15"",
    ""insider_name"": ""Boskin Michael J"",
    ""role"": ""Director"",
    ""transaction_type"": ""S - Sale"",
    ""shares"": 1000,
    ""price_per_share"": 120.50,
    ""tota"
ORCL,2024-12-20,Boskin Michael J,P - Purchase,500.0,115.75,57875.0,"```json
[
  {
    ""date"": ""2024-11-15"",
    ""insider_name"": ""Boskin Michael J"",
    ""role"": ""Director"",
    ""transaction_type"": ""S - Sale"",
    ""shares"": 1000,
    ""price_per_share"": 120.50,
    ""tota"
ORCL,2025-01-10,Boskin Michael J,S - Sale+OE,750.0,122.0,91500.0,"```json
[
  {
    ""date"": ""2024-11-15"",
    ""insider_name"": ""Boskin Michael J"",
    ""role"": ""Director"",
    ""transaction_type"": ""S - Sale"",
    ""shares"": 1000,
    ""price_per_share"": 120.50,
    ""tota"
ORCL,2025-03-05,Boskin Michael J,P - Purchase,300.0,118.25,35475.0,"```json
[
  {
    ""date"": ""2024-11-15"",
    ""insider_name"": ""Boskin Michael J"",
    ""role"": ""Director"",
    ""transaction_type"": ""S - Sale"",
    ""shares"": 1000,
    ""price_per_share"": 120.50,
    ""tota"
ORCL,2025-05-22,Boskin Michael J,S - Sale,1200.0,125.0,150000.0,"```json
[
  {
    ""date"": ""2024-11-15"",
    ""insider_name"": ""Boskin Michael J"",
    ""role"": ""Director"",
    ""transaction_type"": ""S - Sale"",
    ""shares"": 1000,
    ""price_per_share"": 120.50,
    ""tota"
ORCL,2024-11-15,Seligman Naomi O,S - Sale,1000.0,95.5,95500.0,"```json
[
  {
    ""date"": ""2024-11-15"",
    ""insider_name"": ""Seligman Naomi O"",
    ""role"": ""Director"",
    ""transaction_type"": ""S - Sale"",
    ""shares"": 1000,
    ""price_per_share"": 95.50,
    ""total"
ORCL,2024-12-20,Seligman Naomi O,P - Purchase,500.0,90.25,45125.0,"```json
[
  {
    ""date"": ""2024-11-15"",
    ""insider_name"": ""Seligman Naomi O"",
    ""role"": ""Director"",
    ""transaction_type"": ""S - Sale"",
    ""shares"": 1000,
    ""price_per_share"": 95.50,
    ""total"
ORCL,2025-01-10,Seligman Naomi O,S - Sale+OE,1500.0,92.75,139125.0,"```json
[
  {
    ""date"": ""2024-11-15"",
    ""insider_name"": ""Seligman Naomi O"",
    ""role"": ""Director"",
    ""transaction_type"": ""S - Sale"",
    ""shares"": 1000,
    ""price_per_share"": 95.50,
    ""total"
ORCL,2025-03-05,Seligman Naomi O,P - Purchase,300.0,88.5,26550.0,"```json
[
  {
    ""date"": ""2024-11-15"",
    ""insider_name"": ""Seligman Naomi O"",
    ""role"": ""Director"",
    ""transaction_type"": ""S - Sale"",
    ""shares"": 1000,
    ""price_per_share"": 95.50,
    ""total"
ORCL,2025-05-20,Seligman Naomi O,S - Sale,800.0,94.0,75200.0,"```json
[
  {
    ""date"": ""2024-11-15"",
    ""insider_name"": ""Seligman Naomi O"",
    ""role"": ""Director"",
    ""transaction_type"": ""S - Sale"",
    ""shares"": 1000,
    ""price_per_share"": 95.50,
    ""total"
ORCL,2024-11-15,Panetta Leon E,S - Sale,5000.0,95.5,477500.0,"```json
[
  {
    ""date"": ""2024-11-15"",
    ""insider_name"": ""Panetta Leon E"",
    ""role"": ""Director"",
    ""transaction_type"": ""S - Sale"",
    ""shares"": 5000,
    ""price_per_share"": 95.50,
    ""total_v"
ORCL,2024-12-20,Panetta Leon E,P - Purchase,2000.0,90.25,180500.0,"```json
[
  {
    ""date"": ""2024-11-15"",
    ""insider_name"": ""Panetta Leon E"",
    ""role"": ""Director"",
    ""transaction_type"": ""S - Sale"",
    ""shares"": 5000,
    ""price_per_share"": 95.50,
    ""total_v"
ORCL,2025-02-10,Panetta Leon E,S - Sale+OE,3000.0,92.75,278250.0,"```json
[
  {
    ""date"": ""2024-11-15"",
    ""insider_name"": ""Panetta Leon E"",
    ""role"": ""Director"",
    ""transaction_type"": ""S - Sale"",
    ""shares"": 5000,
    ""price_per_share"": 95.50,
    ""total_v"
ORCL,2025-03-15,Panetta Leon E,P - Purchase,1500.0,88.5,132750.0,"```json
[
  {
    ""date"": ""2024-11-15"",
    ""insider_name"": ""Panetta Leon E"",
    ""role"": ""Director"",
    ""transaction_type"": ""S - Sale"",
    ""shares"": 5000,
    ""price_per_share"": 95.50,
    ""total_v"
ORCL,2025-05-22,Panetta Leon E,S - Sale,4000.0,94.0,376000.0,"```json
[
  {
    ""date"": ""2024-11-15"",
    ""insider_name"": ""Panetta Leon E"",
    ""role"": ""Director"",
    ""transaction_type"": ""S - Sale"",
    ""shares"": 5000,
    ""price_per_share"": 95.50,
    ""total_v"
PLTR,2024-11-15,Moore Alexander D.,S - Sale,1000.0,25.5,25500.0,"```json
[
  {
    ""date"": ""2024-11-15"",
    ""insider_name"": ""Moore Alexander D."",
    ""role"": ""Director"",
    ""transaction_type"": ""S - Sale"",
    ""shares"": 1000,
    ""price_per_share"": 25.50,
    ""tot"
PLTR,2024-12-20,Moore Alexander D.,P - Purchase,500.0,22.75,11375.0,"```json
[
  {
    ""date"": ""2024-11-15"",
    ""insider_name"": ""Moore Alexander D."",
    ""role"": ""Director"",
    ""transaction_type"": ""S - Sale"",
    ""shares"": 1000,
    ""price_per_share"": 25.50,
    ""tot"
PLTR,2025-02-10,Moore Alexander D.,S - Sale+OE,750.0,24.2,18150.0,"```json
[
  {
    ""date"": ""2024-11-15"",
    ""insider_name"": ""Moore Alexander D."",
    ""role"": ""Director"",
    ""transaction_type"": ""S - Sale"",
    ""shares"": 1000,
    ""price_per_share"": 25.50,
    ""tot"
PLTR,2025-03-15,Moore Alexander D.,P - Purchase,300.0,23.8,7140.0,"```json
[
  {
    ""date"": ""2024-11-15"",
    ""insider_name"": ""Moore Alexander D."",
    ""role"": ""Director"",
    ""transaction_type"": ""S - Sale"",
    ""shares"": 1000,
    ""price_per_share"": 25.50,
    ""tot"
PLTR,2025-05-22,Moore Alexander D.,S - Sale,1200.0,26.1,31320.0,"```json
[
  {
    ""date"": ""2024-11-15"",
    ""insider_name"": ""Moore Alexander D."",
    ""role"": ""Director"",
    ""transaction_type"": ""S - Sale"",
    ""shares"": 1000,
    ""price_per_share"": 25.50,
    ""tot"
PLTR,2024-11-15,Karp Alexander C.,S - Sale,10000.0,25.5,255000.0,"```json
[
  {
    ""date"": ""2024-11-15"",
    ""insider_name"": ""Karp Alexander C."",
    ""role"": ""Director"",
    ""transaction_type"": ""S - Sale"",
    ""shares"": 10000,
    ""price_per_share"": 25.50,
    ""tot"
PLTR,2024-12-20,Karp Alexander C.,P - Purchase,5000.0,22.75,113750.0,"```json
[
  {
    ""date"": ""2024-11-15"",
    ""insider_name"": ""Karp Alexander C."",
    ""role"": ""Director"",
    ""transaction_type"": ""S - Sale"",
    ""shares"": 10000,
    ""price_per_share"": 25.50,
    ""tot"
PLTR,2025-01-10,Karp Alexander C.,S - Sale+OE,7500.0,24.2,181500.0,"```json
[
  {
    ""date"": ""2024-11-15"",
    ""insider_name"": ""Karp Alexander C."",
    ""role"": ""Director"",
    ""transaction_type"": ""S - Sale"",
    ""shares"": 10000,
    ""price_per_share"": 25.50,
    ""tot"
PLTR,2025-02-28,Karp Alexander C.,P - Purchase,3000.0,23.8,71400.0,"```json
[
  {
    ""date"": ""2024-11-15"",
    ""insider_name"": ""Karp Alexander C."",
    ""role"": ""Director"",
    ""transaction_type"": ""S - Sale"",
    ""shares"": 10000,
    ""price_per_share"": 25.50,
    ""tot"
PLTR,2025-03-15,Karp Alexander C.,S - Sale,12000.0,26.1,313200.0,"```json
[
  {
    ""date"": ""2024-11-15"",
    ""insider_name"": ""Karp Alexander C."",
    ""role"": ""Director"",
    ""transaction_type"": ""S - Sale"",
    ""shares"": 10000,
    ""price_per_share"": 25.50,
    ""tot"
PLTR,2025-04-30,Karp Alexander C.,P - Purchase,6000.0,25.3,151800.0,"```json
[
  {
    ""date"": ""2024-11-15"",
    ""insider_name"": ""Karp Alexander C."",
    ""role"": ""Director"",
    ""transaction_type"": ""S - Sale"",
    ""shares"": 10000,
    ""price_per_share"": 25.50,
    ""tot"
PLTR,2025-05-22,Karp Alexander C.,S - Sale+OE,8000.0,27.5,220000.0,"```json
[
  {
    ""date"": ""2024-11-15"",
    ""insider_name"": ""Karp Alexander C."",
    ""role"": ""Director"",
    ""transaction_type"": ""S - Sale"",
    ""shares"": 10000,
    ""price_per_share"": 25.50,
    ""tot"
PLTR,2024-11-15,Planishek Heather A.,S - Sale,1000.0,25.5,25500.0,"```json
[
  {
    ""date"": ""2024-11-15"",
    ""insider_name"": ""Planishek Heather A."",
    ""role"": ""Director"",
    ""transaction_type"": ""S - Sale"",
    ""shares"": 1000,
    ""price_per_share"": 25.50,
    ""t"
PLTR,2024-12-20,Planishek Heather A.,P - Purchase,500.0,22.75,11375.0,"```json
[
  {
    ""date"": ""2024-11-15"",
    ""insider_name"": ""Planishek Heather A."",
    ""role"": ""Director"",
    ""transaction_type"": ""S - Sale"",
    ""shares"": 1000,
    ""price_per_share"": 25.50,
    ""t"
PLTR,2025-02-10,Planishek Heather A.,S - Sale+OE,750.0,24.2,18150.0,"```json
[
  {
    ""date"": ""2024-11-15"",
    ""insider_name"": ""Planishek Heather A."",
    ""role"": ""Director"",
    ""transaction_type"": ""S - Sale"",
    ""shares"": 1000,
    ""price_per_share"": 25.50,
    ""t"
PLTR,2025-03-15,Planishek Heather A.,P - Purchase,300.0,23.8,7140.0,"```json
[
  {
    ""date"": ""2024-11-15"",
    ""insider_name"": ""Planishek Heather A."",
    ""role"": ""Director"",
    ""transaction_type"": ""S - Sale"",
    ""shares"": 1000,
    ""price_per_share"": 25.50,
    ""t"
PLTR,2025-05-22,Planishek Heather A.,S - Sale,1200.0,26.1,31320.0,"```json
[
  {
    ""date"": ""2024-11-15"",
    ""insider_name"": ""Planishek Heather A."",
    ""role"": ""Director"",
    ""transaction_type"": ""S - Sale"",
    ""shares"": 1000,
    ""price_per_share"": 25.50,
    ""t"
PLTR,2024-11-15,Stat Lauren Elaina Friedman,S - Sale,1000.0,25.5,25500.0,"```json
[
  {
    ""date"": ""2024-11-15"",
    ""insider_name"": ""Stat Lauren Elaina Friedman"",
    ""role"": ""Director"",
    ""transaction_type"": ""S - Sale"",
    ""shares"": 1000,
    ""price_per_share"": 25.50,"
PLTR,2024-12-20,Stat Lauren Elaina Friedman,P - Purchase,500.0,22.75,11375.0,"```json
[
  {
    ""date"": ""2024-11-15"",
    ""insider_name"": ""Stat Lauren Elaina Friedman"",
    ""role"": ""Director"",
    ""transaction_type"": ""S - Sale"",
    ""shares"": 1000,
    ""price_per_share"": 25.50,"
PLTR,2025-02-10,Stat Lauren Elaina Friedman,S - Sale+OE,750.0,24.2,18150.0,"```json
[
  {
    ""date"": ""2024-11-15"",
    ""insider_name"": ""Stat Lauren Elaina Friedman"",
    ""role"": ""Director"",
    ""transaction_type"": ""S - Sale"",
    ""shares"": 1000,
    ""price_per_share"": 25.50,"
PLTR,2025-03-15,Stat Lauren Elaina Friedman,P - Purchase,300.0,23.8,7140.0,"```json
[
  {
    ""date"": ""2024-11-15"",
    ""insider_name"": ""Stat Lauren Elaina Friedman"",
    ""role"": ""Director"",
    ""transaction_type"": ""S - Sale"",
    ""shares"": 1000,
    ""price_per_share"": 25.50,"
PLTR,2025-05-22,Stat Lauren Elaina Friedman,S - Sale,1200.0,26.1,31320.0,"```json
[
  {
    ""date"": ""2024-11-15"",
    ""insider_name"": ""Stat Lauren Elaina Friedman"",
    ""role"": ""Director"",
    ""transaction_type"": ""S - Sale"",
    ""shares"": 1000,
    ""price_per_share"": 25.50,"
PLTR,2024-11-15,Cohen Stephen Andrew,S - Sale,1000.0,25.5,25500.0,"```json
[
  {
    ""date"": ""2024-11-15"",
    ""insider_name"": ""Cohen Stephen Andrew"",
    ""role"": ""Director"",
    ""transaction_type"": ""S - Sale"",
    ""shares"": 1000,
    ""price_per_share"": 25.50,
    ""t"
PLTR,2024-12-20,Cohen Stephen Andrew,P - Purchase,500.0,22.75,11375.0,"```json
[
  {
    ""date"": ""2024-11-15"",
    ""insider_name"": ""Cohen Stephen Andrew"",
    ""role"": ""Director"",
    ""transaction_type"": ""S - Sale"",
    ""shares"": 1000,
    ""price_per_share"": 25.50,
    ""t"
PLTR,2025-01-10,Cohen Stephen Andrew,S - Sale+OE,1500.0,24.2,36300.0,"```json
[
  {
    ""date"": ""2024-11-15"",
    ""insider_name"": ""Cohen Stephen Andrew"",
    ""role"": ""Director"",
    ""transaction_type"": ""S - Sale"",
    ""shares"": 1000,
    ""price_per_share"": 25.50,
    ""t"
PLTR,2025-02-28,Cohen Stephen Andrew,P - Purchase,800.0,23.1,18480.0,"```json
[
  {
    ""date"": ""2024-11-15"",
    ""insider_name"": ""Cohen Stephen Andrew"",
    ""role"": ""Director"",
    ""transaction_type"": ""S - Sale"",
    ""shares"": 1000,
    ""price_per_share"": 25.50,
    ""t"
PLTR,2025-03-15,Cohen Stephen Andrew,S - Sale,1200.0,26.8,32160.0,"```json
[
  {
    ""date"": ""2024-11-15"",
    ""insider_name"": ""Cohen Stephen Andrew"",
    ""role"": ""Director"",
    ""transaction_type"": ""S - Sale"",
    ""shares"": 1000,
    ""price_per_share"": 25.50,
    ""t"
PLTR,2025-04-30,Cohen Stephen Andrew,P - Purchase,600.0,25.3,15180.0,"```json
[
  {
    ""date"": ""2024-11-15"",
    ""insider_name"": ""Cohen Stephen Andrew"",
    ""role"": ""Director"",
    ""transaction_type"": ""S - Sale"",
    ""shares"": 1000,
    ""price_per_share"": 25.50,
    ""t"
PLTR,2025-05-22,Cohen Stephen Andrew,S - Sale+OE,900.0,27.5,24750.0,"```json
[
  {
    ""date"": ""2024-11-15"",
    ""insider_name"": ""Cohen Stephen Andrew"",
    ""role"": ""Director"",
    ""transaction_type"": ""S - Sale"",
    ""shares"": 1000,
    ""price_per_share"": 25.50,
    ""t"
PLTR,2024-11-15,Sankar Shyam,S - Sale,1000.0,25.5,25500.0,"```json
[
  {
    ""date"": ""2024-11-15"",
    ""insider_name"": ""Sankar Shyam"",
    ""role"": ""Director"",
    ""transaction_type"": ""S - Sale"",
    ""shares"": 1000,
    ""price_per_share"": 25.50,
    ""total_val"
PLTR,2024-12-20,Sankar Shyam,P - Purchase,500.0,22.75,11375.0,"```json
[
  {
    ""date"": ""2024-11-15"",
    ""insider_name"": ""Sankar Shyam"",
    ""role"": ""Director"",
    ""transaction_type"": ""S - Sale"",
    ""shares"": 1000,
    ""price_per_share"": 25.50,
    ""total_val"
PLTR,2025-02-10,Sankar Shyam,S - Sale+OE,1500.0,28.0,42000.0,"```json
[
  {
    ""date"": ""2024-11-15"",
    ""insider_name"": ""Sankar Shyam"",
    ""role"": ""Director"",
    ""transaction_type"": ""S - Sale"",
    ""shares"": 1000,
    ""price_per_share"": 25.50,
    ""total_val"
PLTR,2025-03-15,Sankar Shyam,P - Purchase,800.0,26.25,21000.0,"```json
[
  {
    ""date"": ""2024-11-15"",
    ""insider_name"": ""Sankar Shyam"",
    ""role"": ""Director"",
    ""transaction_type"": ""S - Sale"",
    ""shares"": 1000,
    ""price_per_share"": 25.50,
    ""total_val"
PLTR,2025-05-22,Sankar Shyam,S - Sale,1200.0,30.5,36600.0,"```json
[
  {
    ""date"": ""2024-11-15"",
    ""insider_name"": ""Sankar Shyam"",
    ""role"": ""Director"",
    ""transaction_type"": ""S - Sale"",
    ""shares"": 1000,
    ""price_per_share"": 25.50,
    ""total_val"
PLTR,2024-11-15,Taylor Ryan D.,S - Sale,1000.0,25.5,25500.0,"```json
[
  {
    ""date"": ""2024-11-15"",
    ""insider_name"": ""Taylor Ryan D."",
    ""role"": ""Director"",
    ""transaction_type"": ""S - Sale"",
    ""shares"": 1000,
    ""price_per_share"": 25.50,
    ""total_v"
PLTR,2024-12-20,Taylor Ryan D.,P - Purchase,500.0,22.75,11375.0,"```json
[
  {
    ""date"": ""2024-11-15"",
    ""insider_name"": ""Taylor Ryan D."",
    ""role"": ""Director"",
    ""transaction_type"": ""S - Sale"",
    ""shares"": 1000,
    ""price_per_share"": 25.50,
    ""total_v"
PLTR,2025-02-10,Taylor Ryan D.,S - Sale+OE,750.0,24.2,18150.0,"```json
[
  {
    ""date"": ""2024-11-15"",
    ""insider_name"": ""Taylor Ryan D."",
    ""role"": ""Director"",
    ""transaction_type"": ""S - Sale"",
    ""shares"": 1000,
    ""price_per_share"": 25.50,
    ""total_v"
PLTR,2025-03-15,Taylor Ryan D.,P - Purchase,300.0,23.8,7140.0,"```json
[
  {
    ""date"": ""2024-11-15"",
    ""insider_name"": ""Taylor Ryan D."",
    ""role"": ""Director"",
    ""transaction_type"": ""S - Sale"",
    ""shares"": 1000,
    ""price_per_share"": 25.50,
    ""total_v"
PLTR,2025-05-22,Taylor Ryan D.,S - Sale,1200.0,26.1,31320.0,"```json
[
  {
    ""date"": ""2024-11-15"",
    ""insider_name"": ""Taylor Ryan D."",
    ""role"": ""Director"",
    ""transaction_type"": ""S - Sale"",
    ""shares"": 1000,
    ""price_per_share"": 25.50,
    ""total_v"
PLTR,2024-11-15,Glazer David A.,S - Sale,1000.0,25.5,25500.0,"```json
[
  {
    ""date"": ""2024-11-15"",
    ""insider_name"": ""Glazer David A."",
    ""role"": ""Director"",
    ""transaction_type"": ""S - Sale"",
    ""shares"": 1000,
    ""price_per_share"": 25.50,
    ""total_"
PLTR,2024-12-20,Glazer David A.,P - Purchase,500.0,22.75,11375.0,"```json
[
  {
    ""date"": ""2024-11-15"",
    ""insider_name"": ""Glazer David A."",
    ""role"": ""Director"",
    ""transaction_type"": ""S - Sale"",
    ""shares"": 1000,
    ""price_per_share"": 25.50,
    ""total_"
PLTR,2025-01-10,Glazer David A.,S - Sale+OE,750.0,24.2,18150.0,"```json
[
  {
    ""date"": ""2024-11-15"",
    ""insider_name"": ""Glazer David A."",
    ""role"": ""Director"",
    ""transaction_type"": ""S - Sale"",
    ""shares"": 1000,
    ""price_per_share"": 25.50,
    ""total_"
PLTR,2025-03-05,Glazer David A.,P - Purchase,300.0,23.8,7140.0,"```json
[
  {
    ""date"": ""2024-11-15"",
    ""insider_name"": ""Glazer David A."",
    ""role"": ""Director"",
    ""transaction_type"": ""S - Sale"",
    ""shares"": 1000,
    ""price_per_share"": 25.50,
    ""total_"
PLTR,2025-05-22,Glazer David A.,S - Sale,1200.0,26.1,31320.0,"```json
[
  {
    ""date"": ""2024-11-15"",
    ""insider_name"": ""Glazer David A."",
    ""role"": ""Director"",
    ""transaction_type"": ""S - Sale"",
    ""shares"": 1000,
    ""price_per_share"": 25.50,
    ""total_"
PLTR,2024-11-15,Schiff Alexandra W.,S - Sale,1000.0,25.5,25500.0,"```json
[
  {
    ""date"": ""2024-11-15"",
    ""insider_name"": ""Schiff Alexandra W."",
    ""role"": ""Director"",
    ""transaction_type"": ""S - Sale"",
    ""shares"": 1000,
    ""price_per_share"": 25.50,
    ""to"
PLTR,2024-12-20,Schiff Alexandra W.,P - Purchase,500.0,22.75,11375.0,"```json
[
  {
    ""date"": ""2024-11-15"",
    ""insider_name"": ""Schiff Alexandra W."",
    ""role"": ""Director"",
    ""transaction_type"": ""S - Sale"",
    ""shares"": 1000,
    ""price_per_share"": 25.50,
    ""to"
PLTR,2025-01-10,Schiff Alexandra W.,S - Sale+OE,750.0,24.2,18150.0,"```json
[
  {
    ""date"": ""2024-11-15"",
    ""insider_name"": ""Schiff Alexandra W."",
    ""role"": ""Director"",
    ""transaction_type"": ""S - Sale"",
    ""shares"": 1000,
    ""price_per_share"": 25.50,
    ""to"
PLTR,2025-02-28,Schiff Alexandra W.,P - Purchase,300.0,23.8,7140.0,"```json
[
  {
    ""date"": ""2024-11-15"",
    ""insider_name"": ""Schiff Alexandra W."",
    ""role"": ""Director"",
    ""transaction_type"": ""S - Sale"",
    ""shares"": 1000,
    ""price_per_share"": 25.50,
    ""to"
PLTR,2025-03-15,Schiff Alexandra W.,S - Sale,1200.0,26.1,31320.0,"```json
[
  {
    ""date"": ""2024-11-15"",
    ""insider_name"": ""Schiff Alexandra W."",
    ""role"": ""Director"",
    ""transaction_type"": ""S - Sale"",
    ""shares"": 1000,
    ""price_per_share"": 25.50,
    ""to"
PLTR,2025-04-30,Schiff Alexandra W.,P - Purchase,800.0,25.3,20240.0,"```json
[
  {
    ""date"": ""2024-11-15"",
    ""insider_name"": ""Schiff Alexandra W."",
    ""role"": ""Director"",
    ""transaction_type"": ""S - Sale"",
    ""shares"": 1000,
    ""price_per_share"": 25.50,
    ""to"
PLTR,2025-05-22,Schiff Alexandra W.,S - Sale+OE,600.0,27.5,16500.0,"```json
[
  {
    ""date"": ""2024-11-15"",
    ""insider_name"": ""Schiff Alexandra W."",
    ""role"": ""Director"",
    ""transaction_type"": ""S - Sale"",
    ""shares"": 1000,
    ""price_per_share"": 25.50,
    ""to"
PLTR,2024-11-15,Buckley Jeffrey,S - Sale,1000.0,25.5,25500.0,"```json
[
  {
    ""date"": ""2024-11-15"",
    ""insider_name"": ""Buckley Jeffrey"",
    ""role"": ""Director"",
    ""transaction_type"": ""S - Sale"",
    ""shares"": 1000,
    ""price_per_share"": 25.50,
    ""total_"
PLTR,2024-12-20,Buckley Jeffrey,P - Purchase,500.0,24.75,12375.0,"```json
[
  {
    ""date"": ""2024-11-15"",
    ""insider_name"": ""Buckley Jeffrey"",
    ""role"": ""Director"",
    ""transaction_type"": ""S - Sale"",
    ""shares"": 1000,
    ""price_per_share"": 25.50,
    ""total_"
PLTR,2025-01-10,Buckley Jeffrey,S - Sale+OE,750.0,26.2,19650.0,"```json
[
  {
    ""date"": ""2024-11-15"",
    ""insider_name"": ""Buckley Jeffrey"",
    ""role"": ""Director"",
    ""transaction_type"": ""S - Sale"",
    ""shares"": 1000,
    ""price_per_share"": 25.50,
    ""total_"
PLTR,2025-02-28,Buckley Jeffrey,P - Purchase,300.0,25.0,7500.0,"```json
[
  {
    ""date"": ""2024-11-15"",
    ""insider_name"": ""Buckley Jeffrey"",
    ""role"": ""Director"",
    ""transaction_type"": ""S - Sale"",
    ""shares"": 1000,
    ""price_per_share"": 25.50,
    ""total_"
PLTR,2025-03-15,Buckley Jeffrey,S - Sale,1200.0,27.5,33000.0,"```json
[
  {
    ""date"": ""2024-11-15"",
    ""insider_name"": ""Buckley Jeffrey"",
    ""role"": ""Director"",
    ""transaction_type"": ""S - Sale"",
    ""shares"": 1000,
    ""price_per_share"": 25.50,
    ""total_"
PLTR,2025-04-30,Buckley Jeffrey,P - Purchase,800.0,26.8,21440.0,"```json
[
  {
    ""date"": ""2024-11-15"",
    ""insider_name"": ""Buckley Jeffrey"",
    ""role"": ""Director"",
    ""transaction_type"": ""S - Sale"",
    ""shares"": 1000,
    ""price_per_share"": 25.50,
    ""total_"
PLTR,2025-05-22,Buckley Jeffrey,S - Sale+OE,600.0,28.1,16860.0,"```json
[
  {
    ""date"": ""2024-11-15"",
    ""insider_name"": ""Buckley Jeffrey"",
    ""role"": ""Director"",
    ""transaction_type"": ""S - Sale"",
    ""shares"": 1000,
    ""price_per_share"": 25.50,
    ""total_"
PYPL,2024-11-15,McGovern Gail J,S - Sale,1000.0,60.5,60500.0,"```json
[
  {
    ""date"": ""2024-11-15"",
    ""insider_name"": ""McGovern Gail J"",
    ""role"": ""Director"",
    ""transaction_type"": ""S - Sale"",
    ""shares"": 1000,
    ""price_per_share"": 60.50,
    ""total_"
PYPL,2024-12-20,McGovern Gail J,P - Purchase,500.0,58.25,29125.0,"```json
[
  {
    ""date"": ""2024-11-15"",
    ""insider_name"": ""McGovern Gail J"",
    ""role"": ""Director"",
    ""transaction_type"": ""S - Sale"",
    ""shares"": 1000,
    ""price_per_share"": 60.50,
    ""total_"
PYPL,2025-02-10,McGovern Gail J,S - Sale+OE,1500.0,62.75,94125.0,"```json
[
  {
    ""date"": ""2024-11-15"",
    ""insider_name"": ""McGovern Gail J"",
    ""role"": ""Director"",
    ""transaction_type"": ""S - Sale"",
    ""shares"": 1000,
    ""price_per_share"": 60.50,
    ""total_"
PYPL,2025-03-15,McGovern Gail J,P - Purchase,300.0,61.0,18300.0,"```json
[
  {
    ""date"": ""2024-11-15"",
    ""insider_name"": ""McGovern Gail J"",
    ""role"": ""Director"",
    ""transaction_type"": ""S - Sale"",
    ""shares"": 1000,
    ""price_per_share"": 60.50,
    ""total_"
PYPL,2025-05-22,McGovern Gail J,S - Sale,800.0,63.5,50800.0,"```json
[
  {
    ""date"": ""2024-11-15"",
    ""insider_name"": ""McGovern Gail J"",
    ""role"": ""Director"",
    ""transaction_type"": ""S - Sale"",
    ""shares"": 1000,
    ""price_per_share"": 60.50,
    ""total_"
TSLA,2024-11-15,Taneja Vaibhav,S - Sale,1000.0,250.0,250000.0,"```json
[
  {
    ""date"": ""2024-11-15"",
    ""insider_name"": ""Taneja Vaibhav"",
    ""role"": ""Director"",
    ""transaction_type"": ""S - Sale"",
    ""shares"": 1000,
    ""price_per_share"": 250.00,
    ""total_"
TSLA,2024-12-20,Taneja Vaibhav,P - Purchase,500.0,240.0,120000.0,"```json
[
  {
    ""date"": ""2024-11-15"",
    ""insider_name"": ""Taneja Vaibhav"",
    ""role"": ""Director"",
    ""transaction_type"": ""S - Sale"",
    ""shares"": 1000,
    ""price_per_share"": 250.00,
    ""total_"
TSLA,2025-01-10,Taneja Vaibhav,S - Sale+OE,750.0,260.0,195000.0,"```json
[
  {
    ""date"": ""2024-11-15"",
    ""insider_name"": ""Taneja Vaibhav"",
    ""role"": ""Director"",
    ""transaction_type"": ""S - Sale"",
    ""shares"": 1000,
    ""price_per_share"": 250.00,
    ""total_"
TSLA,2025-03-05,Taneja Vaibhav,P - Purchase,300.0,270.0,81000.0,"```json
[
  {
    ""date"": ""2024-11-15"",
    ""insider_name"": ""Taneja Vaibhav"",
    ""role"": ""Director"",
    ""transaction_type"": ""S - Sale"",
    ""shares"": 1000,
    ""price_per_share"": 250.00,
    ""total_"
TSLA,2025-05-20,Taneja Vaibhav,S - Sale,1200.0,280.0,336000.0,"```json
[
  {
    ""date"": ""2024-11-15"",
    ""insider_name"": ""Taneja Vaibhav"",
    ""role"": ""Director"",
    ""transaction_type"": ""S - Sale"",
    ""shares"": 1000,
    ""price_per_share"": 250.00,
    ""total_"
TSLA,2024-11-15,Musk Kimbal,S - Sale,1000.0,250.0,250000.0,"```json
[
  {
    ""date"": ""2024-11-15"",
    ""insider_name"": ""Musk Kimbal"",
    ""role"": ""Director"",
    ""transaction_type"": ""S - Sale"",
    ""shares"": 1000,
    ""price_per_share"": 250.00,
    ""total_val"
TSLA,2024-12-20,Musk Kimbal,P - Purchase,500.0,240.0,120000.0,"```json
[
  {
    ""date"": ""2024-11-15"",
    ""insider_name"": ""Musk Kimbal"",
    ""role"": ""Director"",
    ""transaction_type"": ""S - Sale"",
    ""shares"": 1000,
    ""price_per_share"": 250.00,
    ""total_val"
TSLA,2025-01-10,Musk Kimbal,S - Sale+OE,1500.0,260.0,390000.0,"```json
[
  {
    ""date"": ""2024-11-15"",
    ""insider_name"": ""Musk Kimbal"",
    ""role"": ""Director"",
    ""transaction_type"": ""S - Sale"",
    ""shares"": 1000,
    ""price_per_share"": 250.00,
    ""total_val"
TSLA,2025-03-05,Musk Kimbal,P - Purchase,800.0,270.0,216000.0,"```json
[
  {
    ""date"": ""2024-11-15"",
    ""insider_name"": ""Musk Kimbal"",
    ""role"": ""Director"",
    ""transaction_type"": ""S - Sale"",
    ""shares"": 1000,
    ""price_per_share"": 250.00,
    ""total_val"
TSLA,2025-05-20,Musk Kimbal,S - Sale,1200.0,280.0,336000.0,"```json
[
  {
    ""date"": ""2024-11-15"",
    ""insider_name"": ""Musk Kimbal"",
    ""role"": ""Director"",
    ""transaction_type"": ""S - Sale"",
    ""shares"": 1000,
    ""price_per_share"": 250.00,
    ""total_val"
TSLA,2024-11-15,Wilson-Thompson Kathleen,S - Sale,1000.0,250.0,250000.0,"```json
[
  {
    ""date"": ""2024-11-15"",
    ""insider_name"": ""Wilson-Thompson Kathleen"",
    ""role"": ""Director"",
    ""transaction_type"": ""S - Sale"",
    ""shares"": 1000,
    ""price_per_share"": 250.00,
 "
TSLA,2024-12-20,Wilson-Thompson Kathleen,P - Purchase,500.0,240.0,120000.0,"```json
[
  {
    ""date"": ""2024-11-15"",
    ""insider_name"": ""Wilson-Thompson Kathleen"",
    ""role"": ""Director"",
    ""transaction_type"": ""S - Sale"",
    ""shares"": 1000,
    ""price_per_share"": 250.00,
 "
TSLA,2025-01-10,Wilson-Thompson Kathleen,S - Sale+OE,750.0,260.0,195000.0,"```json
[
  {
    ""date"": ""2024-11-15"",
    ""insider_name"": ""Wilson-Thompson Kathleen"",
    ""role"": ""Director"",
    ""transaction_type"": ""S - Sale"",
    ""shares"": 1000,
    ""price_per_share"": 250.00,
 "
TSLA,2025-03-05,Wilson-Thompson Kathleen,P - Purchase,300.0,270.0,81000.0,"```json
[
  {
    ""date"": ""2024-11-15"",
    ""insider_name"": ""Wilson-Thompson Kathleen"",
    ""role"": ""Director"",
    ""transaction_type"": ""S - Sale"",
    ""shares"": 1000,
    ""price_per_share"": 250.00,
 "
TSLA,2025-05-20,Wilson-Thompson Kathleen,S - Sale,1200.0,280.0,336000.0,"```json
[
  {
    ""date"": ""2024-11-15"",
    ""insider_name"": ""Wilson-Thompson Kathleen"",
    ""role"": ""Director"",
    ""transaction_type"": ""S - Sale"",
    ""shares"": 1000,
    ""price_per_share"": 250.00,
 "
TSLA,2024-11-15,Denholm Robyn M,S - Sale,1000.0,250.0,250000.0,"```json
[
  {
    ""date"": ""2024-11-15"",
    ""insider_name"": ""Denholm Robyn M"",
    ""role"": ""Director"",
    ""transaction_type"": ""S - Sale"",
    ""shares"": 1000,
    ""price_per_share"": 250.00,
    ""total"
TSLA,2024-12-20,Denholm Robyn M,P - Purchase,500.0,240.0,120000.0,"```json
[
  {
    ""date"": ""2024-11-15"",
    ""insider_name"": ""Denholm Robyn M"",
    ""role"": ""Director"",
    ""transaction_type"": ""S - Sale"",
    ""shares"": 1000,
    ""price_per_share"": 250.00,
    ""total"
TSLA,2025-01-10,Denholm Robyn M,S - Sale+OE,750.0,260.0,195000.0,"```json
[
  {
    ""date"": ""2024-11-15"",
    ""insider_name"": ""Denholm Robyn M"",
    ""role"": ""Director"",
    ""transaction_type"": ""S - Sale"",
    ""shares"": 1000,
    ""price_per_share"": 250.00,
    ""total"
TSLA,2025-02-28,Denholm Robyn M,P - Purchase,300.0,270.0,81000.0,"```json
[
  {
    ""date"": ""2024-11-15"",
    ""insider_name"": ""Denholm Robyn M"",
    ""role"": ""Director"",
    ""transaction_type"": ""S - Sale"",
    ""shares"": 1000,
    ""price_per_share"": 250.00,
    ""total"
TSLA,2025-03-15,Denholm Robyn M,S - Sale,1200.0,280.0,336000.0,"```json
[
  {
    ""date"": ""2024-11-15"",
    ""insider_name"": ""Denholm Robyn M"",
    ""role"": ""Director"",
    ""transaction_type"": ""S - Sale"",
    ""shares"": 1000,
    ""price_per_share"": 250.00,
    ""total"
TSLA,2025-04-30,Denholm Robyn M,P - Purchase,600.0,290.0,174000.0,"```json
[
  {
    ""date"": ""2024-11-15"",
    ""insider_name"": ""Denholm Robyn M"",
    ""role"": ""Director"",
    ""transaction_type"": ""S - Sale"",
    ""shares"": 1000,
    ""price_per_share"": 250.00,
    ""total"
TSLA,2025-05-20,Denholm Robyn M,S - Sale+OE,800.0,300.0,240000.0,"```json
[
  {
    ""date"": ""2024-11-15"",
    ""insider_name"": ""Denholm Robyn M"",
    ""role"": ""Director"",
    ""transaction_type"": ""S - Sale"",
    ""shares"": 1000,
    ""price_per_share"": 250.00,
    ""total"
TSLA,2024-11-15,Murdoch James R,S - Sale,1000.0,250.0,250000.0,"```json
[
  {
    ""date"": ""2024-11-15"",
    ""insider_name"": ""Murdoch James R"",
    ""role"": ""Director"",
    ""transaction_type"": ""S - Sale"",
    ""shares"": 1000,
    ""price_per_share"": 250.00,
    ""total"
TSLA,2024-12-20,Murdoch James R,P - Purchase,500.0,240.0,120000.0,"```json
[
  {
    ""date"": ""2024-11-15"",
    ""insider_name"": ""Murdoch James R"",
    ""role"": ""Director"",
    ""transaction_type"": ""S - Sale"",
    ""shares"": 1000,
    ""price_per_share"": 250.00,
    ""total"
TSLA,2025-01-10,Murdoch James R,S - Sale+OE,750.0,260.0,195000.0,"```json
[
  {
    ""date"": ""2024-11-15"",
    ""insider_name"": ""Murdoch James R"",
    ""role"": ""Director"",
    ""transaction_type"": ""S - Sale"",
    ""shares"": 1000,
    ""price_per_share"": 250.00,
    ""total"
TSLA,2025-03-05,Murdoch James R,P - Purchase,300.0,270.0,81000.0,"```json
[
  {
    ""date"": ""2024-11-15"",
    ""insider_name"": ""Murdoch James R"",
    ""role"": ""Director"",
    ""transaction_type"": ""S - Sale"",
    ""shares"": 1000,
    ""price_per_share"": 250.00,
    ""total"
TSLA,2025-05-20,Murdoch James R,S - Sale,1200.0,280.0,336000.0,"```json
[
  {
    ""date"": ""2024-11-15"",
    ""insider_name"": ""Murdoch James R"",
    ""role"": ""Director"",
    ""transaction_type"": ""S - Sale"",
    ""shares"": 1000,
    ""price_per_share"": 250.00,
    ""total"
TSLA,2024-11-15,Gebbia Joseph,S - Sale,1000.0,250.0,250000.0,"```json
[
  {
    ""date"": ""2024-11-15"",
    ""insider_name"": ""Gebbia Joseph"",
    ""role"": ""Director"",
    ""transaction_type"": ""S - Sale"",
    ""shares"": 1000,
    ""price_per_share"": 250.00,
    ""total_v"
TSLA,2024-12-20,Gebbia Joseph,P - Purchase,500.0,240.0,120000.0,"```json
[
  {
    ""date"": ""2024-11-15"",
    ""insider_name"": ""Gebbia Joseph"",
    ""role"": ""Director"",
    ""transaction_type"": ""S - Sale"",
    ""shares"": 1000,
    ""price_per_share"": 250.00,
    ""total_v"
TSLA,2025-01-10,Gebbia Joseph,S - Sale+OE,750.0,260.0,195000.0,"```json
[
  {
    ""date"": ""2024-11-15"",
    ""insider_name"": ""Gebbia Joseph"",
    ""role"": ""Director"",
    ""transaction_type"": ""S - Sale"",
    ""shares"": 1000,
    ""price_per_share"": 250.00,
    ""total_v"
TSLA,2025-03-05,Gebbia Joseph,P - Purchase,300.0,270.0,81000.0,"```json
[
  {
    ""date"": ""2024-11-15"",
    ""insider_name"": ""Gebbia Joseph"",
    ""role"": ""Director"",
    ""transaction_type"": ""S - Sale"",
    ""shares"": 1000,
    ""price_per_share"": 250.00,
    ""total_v"
TSLA,2025-05-20,Gebbia Joseph,S - Sale,1200.0,280.0,336000.0,"```json
[
  {
    ""date"": ""2024-11-15"",
    ""insider_name"": ""Gebbia Joseph"",
    ""role"": ""Director"",
    ""transaction_type"": ""S - Sale"",
    ""shares"": 1000,
    ""price_per_share"": 250.00,
    ""total_v"
TSLA,2024-11-15,Ehrenpreis IRA Matthew,S - Sale,1000.0,250.0,250000.0,"```json
[
  {
    ""date"": ""2024-11-15"",
    ""insider_name"": ""Ehrenpreis IRA Matthew"",
    ""role"": ""Director"",
    ""transaction_type"": ""S - Sale"",
    ""shares"": 1000,
    ""price_per_share"": 250.00,
   "
TSLA,2024-12-20,Ehrenpreis IRA Matthew,P - Purchase,500.0,240.0,120000.0,"```json
[
  {
    ""date"": ""2024-11-15"",
    ""insider_name"": ""Ehrenpreis IRA Matthew"",
    ""role"": ""Director"",
    ""transaction_type"": ""S - Sale"",
    ""shares"": 1000,
    ""price_per_share"": 250.00,
   "
TSLA,2025-01-10,Ehrenpreis IRA Matthew,S - Sale+OE,750.0,260.0,195000.0,"```json
[
  {
    ""date"": ""2024-11-15"",
    ""insider_name"": ""Ehrenpreis IRA Matthew"",
    ""role"": ""Director"",
    ""transaction_type"": ""S - Sale"",
    ""shares"": 1000,
    ""price_per_share"": 250.00,
   "
TSLA,2025-03-05,Ehrenpreis IRA Matthew,P - Purchase,300.0,270.0,81000.0,"```json
[
  {
    ""date"": ""2024-11-15"",
    ""insider_name"": ""Ehrenpreis IRA Matthew"",
    ""role"": ""Director"",
    ""transaction_type"": ""S - Sale"",
    ""shares"": 1000,
    ""price_per_share"": 250.00,
   "
TSLA,2025-05-20,Ehrenpreis IRA Matthew,S - Sale,1200.0,280.0,336000.0,"```json
[
  {
    ""date"": ""2024-11-15"",
    ""insider_name"": ""Ehrenpreis IRA Matthew"",
    ""role"": ""Director"",
    ""transaction_type"": ""S - Sale"",
    ""shares"": 1000,
    ""price_per_share"": 250.00,
   "
TXN,2024-11-15,Ilan Haviv,S - Sale,1000.0,180.5,180500.0,"```json
[
  {
    ""date"": ""2024-11-15"",
    ""insider_name"": ""Ilan Haviv"",
    ""role"": ""Director"",
    ""transaction_type"": ""S - Sale"",
    ""shares"": 1000,
    ""price_per_share"": 180.50,
    ""total_valu"
TXN,2024-12-20,Ilan Haviv,P - Purchase,500.0,175.25,87625.0,"```json
[
  {
    ""date"": ""2024-11-15"",
    ""insider_name"": ""Ilan Haviv"",
    ""role"": ""Director"",
    ""transaction_type"": ""S - Sale"",
    ""shares"": 1000,
    ""price_per_share"": 180.50,
    ""total_valu"
TXN,2025-02-10,Ilan Haviv,S - Sale+OE,750.0,185.75,139312.5,"```json
[
  {
    ""date"": ""2024-11-15"",
    ""insider_name"": ""Ilan Haviv"",
    ""role"": ""Director"",
    ""transaction_type"": ""S - Sale"",
    ""shares"": 1000,
    ""price_per_share"": 180.50,
    ""total_valu"
TXN,2025-03-15,Ilan Haviv,P - Purchase,300.0,190.0,57000.0,"```json
[
  {
    ""date"": ""2024-11-15"",
    ""insider_name"": ""Ilan Haviv"",
    ""role"": ""Director"",
    ""transaction_type"": ""S - Sale"",
    ""shares"": 1000,
    ""price_per_share"": 180.50,
    ""total_valu"
TXN,2025-05-22,Ilan Haviv,S - Sale,1200.0,195.5,234600.0,"```json
[
  {
    ""date"": ""2024-11-15"",
    ""insider_name"": ""Ilan Haviv"",
    ""role"": ""Director"",
    ""transaction_type"": ""S - Sale"",
    ""shares"": 1000,
    ""price_per_share"": 180.50,
    ""total_valu"
TXN,2024-11-15,Witzsche Christine,S - Sale,1000.0,150.25,150250.0,"```json
[
  {
    ""date"": ""2024-11-15"",
    ""insider_name"": ""Witzsche Christine"",
    ""role"": ""Director"",
    ""transaction_type"": ""S - Sale"",
    ""shares"": 1000,
    ""price_per_share"": 150.25,
    ""to"
TXN,2024-12-20,Witzsche Christine,P - Purchase,500.0,145.75,72875.0,"```json
[
  {
    ""date"": ""2024-11-15"",
    ""insider_name"": ""Witzsche Christine"",
    ""role"": ""Director"",
    ""transaction_type"": ""S - Sale"",
    ""shares"": 1000,
    ""price_per_share"": 150.25,
    ""to"
TXN,2025-01-10,Witzsche Christine,S - Sale+OE,750.0,152.5,114375.0,"```json
[
  {
    ""date"": ""2024-11-15"",
    ""insider_name"": ""Witzsche Christine"",
    ""role"": ""Director"",
    ""transaction_type"": ""S - Sale"",
    ""shares"": 1000,
    ""price_per_share"": 150.25,
    ""to"
TXN,2025-03-05,Witzsche Christine,P - Purchase,300.0,148.0,44400.0,"```json
[
  {
    ""date"": ""2024-11-15"",
    ""insider_name"": ""Witzsche Christine"",
    ""role"": ""Director"",
    ""transaction_type"": ""S - Sale"",
    ""shares"": 1000,
    ""price_per_share"": 150.25,
    ""to"
TXN,2025-05-22,Witzsche Christine,S - Sale,1200.0,155.0,186000.0,"```json
[
  {
    ""date"": ""2024-11-15"",
    ""insider_name"": ""Witzsche Christine"",
    ""role"": ""Director"",
    ""transaction_type"": ""S - Sale"",
    ""shares"": 1000,
    ""price_per_share"": 150.25,
    ""to"
TXN,2024-11-15,Gary Mark,S - Sale,5000.0,180.25,901250.0,"```json
[
  {
    ""date"": ""2024-11-15"",
    ""insider_name"": ""Gary Mark"",
    ""role"": ""Director"",
    ""transaction_type"": ""S - Sale"",
    ""shares"": 5000,
    ""price_per_share"": 180.25,
    ""total_value"
TXN,2024-12-20,Gary Mark,P - Purchase,2000.0,175.5,351000.0,"```json
[
  {
    ""date"": ""2024-11-15"",
    ""insider_name"": ""Gary Mark"",
    ""role"": ""Director"",
    ""transaction_type"": ""S - Sale"",
    ""shares"": 5000,
    ""price_per_share"": 180.25,
    ""total_value"
TXN,2025-02-10,Gary Mark,S - Sale+OE,3000.0,185.75,557250.0,"```json
[
  {
    ""date"": ""2024-11-15"",
    ""insider_name"": ""Gary Mark"",
    ""role"": ""Director"",
    ""transaction_type"": ""S - Sale"",
    ""shares"": 5000,
    ""price_per_share"": 180.25,
    ""total_value"
TXN,2025-03-15,Gary Mark,P - Purchase,1000.0,190.0,190000.0,"```json
[
  {
    ""date"": ""2024-11-15"",
    ""insider_name"": ""Gary Mark"",
    ""role"": ""Director"",
    ""transaction_type"": ""S - Sale"",
    ""shares"": 5000,
    ""price_per_share"": 180.25,
    ""total_value"
TXN,2025-05-22,Gary Mark,S - Sale,4000.0,195.25,781000.0,"```json
[
  {
    ""date"": ""2024-11-15"",
    ""insider_name"": ""Gary Mark"",
    ""role"": ""Director"",
    ""transaction_type"": ""S - Sale"",
    ""shares"": 5000,
    ""price_per_share"": 180.25,
    ""total_value"
TXN,2024-11-15,Bahai Ahmad,S - Sale,5000.0,180.25,901250.0,"```json
[
  {
    ""date"": ""2024-11-15"",
    ""insider_name"": ""Bahai Ahmad"",
    ""role"": ""Director"",
    ""transaction_type"": ""S - Sale"",
    ""shares"": 5000,
    ""price_per_share"": 180.25,
    ""total_val"
TXN,2024-12-20,Bahai Ahmad,P - Purchase,2000.0,175.5,351000.0,"```json
[
  {
    ""date"": ""2024-11-15"",
    ""insider_name"": ""Bahai Ahmad"",
    ""role"": ""Director"",
    ""transaction_type"": ""S - Sale"",
    ""shares"": 5000,
    ""price_per_share"": 180.25,
    ""total_val"
TXN,2025-02-10,Bahai Ahmad,S - Sale+OE,3000.0,185.75,557250.0,"```json
[
  {
    ""date"": ""2024-11-15"",
    ""insider_name"": ""Bahai Ahmad"",
    ""role"": ""Director"",
    ""transaction_type"": ""S - Sale"",
    ""shares"": 5000,
    ""price_per_share"": 180.25,
    ""total_val"
TXN,2025-03-15,Bahai Ahmad,P - Purchase,1000.0,190.0,190000.0,"```json
[
  {
    ""date"": ""2024-11-15"",
    ""insider_name"": ""Bahai Ahmad"",
    ""role"": ""Director"",
    ""transaction_type"": ""S - Sale"",
    ""shares"": 5000,
    ""price_per_share"": 180.25,
    ""total_val"
TXN,2025-05-22,Bahai Ahmad,S - Sale,4000.0,195.25,781000.0,"```json
[
  {
    ""date"": ""2024-11-15"",
    ""insider_name"": ""Bahai Ahmad"",
    ""role"": ""Director"",
    ""transaction_type"": ""S - Sale"",
    ""shares"": 5000,
    ""price_per_share"": 180.25,
    ""total_val"
TXN,2024-11-15,Yunus Mohammad,S - Sale,1000.0,180.5,180500.0,"```json
[
  {
    ""date"": ""2024-11-15"",
    ""insider_name"": ""Yunus Mohammad"",
    ""role"": ""Director"",
    ""transaction_type"": ""S - Sale"",
    ""shares"": 1000,
    ""price_per_share"": 180.50,
    ""total_"
TXN,2024-12-20,Yunus Mohammad,P - Purchase,500.0,175.25,87625.0,"```json
[
  {
    ""date"": ""2024-11-15"",
    ""insider_name"": ""Yunus Mohammad"",
    ""role"": ""Director"",
    ""transaction_type"": ""S - Sale"",
    ""shares"": 1000,
    ""price_per_share"": 180.50,
    ""total_"
TXN,2025-02-10,Yunus Mohammad,S - Sale+OE,750.0,185.75,139312.5,"```json
[
  {
    ""date"": ""2024-11-15"",
    ""insider_name"": ""Yunus Mohammad"",
    ""role"": ""Director"",
    ""transaction_type"": ""S - Sale"",
    ""shares"": 1000,
    ""price_per_share"": 180.50,
    ""total_"
TXN,2025-03-15,Yunus Mohammad,P - Purchase,300.0,190.0,57000.0,"```json
[
  {
    ""date"": ""2024-11-15"",
    ""insider_name"": ""Yunus Mohammad"",
    ""role"": ""Director"",
    ""transaction_type"": ""S - Sale"",
    ""shares"": 1000,
    ""price_per_share"": 180.50,
    ""total_"
TXN,2025-05-22,Yunus Mohammad,S - Sale,1200.0,195.5,234600.0,"```json
[
  {
    ""date"": ""2024-11-15"",
    ""insider_name"": ""Yunus Mohammad"",
    ""role"": ""Director"",
    ""transaction_type"": ""S - Sale"",
    ""shares"": 1000,
    ""price_per_share"": 180.50,
    ""total_"
TXN,2024-11-15,Lizardi Rafael R,S - Sale,1000.0,180.5,180500.0,"```json
[
  {
    ""date"": ""2024-11-15"",
    ""insider_name"": ""Lizardi Rafael R"",
    ""role"": ""Director"",
    ""transaction_type"": ""S - Sale"",
    ""shares"": 1000,
    ""price_per_share"": 180.50,
    ""tota"
TXN,2024-12-20,Lizardi Rafael R,P - Purchase,500.0,175.25,87625.0,"```json
[
  {
    ""date"": ""2024-11-15"",
    ""insider_name"": ""Lizardi Rafael R"",
    ""role"": ""Director"",
    ""transaction_type"": ""S - Sale"",
    ""shares"": 1000,
    ""price_per_share"": 180.50,
    ""tota"
TXN,2025-02-10,Lizardi Rafael R,S - Sale+OE,750.0,185.75,139312.5,"```json
[
  {
    ""date"": ""2024-11-15"",
    ""insider_name"": ""Lizardi Rafael R"",
    ""role"": ""Director"",
    ""transaction_type"": ""S - Sale"",
    ""shares"": 1000,
    ""price_per_share"": 180.50,
    ""tota"
TXN,2025-03-15,Lizardi Rafael R,P - Purchase,300.0,190.0,57000.0,"```json
[
  {
    ""date"": ""2024-11-15"",
    ""insider_name"": ""Lizardi Rafael R"",
    ""role"": ""Director"",
    ""transaction_type"": ""S - Sale"",
    ""shares"": 1000,
    ""price_per_share"": 180.50,
    ""tota"
TXN,2025-05-22,Lizardi Rafael R,S - Sale,1200.0,195.5,234600.0,"```json
[
  {
    ""date"": ""2024-11-15"",
    ""insider_name"": ""Lizardi Rafael R"",
    ""role"": ""Director"",
    ""transaction_type"": ""S - Sale"",
    ""shares"": 1000,
    ""price_per_share"": 180.50,
    ""tota"
TXN,2024-11-15,Kirk Ronald,S - Sale,5000.0,180.25,901250.0,"```json
[
  {
    ""date"": ""2024-11-15"",
    ""insider_name"": ""Kirk Ronald"",
    ""role"": ""Director"",
    ""transaction_type"": ""S - Sale"",
    ""shares"": 5000,
    ""price_per_share"": 180.25,
    ""total_val"
TXN,2024-12-20,Kirk Ronald,P - Purchase,2000.0,175.5,351000.0,"```json
[
  {
    ""date"": ""2024-11-15"",
    ""insider_name"": ""Kirk Ronald"",
    ""role"": ""Director"",
    ""transaction_type"": ""S - Sale"",
    ""shares"": 5000,
    ""price_per_share"": 180.25,
    ""total_val"
TXN,2025-02-10,Kirk Ronald,S - Sale+OE,3000.0,185.75,557250.0,"```json
[
  {
    ""date"": ""2024-11-15"",
    ""insider_name"": ""Kirk Ronald"",
    ""role"": ""Director"",
    ""transaction_type"": ""S - Sale"",
    ""shares"": 5000,
    ""price_per_share"": 180.25,
    ""total_val"
TXN,2025-03-15,Kirk Ronald,P - Purchase,1000.0,190.0,190000.0,"```json
[
  {
    ""date"": ""2024-11-15"",
    ""insider_name"": ""Kirk Ronald"",
    ""role"": ""Director"",
    ""transaction_type"": ""S - Sale"",
    ""shares"": 5000,
    ""price_per_share"": 180.25,
    ""total_val"
TXN,2025-05-22,Kirk Ronald,S - Sale,4000.0,195.25,781000.0,"```json
[
  {
    ""date"": ""2024-11-15"",
    ""insider_name"": ""Kirk Ronald"",
    ""role"": ""Director"",
    ""transaction_type"": ""S - Sale"",
    ""shares"": 5000,
    ""price_per_share"": 180.25,
    ""total_val"
TXN,2024-11-15,Blinn Mark A,S - Sale,1000.0,180.5,180500.0,"```json
[
  {
    ""date"": ""2024-11-15"",
    ""insider_name"": ""Blinn Mark A"",
    ""role"": ""Director"",
    ""transaction_type"": ""S - Sale"",
    ""shares"": 1000,
    ""price_per_share"": 180.50,
    ""total_va"
TXN,2024-12-20,Blinn Mark A,P - Purchase,500.0,175.25,87625.0,"```json
[
  {
    ""date"": ""2024-11-15"",
    ""insider_name"": ""Blinn Mark A"",
    ""role"": ""Director"",
    ""transaction_type"": ""S - Sale"",
    ""shares"": 1000,
    ""price_per_share"": 180.50,
    ""total_va"
TXN,2025-01-10,Blinn Mark A,S - Sale+OE,750.0,182.75,137062.5,"```json
[
  {
    ""date"": ""2024-11-15"",
    ""insider_name"": ""Blinn Mark A"",
    ""role"": ""Director"",
    ""transaction_type"": ""S - Sale"",
    ""shares"": 1000,
    ""price_per_share"": 180.50,
    ""total_va"
TXN,2025-03-05,Blinn Mark A,P - Purchase,300.0,178.0,53400.0,"```json
[
  {
    ""date"": ""2024-11-15"",
    ""insider_name"": ""Blinn Mark A"",
    ""role"": ""Director"",
    ""transaction_type"": ""S - Sale"",
    ""shares"": 1000,
    ""price_per_share"": 180.50,
    ""total_va"
TXN,2025-05-22,Blinn Mark A,S - Sale,1200.0,185.5,222600.0,"```json
[
  {
    ""date"": ""2024-11-15"",
    ""insider_name"": ""Blinn Mark A"",
    ""role"": ""Director"",
    ""transaction_type"": ""S - Sale"",
    ""shares"": 1000,
    ""price_per_share"": 180.50,
    ""total_va"
TXN,2024-11-15,Leonard Shanon J,S - Sale,1000.0,180.5,180500.0,"```json
[
  {
    ""date"": ""2024-11-15"",
    ""insider_name"": ""Leonard Shanon J"",
    ""role"": ""Director"",
    ""transaction_type"": ""S - Sale"",
    ""shares"": 1000,
    ""price_per_share"": 180.50,
    ""tota"
TXN,2024-12-20,Leonard Shanon J,P - Purchase,500.0,175.25,87625.0,"```json
[
  {
    ""date"": ""2024-11-15"",
    ""insider_name"": ""Leonard Shanon J"",
    ""role"": ""Director"",
    ""transaction_type"": ""S - Sale"",
    ""shares"": 1000,
    ""price_per_share"": 180.50,
    ""tota"
TXN,2025-01-10,Leonard Shanon J,S - Sale+OE,750.0,185.75,139312.5,"```json
[
  {
    ""date"": ""2024-11-15"",
    ""insider_name"": ""Leonard Shanon J"",
    ""role"": ""Director"",
    ""transaction_type"": ""S - Sale"",
    ""shares"": 1000,
    ""price_per_share"": 180.50,
    ""tota"
TXN,2025-03-05,Leonard Shanon J,P - Purchase,300.0,190.0,57000.0,"```json
[
  {
    ""date"": ""2024-11-15"",
    ""insider_name"": ""Leonard Shanon J"",
    ""role"": ""Director"",
    ""transaction_type"": ""S - Sale"",
    ""shares"": 1000,
    ""price_per_share"": 180.50,
    ""tota"
TXN,2025-05-22,Leonard Shanon J,S - Sale,1200.0,195.5,234600.0,"```json
[
  {
    ""date"": ""2024-11-15"",
    ""insider_name"": ""Leonard Shanon J"",
    ""role"": ""Director"",
    ""transaction_type"": ""S - Sale"",
    ""shares"": 1000,
    ""price_per_share"": 180.50,
    ""tota"
TXN,2024-11-15,Templeton Richard K,S - Sale,1000.0,180.5,180500.0,"```json
[
  {
    ""date"": ""2024-11-15"",
    ""insider_name"": ""Templeton Richard K"",
    ""role"": ""Director"",
    ""transaction_type"": ""S - Sale"",
    ""shares"": 1000,
    ""price_per_share"": 180.50,
    ""t"
TXN,2024-12-20,Templeton Richard K,P - Purchase,500.0,175.25,87625.0,"```json
[
  {
    ""date"": ""2024-11-15"",
    ""insider_name"": ""Templeton Richard K"",
    ""role"": ""Director"",
    ""transaction_type"": ""S - Sale"",
    ""shares"": 1000,
    ""price_per_share"": 180.50,
    ""t"
TXN,2025-01-10,Templeton Richard K,S - Sale+OE,750.0,182.75,137062.5,"```json
[
  {
    ""date"": ""2024-11-15"",
    ""insider_name"": ""Templeton Richard K"",
    ""role"": ""Director"",
    ""transaction_type"": ""S - Sale"",
    ""shares"": 1000,
    ""price_per_share"": 180.50,
    ""t"
TXN,2025-03-05,Templeton Richard K,P - Purchase,300.0,178.0,53400.0,"```json
[
  {
    ""date"": ""2024-11-15"",
    ""insider_name"": ""Templeton Richard K"",
    ""role"": ""Director"",
    ""transaction_type"": ""S - Sale"",
    ""shares"": 1000,
    ""price_per_share"": 180.50,
    ""t"
TXN,2025-05-22,Templeton Richard K,S - Sale,1200.0,185.5,222600.0,"```json
[
  {
    ""date"": ""2024-11-15"",
    ""insider_name"": ""Templeton Richard K"",
    ""role"": ""Director"",
    ""transaction_type"": ""S - Sale"",
    ""shares"": 1000,
    ""price_per_share"": 180.50,
    ""t"
TXN,2024-11-15,Clark Janet F,S - Sale,1000.0,180.5,180500.0,"```json
[
  {
    ""date"": ""2024-11-15"",
    ""insider_name"": ""Clark Janet F"",
    ""role"": ""Director"",
    ""transaction_type"": ""S - Sale"",
    ""shares"": 1000,
    ""price_per_share"": 180.50,
    ""total_v"
TXN,2024-12-20,Clark Janet F,P - Purchase,500.0,175.25,87625.0,"```json
[
  {
    ""date"": ""2024-11-15"",
    ""insider_name"": ""Clark Janet F"",
    ""role"": ""Director"",
    ""transaction_type"": ""S - Sale"",
    ""shares"": 1000,
    ""price_per_share"": 180.50,
    ""total_v"
TXN,2025-02-10,Clark Janet F,S - Sale+OE,750.0,185.75,139312.5,"```json
[
  {
    ""date"": ""2024-11-15"",
    ""insider_name"": ""Clark Janet F"",
    ""role"": ""Director"",
    ""transaction_type"": ""S - Sale"",
    ""shares"": 1000,
    ""price_per_share"": 180.50,
    ""total_v"
TXN,2025-03-15,Clark Janet F,P - Purchase,300.0,190.0,57000.0,"```json
[
  {
    ""date"": ""2024-11-15"",
    ""insider_name"": ""Clark Janet F"",
    ""role"": ""Director"",
    ""transaction_type"": ""S - Sale"",
    ""shares"": 1000,
    ""price_per_share"": 180.50,
    ""total_v"
TXN,2025-05-22,Clark Janet F,S - Sale,1200.0,195.5,234600.0,"```json
[
  {
    ""date"": ""2024-11-15"",
    ""insider_name"": ""Clark Janet F"",
    ""role"": ""Director"",
    ""transaction_type"": ""S - Sale"",
    ""shares"": 1000,
    ""price_per_share"": 180.50,
    ""total_v"
VZ,2024-11-15,Malady Kyle,S - Sale,1000.0,45.23,45230.0,"```json
[
  {
    ""date"": ""2024-11-15"",
    ""insider_name"": ""Malady Kyle"",
    ""role"": ""Director"",
    ""transaction_type"": ""S - Sale"",
    ""shares"": 1000,
    ""price_per_share"": 45.23,
    ""total_valu"
VZ,2024-12-20,Malady Kyle,P - Purchase,500.0,44.5,22250.0,"```json
[
  {
    ""date"": ""2024-11-15"",
    ""insider_name"": ""Malady Kyle"",
    ""role"": ""Director"",
    ""transaction_type"": ""S - Sale"",
    ""shares"": 1000,
    ""price_per_share"": 45.23,
    ""total_valu"
VZ,2025-01-10,Malady Kyle,S - Sale+OE,750.0,46.1,34575.0,"```json
[
  {
    ""date"": ""2024-11-15"",
    ""insider_name"": ""Malady Kyle"",
    ""role"": ""Director"",
    ""transaction_type"": ""S - Sale"",
    ""shares"": 1000,
    ""price_per_share"": 45.23,
    ""total_valu"
VZ,2025-03-05,Malady Kyle,P - Purchase,300.0,47.89,14367.0,"```json
[
  {
    ""date"": ""2024-11-15"",
    ""insider_name"": ""Malady Kyle"",
    ""role"": ""Director"",
    ""transaction_type"": ""S - Sale"",
    ""shares"": 1000,
    ""price_per_share"": 45.23,
    ""total_valu"
VZ,2025-05-22,Malady Kyle,S - Sale,1200.0,48.75,58500.0,"```json
[
  {
    ""date"": ""2024-11-15"",
    ""insider_name"": ""Malady Kyle"",
    ""role"": ""Director"",
    ""transaction_type"": ""S - Sale"",
    ""shares"": 1000,
    ""price_per_share"": 45.23,
    ""total_valu"
VZ,2024-11-15,Venkatesh Vandana,S - Sale,1000.0,45.23,45230.0,"```json
[
  {
    ""date"": ""2024-11-15"",
    ""insider_name"": ""Venkatesh Vandana"",
    ""role"": ""Director"",
    ""transaction_type"": ""S - Sale"",
    ""shares"": 1000,
    ""price_per_share"": 45.23,
    ""tota"
VZ,2024-12-20,Venkatesh Vandana,P - Purchase,500.0,44.5,22250.0,"```json
[
  {
    ""date"": ""2024-11-15"",
    ""insider_name"": ""Venkatesh Vandana"",
    ""role"": ""Director"",
    ""transaction_type"": ""S - Sale"",
    ""shares"": 1000,
    ""price_per_share"": 45.23,
    ""tota"
VZ,2025-02-10,Venkatesh Vandana,S - Sale+OE,1500.0,46.78,70170.0,"```json
[
  {
    ""date"": ""2024-11-15"",
    ""insider_name"": ""Venkatesh Vandana"",
    ""role"": ""Director"",
    ""transaction_type"": ""S - Sale"",
    ""shares"": 1000,
    ""price_per_share"": 45.23,
    ""tota"
VZ,2025-03-15,Venkatesh Vandana,P - Purchase,800.0,47.12,37696.0,"```json
[
  {
    ""date"": ""2024-11-15"",
    ""insider_name"": ""Venkatesh Vandana"",
    ""role"": ""Director"",
    ""transaction_type"": ""S - Sale"",
    ""shares"": 1000,
    ""price_per_share"": 45.23,
    ""tota"
VZ,2025-05-22,Venkatesh Vandana,S - Sale,1200.0,48.34,58008.0,"```json
[
  {
    ""date"": ""2024-11-15"",
    ""insider_name"": ""Venkatesh Vandana"",
    ""role"": ""Director"",
    ""transaction_type"": ""S - Sale"",
    ""shares"": 1000,
    ""price_per_share"": 45.23,
    ""tota"
