date,AAPL,ADBE,ADI,ADP,AMAT,AMZN,ANET,APP,AVGO,CRM,CRWD,CSCO,DELL,EBAY,GOOGL,IBM,INTC,LRCX,META,MSFT,MU,NOW,NVDA,ORCL,PLTR,PYPL,TSLA,TXN,VMW,VZ
2023-12-01,,,,,,,,,,,,,,,,,,,,,,,,,,,,,,
2023-12-04,-0.00946458325070032,-0.01291487505167066,0.0010376044983546606,-0.0015454305924319511,-0.021901107247892182,-0.014894936132684111,-0.007108536237405483,-0.023006563872293717,-0.006483887910567865,-0.035923159046106434,0.01004127397612642,-0.008665281266485914,-0.0362854415401036,-0.002635907482846478,-0.019641944569547043,0.0034255388515762597,-0.031778728522081634,-0.016646243773648872,-0.014777253218640318,-0.014338714412868159,-0.021598764330279963,-0.0045889681647098834,-0.026836320411761094,-0.01177878912381336,-0.09225460271349739,0.0033528285460473484,-0.01360800559009756,0.014238608813483156,,-0.013996938460732578
2023-12-05,0.021063181160530853,-0.003870628002048626,-0.014350897139369989,-0.004385624943907485,-0.014298292950126856,0.014084566393959497,0.002835893040644466,-0.008027809623633253,-0.01174296622318216,0.0014362337715683182,0.006655721955924898,-0.002497362775729206,-0.000432793379167018,-0.003363674937652106,0.013305255621195666,0.0018000216269895564,-0.010153555259619806,-0.01819570168897644,-0.005405984142267117,0.009156482752113337,-0.008076480903252303,0.0008725394504001116,0.02329372366911886,-0.010796290381963614,-0.005434803453420622,-0.0322472642046121,0.013328802806870987,-0.0010798295852171291,,0.00998936271946027
2023-12-06,-0.005687153699495462,-0.010826539824777548,-0.00033217373281901885,0.003411760820358767,-0.00992130101412425,-0.016067541747663228,-0.0107088811157795,-0.012678748976864607,-0.010381770816398794,-0.0075292899438759164,0.0018830687782713795,-0.0047986384259688375,-0.02395731348679475,-0.00024114160350663383,-0.0074049322366543935,-0.006877780255067356,-0.015505660998874404,-0.0032561330821194723,-0.0026392184851975475,-0.009985984188858321,-0.007599362757468975,-0.0028914809453035595,-0.02282782419208851,-0.021828450389483667,-0.06393443306404623,0.02779700363545823,0.002722829646282676,-0.007631176269385698,,0.0020823343840468134
2023-12-07,0.010139411496955297,0.021957389326522136,0.021099865658025463,-0.004156779802844679,0.025501033292669284,0.016329923474831087,0.008856604703396664,0.0065574231823122275,0.020605527819235636,-0.0011239379454501819,0.0031325704023719148,0.011739958678071538,0.014194882415561327,0.00024119976680525568,0.053145592258940555,-0.00037409903549412427,0.021323088264428414,0.018938659289315707,0.02879188730464244,0.00582970621590384,0.007110624669751431,0.0021129452333044085,0.024020193518139665,0.0074979686186607,0.0052539496203840574,-0.01763820295555285,0.01366087788429815,0.010445374306339739,,0.0038962344837689677
2023-12-08,0.007412400633103777,0.0020204021314078613,0.002711729485095793,-0.003130510712076595,-0.004515195502494684,0.0036764247561378305,0.040596431630466334,0.014115104658248612,0.023897727455636453,0.007876231571113168,0.009909667739341543,0.0024865803532818642,0.001603721291523419,-0.004580544447124857,-0.014167862508656981,0.010859854912126599,0.013048565651051725,-0.006864029856688214,0.018861552518450786,0.008842084297638886,0.017786923494909734,0.016577469565573377,0.019529631168768935,0.006556332558601552,0.031939672842068,0.007865939651726661,0.0049455858525417895,-0.0041224021533260435,,-0.010349362894907399
2023-12-11,-0.012927343542842973,0.0249012347309554,0.028396798784010358,0.017533760774946616,0.0502300420142634,-0.010378502226973785,0.011337805466955286,-0.016595260218303598,0.08995025637037446,0.005143323584118287,0.01822303901600919,0.020876475485887003,0.007860470943419573,0.011382834393306451,-0.01259353289296583,0.009570289702033552,0.04309130037733522,0.04610537721546648,-0.022449284809235026,-0.007829464418512178,0.03775339064694894,0.008639982992434403,-0.018502861004169646,0.013378907079691027,0.0,0.0016967062712283099,-0.01681426716823431,0.018722578253077993,,-0.015163373828955606
2023-12-12,0.00792014350112491,0.013531607121431977,0.004417986624120518,0.014531313507071486,0.013407413436663518,0.010898597193382598,0.014520868516479712,-0.013064870304971277,0.041817189067378635,0.017255075995062485,0.006397545544986061,-0.0012147205944176287,0.010831875057246476,-0.015565031355927461,-0.0057768700811940965,0.007339068265834525,-0.011225884073088221,-0.0032033318557542767,0.027484116775867484,0.008295237794252897,0.004756389467994726,0.016110755193407877,0.02209017346945963,-0.1243810251385179,-0.015194172808572382,-0.002540683545402267,-0.011387381846063915,-0.012814913456337118,,-0.009822332943562051
2023-12-13,0.01669148194565717,-0.014834396643769399,0.006807331127496985,0.010731893270051973,-0.0014628378936439868,0.009221593773735215,-0.001348636377667356,0.04605631717999392,0.016236596071464993,0.003392332841167578,0.014041400891265488,0.007297601564946188,-0.0017146011230296798,0.02067602172944194,0.0003775407815442833,-0.006617833906688797,0.012034588084334885,0.004663261431225418,0.00155579832119912,-2.6617058881295286e-05,0.020854540589259285,-0.0011723932379424928,0.009043788467537839,0.021624781239388824,0.021142905099051257,0.04822545418881741,0.009619842336358264,0.024632796064321116,,-0.008310882174036416
2023-12-14,0.0007577033170567127,-0.06346713628518763,0.041088017112168584,-0.013585745249591108,0.030256625747448362,-0.00954043404920335,0.006447378383198643,0.020036865684641025,0.015417129532056428,-0.00042732376249243753,0.002539277125443551,-0.005031244526587986,0.03663935161841181,0.016444375588700044,-0.004752410121005357,-0.004339131336332014,0.013686289979277122,0.04432032929602836,-0.004690006838884986,-0.02254450266816166,0.030078855393303128,-0.04925662873184833,0.005448283416466415,-0.02602180686711275,0.01902620197380145,0.0022679418084836644,0.04914543063053567,0.04307518452866965,,0.02379015713216326
2023-12-15,-0.002725791209809758,6.838058692881788e-05,0.003547096634254121,-0.0077553000225705215,0.0012983088332787496,0.01729753821347546,0.019781012631976402,0.03256661103525205,0.02101235432507864,0.017067692232679788,0.029286030200180724,0.00869741061894147,-0.011183234266708753,-0.021101995797099815,0.005002367087456383,-0.004174211921004534,0.02169101735907719,0.008198574868719444,0.005252342298180057,0.01311719230902364,-0.009489972978949046,0.02623489460875117,0.011168619614603914,0.03000683746240962,-0.000549056674128523,-0.009859354944526277,0.009758999874367902,-0.0008295483478846233,,-0.013202953006253515
2023-12-18,-0.008503357167454761,0.024714394862223488,-0.021356148134681674,0.003032399221579718,-0.009817882848746406,0.027338841569267247,0.01362475115415629,0.023028739709030743,0.015277852998314634,0.007606938241685013,-0.001076587179917765,0.0074193888645206485,0.024434711291659417,0.018443175339112994,0.02413248186530903,0.0031438320243752926,-0.010182110719619275,-0.004628351200597791,0.028962169414571637,0.005178960469950811,0.0018426254120367247,0.007848364029999555,0.02427892777476881,0.016260189154207794,-0.01978025248683668,0.0034280441279765927,-0.005601570686174839,-0.007234232265227125,,0.008027858109771024
2023-12-19,0.005360049841600656,0.009196684727386994,0.006307601493644732,-0.00489681534555364,0.012284864794045447,-0.0018174467759756174,-0.00883547854747524,0.0665525150914823,-0.0019005186606774194,0.0028452807517931333,-0.005658203578802867,-0.0011942503321359377,0.0021807813941316923,0.02704582888117546,0.006259322425231861,-0.007250910385511178,0.02123018678208699,0.01440413667216589,0.01665613525897447,0.0016368428168558324,0.007479026284840762,0.005669898053936251,-0.009445426665086298,0.011904785037794019,0.006165953442304417,0.025052815963366726,0.0203903496997484,0.006450758186431038,,-0.002654800577599148
2023-12-20,-0.010713830547091296,-0.01419028989477733,-0.02850918622490972,-0.006290155019254007,-0.033327071193251956,-0.01085895208954335,-0.014955611879060915,-0.011241148812836332,-0.025623458556982892,-0.015472389876907133,-0.016955018200328742,-0.007572791828595826,-0.015095958829006717,-0.015800096100666017,0.012367367838448828,-0.009346223715512636,-0.019288503020881254,-0.03339273306601631,-0.003082729175710508,-0.00707285582927808,-0.04235136564933539,-0.019655033792768672,-0.03009831058523804,-0.019764755654105404,-0.03899725533074694,-0.020155507182900934,-0.03918825045959673,-0.01970317763464302,,-0.007186611386021391
2023-12-21,-0.0007697969897835222,0.0068449771945024995,0.021280967972219456,-0.013951694875843468,0.028485775248228373,0.011306871390431628,0.009349771150889419,-0.002320150293767087,0.015228961812119968,0.02689708346024977,0.013270369822699468,-0.002007921300375859,0.04004411534736718,0.017449917181881602,0.015035478471145058,0.0045608635066407555,0.02884623832576283,0.029128719172469175,0.013771290450435902,0.007878756455939051,0.08628809357633482,0.010031697507360882,0.01827018480827114,0.01641873589590004,0.019710153773210948,0.005183027200954093,0.029780693649462897,0.009867928034275497,,0.0034854280979348395
2023-12-22,-0.005547631850496226,-0.0023161505890451073,0.0041776624244322935,0.008646710469984997,0.004089441205417765,-0.0027300973670256745,0.012407572934406419,-0.04162792826807771,-0.004710358975184126,-0.0034048870197632697,-0.006567707109058518,0.007847010092100426,0.005177804489343796,0.0020580659217022124,0.007619919952931431,0.008458821200802102,0.019541107812255376,0.003951484094236735,-0.001976811766920328,0.002784122432575531,0.011815610248279373,-0.004580728951472102,-0.0032660181015535805,0.0032116961039401204,-0.010233104241860858,-0.0035449575890457163,-0.007701401626197146,0.008572662413788734,,0.0016031178788977751
2023-12-26,-0.002840972889274651,-0.0008183552974947439,0.008980053717677627,0.006797435773795879,0.013761294447249828,-6.514474615582078e-05,-0.003063861933893075,-0.019655364634524997,0.008832642835610471,-0.0004505211512414453,0.008762626419390296,0.003792995400707655,0.017038879548809893,-0.007759097948927263,0.00021225055395013293,0.006599293160663988,0.05208334507834578,0.020154164714508038,0.004074860316427342,0.0002135686627393607,0.006590359057933037,0.0052756628156387375,0.009195186837838598,-9.406578634485463e-05,0.015508354975879435,0.011643015173855131,0.01611622781987765,0.015275942152953581,,-0.0002670182186925718
2023-12-27,0.0005180630049905766,-0.0036438883431892943,0.0024136593258621275,-0.003999396244524833,-0.00042607838251895735,-0.0004563413242133496,0.0008419860618449349,0.006188118578160484,-0.005053714888669236,0.0018780369361222071,-0.0021328103439053336,0.003182378239450001,0.0033765902950715354,-0.002299675789536937,-0.008126210098677755,0.0015316953807080758,0.005148462676056953,-0.0009804701578998154,0.008454529426418889,-0.0015745357882712696,-0.004594634613108717,0.0036079224803131638,0.0028004767045728407,-0.0023543784870152518,-0.01187788394776279,0.001918097735505775,0.018822405072142834,0.0024587818431678343,,-0.004535609302049104
2023-12-28,0.002226190181615184,-0.0009394670892135526,0.004464550762119934,0.0037995179565855075,-0.006637855998366526,0.0002609139551152939,-0.0031968810015331472,0.002705948131004776,-0.003338561703269738,-0.004274143804186559,-0.0046246013039586975,0.0007928480442596086,-0.007507085081566278,0.0020745792899674598,-0.0009973826924509765,0.0017742329486034603,-0.007289095456839534,-0.006616807796760105,0.0013694257059049253,0.0032344529865722116,-0.007615940558928891,-0.0018471816305651867,0.0021247511964084254,0.0029262330601225184,0.005151697545808798,0.006381622884022331,-0.03159428430420175,0.002861638152356072,,0.004824581254128768
2023-12-29,-0.005424011748945912,0.0018134672542788888,-0.008390008986134512,0.0020645883590866276,-0.006437006778024501,-0.009388462612883952,-0.006161145741428231,-0.02232580679306273,-0.005488221037337815,-0.009187317220821334,-0.0031624469728345206,0.0007924626486748299,-0.002347514427885833,0.0034505346214455113,-0.0038508883374036573,-0.0012213353266238292,-0.002778395139250822,-0.008117246819840274,-0.012167890728983277,0.0020252419445696557,-0.006345672419390991,0.005736979547931842,0.0,-0.007717667196919464,-0.02220953311558127,-0.02647429597512907,-0.018563856087399966,-0.00733754153656907,,0.005601033572539604
2024-01-02,-0.03578659561771558,-0.027706954304656528,-0.02508057295330668,0.0019315421453183212,-0.04751022220712553,-0.013228970207501023,-0.016772099020738285,-0.026850683457844693,-0.027655016250001996,-0.026639863682525244,-0.03301742007184516,-0.00019797899741136327,-0.022352928098943514,0.005731509160279646,-0.010881330619581298,-0.012534469041866059,-0.0487561513132867,-0.04335736596928241,-0.021669150392110037,-0.01374856574231087,-0.03515346139490305,-0.02685109652092532,-0.027341525894358454,-0.012994380854548071,-0.0343622684895899,0.0008141686452582952,-0.0002414583049958896,-0.007039980895553466,,0.03130001414020911
2024-01-03,-0.007487657187732366,-0.014274189653537883,-0.02386599535414946,-0.0038983932252603104,-0.01891586159402825,-0.00973782115920796,-0.009328051843508933,-0.014698290685055904,-0.024691998324208098,-0.01674934181570431,-0.010247473715223165,0.007781411839855146,0.024201208689652587,-0.007294425576514829,0.005428197968551096,-0.008668557169219326,-0.015690484091115176,-0.016508695966200304,-0.005255675610957966,-0.000727889579753449,-0.00097161117097877,-0.01777403045144066,-0.012435617145474032,-0.015375876803549127,-0.029553665462782264,-0.046046192082837,-0.04013364984377277,-0.014887986483511195,,0.007201710381669724
2024-01-04,-0.01270017706679949,-0.008289739968384557,-0.015294298026245379,0.004946028247456713,-0.014130021374366808,-0.026267891590348702,0.005056685671198435,-0.0023554083942509685,-0.00904036512726214,-0.002382425383060438,0.00527906892662755,-0.008513142915552052,-0.00822467377231395,-0.02342124475352214,-0.018211929147492256,0.004746698578934838,-0.00382560920860886,-0.0079384309048387,0.00769288257018963,-0.007177648904509781,0.0054703593820626395,-0.005079258485653826,0.00901855346388869,0.001268794098751691,0.00994405505871776,-0.003070101534769498,-0.0021807686270334248,-0.01361415057882387,,0.005362633773399628
2024-01-05,-0.004013025084415478,-0.004320628268712268,0.0025795279329523524,0.006633549130363736,-0.002076207674510999,0.00463442024626004,0.0015614183473440235,-0.00026228546205020464,0.00025743066458328023,-0.0004776599530721404,0.007368259158783141,0.00019971384598771458,-0.001711132898232548,0.006113402811807722,-0.004839155058710576,-0.010568015094151395,0.00042666342029673565,0.0018057039923600193,0.013914755817035163,-0.0005164318733889006,0.008946943994501577,0.006385176851116503,0.022896687563386253,0.0013648681127247375,-0.01661541278545675,0.02857140420080717,-0.001849229589212631,0.003830642582335564,,0.021081963817120908
2024-01-08,0.024174995866565574,0.02825011140051581,0.01302620474391114,0.0065897668085515,0.01718131032305359,0.026576703830634596,0.06465446064851976,0.030963009348660808,0.024369071593280278,0.03882615214466445,0.05584737610311907,0.007386642345492689,0.04641349238227277,0.0011684253531174527,0.02291322745901181,0.012440235127177068,0.03326942844394698,0.03380658303860429,0.019065008077933987,0.018871700864788732,0.017974999110705214,0.02972672468148052,0.0642809940743021,0.018787094944801686,0.04317900837443056,0.02694611637897637,0.012463646412957496,0.020835568262796533,,-0.002487496603795214
2024-01-09,-0.0022634921555452214,0.009732192804863704,0.004127374831361275,-0.006504472979122489,-0.003497080755353821,0.015224607114340927,-0.0026439257235557623,-0.00381780408204635,0.007107875727357715,0.0018016493079768825,0.04780308593358984,-0.010899775600414108,-0.02835168052945991,-0.0163400663082659,0.01519741244628059,-0.006578196173701811,-0.00825602757514643,-0.006788602133551813,-0.0034294480947700823,0.0029356442456178744,-0.019070197511466658,0.003461312101147307,0.01697512579402427,-0.009841460957658588,-0.016796681785484213,-0.011175871343648835,-0.02283214932024613,0.0005340474351014368,,-0.010016685142249293
2024-01-10,0.005671359753989247,0.00823953768212804,-0.007325109345484693,0.0002975500731337011,-0.008077731731660154,0.015590940651907248,0.016435558032031894,0.03551352609412817,-0.001773510022263669,0.010675640465557912,0.030207911250772712,0.006612112589987618,0.014783960192154444,0.009966786777996006,0.009436037172194878,0.007183910681195282,-0.012070668355544933,-0.003098215427499551,0.036482788287377055,0.018574009719334095,-0.011400381517005398,0.022371128177918198,0.022770008121063556,0.006684064858305749,0.02440521908326243,-0.0014742333003722186,-0.004341182513256769,-0.008183518319055616,,0.0010246096369643798
2024-01-11,-0.003222572014564551,0.010930004597541565,0.0031322465067669114,0.00021249206057660786,0.014284495301304379,0.009432101662268044,0.010071058093540808,0.021959028286550497,0.017962762112660124,0.02744877359087816,0.008793009479557634,0.003980587818310788,0.018658034849091232,-0.016212361269266506,-0.0014058132176935079,0.005768314223143056,0.0035810848942861018,0.014019004164496751,-0.0021593954290555217,0.004859450385277686,0.01226027358257098,0.017023707304683278,0.008684496512422202,0.008179268404783224,-0.006551554756011657,0.006397608351894846,-0.028725319101363445,-0.009865540290765917,,-0.030194198555894225
2024-01-12,0.0017781531148914897,-0.001590005226127067,-0.003175304172284399,0.0025920436000348435,-0.004606629120556649,-0.0036086969005325598,0.001151955508877922,0.007001470988590608,0.007000005899440387,0.0020264922787904815,-0.004112129043067125,-0.001982242093206521,-0.005018065734567312,-0.01576303607918428,0.004011682911159831,0.02244703885738364,-0.010915249434555574,-0.0006969495550492866,0.013038575165978505,0.009983681351244389,-0.01199180005926137,0.0037441226012950857,-0.0020430317078270477,0.017466999657081095,0.004796158407816664,-0.005704942180746686,-0.036660513098772496,-0.004408304180670175,,0.017414282396458258
2024-01-16,-0.012317093638901988,0.0019110448426395976,-0.0030261479037347883,-0.0028395377484016215,0.01659505724298449,-0.009442449238027617,0.004880354455804925,-0.023735264576835613,0.006572383566323614,-0.010075985529862663,0.010375868636234298,0.004966091979932141,0.0026479465612818665,-0.012375722961756597,-0.001121539676933181,0.006996276916211519,-0.0012731172971911509,0.001934861110983066,-0.018772248649548073,0.004633517923946062,0.026945076567234105,-0.002221708838747505,0.030561211447376113,-0.00028137324516630535,-0.01372312285771804,-0.04180326039427895,0.004659894354722027,-0.006004497264684994,,0.018931401930067038
2024-01-17,-0.005173440692785469,-0.002643583705671859,-0.012567344771780786,0.0004675570081433822,-0.0025364836340723285,-0.009467203666572499,-0.016860100711865944,0.011296637295747036,-0.010125989342761543,0.00835838359874419,-0.034999543233021235,-0.00573235386663129,-0.023390602463197574,-0.0007370944715091587,-0.007158315622356026,-0.005270615204057694,-0.021249585471214805,-0.010825694925068685,0.0024765691431771764,-0.0020496665513556334,-0.015719130877779652,-2.7474042797015485e-05,-0.005835148919104194,-0.0013136647689471204,-0.008469527597187332,0.024636448677050726,-0.019826295019533036,-0.008909042145860746,,-0.010689775295183668
2024-01-18,0.03257053345242045,-0.0040261088361012165,0.02448377503089616,0.0029312262750609275,0.04544559947946869,0.011798781932089941,0.03441902034764599,0.04638173465899764,0.036460124256127324,0.011125904632854233,0.024758376261969417,0.00894628474710868,0.009657675602265492,0.0029507475295258434,0.014207898794372564,0.004575982104641385,0.014763344350462226,0.0434985817264979,0.021065879163824075,0.011297196492309647,0.01849168603638085,0.02531823575725367,0.018803632173331808,0.021328400518694668,0.0006101421143525076,0.03673402294126671,-0.017026203279914,0.027644252975590478,,0.0018007097850760712
2024-01-19,0.015533203563038,0.030065648002232104,0.02526712906903006,0.009149537662569651,0.04739939940405957,0.011986946826648914,0.02310146087681053,-0.04525413683068502,0.05882471947081713,0.023391310106746,0.026244299310506092,0.010246259505203525,0.06096144954088634,0.00833546586357281,0.020212041035703843,0.027810958649648665,0.03016686734462115,0.051765832518697596,0.019461263668464568,0.012186777059605802,0.03171429993596231,0.004222779218337802,0.04174615885863564,0.008923700480319319,0.023170797375255514,0.06007394828511958,0.0014630807600990448,0.04038110119829885,,0.010015740365405978
2024-01-22,0.01216313883299791,-0.013016042999570376,0.013040979983428791,0.0048688258342424184,0.002143690410731036,-0.003604979862209201,0.011726295864961545,0.05384054899002311,0.007678318043614851,-0.002065110058173003,0.0279479413449939,0.005851403841321545,-0.020284795727175675,-0.001701873717695479,-0.002664453068220052,0.007872794153247487,0.001453824921199054,0.008737368378299193,-0.004355158455625618,-0.005417916336607376,0.019769172471393537,0.0044586191602074,0.0027398865189216526,0.003920832918431261,0.0488676794558669,-0.0316012333359631,-0.015976244642273096,0.006795230030835153,,0.006356224598206284
2024-01-23,0.006653399731093579,-0.010619847735195309,0.02057686695706784,0.004010127626460358,-0.007427175261709995,0.008011406531487353,-0.01710426651987096,0.03171491210974353,0.004760219706784197,-0.012593610827962176,-0.0046541707339229355,0.0036843777432937763,0.01589830204043574,0.008523971626060112,0.007192408357652225,0.006422523747652287,0.013894625482060885,-0.0037790138242476123,0.008957960111849461,0.006027411974747654,-0.019161871703238242,0.0012891237760599417,0.0036711406840821414,0.015712960643615936,-0.015340934767702818,0.016316289816006968,0.0016283349277841364,-0.0028026200448900696,,0.0669531291495884
2024-01-24,-0.003484020009477229,0.015573173761730175,-0.015245628245008747,-0.007988087739920102,0.04244228560948926,0.005447960655367012,0.001640942839870041,-0.03174599113519949,0.022473986820728653,0.00039740549703992656,0.0101255083825047,-0.008693857520327697,0.015528465109305722,0.0048297412648856675,0.011289341414452592,-5.76721278576775e-05,0.004090823298747326,0.02139980690042176,0.014278400300480332,0.00917531861782428,0.0062836105821979515,0.01327280881745807,0.024869309798779993,0.02217649540757516,-0.033467970355421706,-0.027168887325961566,-0.006263735117226887,-0.02449240757067983,,-0.022495886735354298
2024-01-25,-0.0016966961944384629,0.026546690970161935,-0.005042751035412518,-0.007213402037535732,-0.008671065857842275,0.005609771850602074,0.007429466978938759,0.01754787110216749,-0.019037019443942316,0.007765341173307627,-0.02271215982397612,0.01987900669099507,-0.00800386989500701,0.013217830199654612,0.021318075482040566,0.09486580609887452,0.009370576030593769,0.020561994554969765,0.006347432458453595,0.005738257362523758,0.012715667231363081,0.00428330194810278,0.004155611524937486,0.006036319675677637,-0.01731348749416972,-0.036655071729978395,-0.12125293136804816,-0.015581740993544035,,0.02446706027658263
2024-01-26,-0.009012656450872347,-0.01389383561408819,-0.01708058233187615,-0.0026192285319665,-0.0331925346457288,0.008684596622424712,-7.5711104429943e-05,0.005218959469685203,-0.020422724650416058,0.0032612507435390015,-0.01073398074083487,-0.003630868632950257,0.014209871896869508,0.012571175681313385,0.0021071047418468325,-0.01580634330020181,-0.11907169314125954,-0.030683788502044562,0.0024416814175629575,-0.002321709858035259,-0.01289250407018272,0.0035868673189467515,-0.009510267763834235,-0.003130528931188148,-0.006682789132515521,0.01762474805161074,0.0033948152034783963,-0.019890284215801968,,0.0026009539302707108
2024-01-29,-0.0035860736599736542,0.026550238606076526,0.01686158058756071,0.006819301245910125,0.009466786952009532,0.01344896590822775,0.019591500738874057,0.05124154620446664,0.010698054791176581,0.02829183437317173,0.03568604580022994,0.0028771173145225593,-0.009617374611645357,-0.0016397761382181963,0.008673328841563022,-0.001494062825659448,0.00435279641198294,0.008056694868331604,0.017455613382748814,0.01433418445611645,0.011584401274192357,0.023133691693296488,0.02349626499541535,-0.00776334557501368,0.04525992378305044,0.03204921880009781,0.04190991910385411,0.011883799011054963,,-0.008254691185781038
2024-01-30,-0.0192457010375664,-0.003601793894992711,-0.012474519424613417,0.0037018131812782684,-0.013295356095677113,-0.014014601164705653,0.008828566664293103,-0.08803947822608138,-0.00789152080114508,-0.00045169406789824507,0.0022615912642205416,-0.0009563652540257594,0.01666442804814472,-0.015720154664088937,-0.013354028272103191,0.003900904900113522,-0.0209853859319038,-0.011834935657681789,-0.0023937162379401578,-0.002757997100545806,-0.03267080714237669,-0.0019181060214883416,0.0049465860368049785,0.003604477303716269,-0.02047983489436811,-0.0012547055971057208,0.0034567835721344142,-0.016328754443204363,,0.009988140940370593
2024-01-31,-0.01935755652929927,-0.01621121141406756,-0.012221615905025351,0.030135423394120453,-0.0116697028892353,-0.023899390262627773,-0.04883070744429863,-0.03155168622728155,-0.02330815492271332,-0.023077264150902832,-0.02936786435795058,-0.03943329599369472,-0.022641477394443887,-0.020977329794035104,-0.07500337490656162,-0.022409095400188983,0.003727890391790112,-0.012706372220373296,-0.02479631499549395,-0.026946245406738845,-0.004758790565998483,-0.025873992107757093,-0.019864801725331005,-0.02154891635374001,-0.03882912947536177,-0.03658917908906201,-0.02244377647032403,-0.011909728386738205,,-0.0028254733109763785
2024-02-01,0.013340567092615663,0.016397331359489842,-0.001819439750090468,0.0052893197276109305,0.01625052969355334,0.026288672108771616,0.016622925747243,-0.004133284201987664,0.01695769977007955,0.009640997439378518,0.023487162793803362,0.0,0.034990458917978584,0.015339723735467548,0.007565945885993575,0.017641340320891485,0.006499600903273173,0.008531366971174181,0.011893114829470752,0.015594333847624098,-0.0016325914178102474,0.007316403865892163,0.024379617198996506,0.0342883712558264,0.014916082588076529,0.010920980405897174,0.008382761388752824,-0.0026856703580149244,,0.0033058995811623415
2024-02-02,-0.005405132462502293,0.010909265522236034,0.000468729913341015,0.007001747477358489,0.007246879621680913,0.07866649218561839,0.03848199366648286,0.1196289461768183,0.020274750401487518,0.006554173486088333,0.014029502874485456,0.0,0.006295011142102291,0.005755155386915511,0.008642728006323042,-0.005939030745225282,-0.01752790079763944,0.007798601349395806,0.20317644331995233,0.018425769322228946,0.010162531697557098,0.013359258102224159,0.04970882791889597,0.002250618121556025,0.04225355402824915,0.006449472566599335,-0.0050301649114266045,-0.003068324196048078,,-0.008472740524569256
2024-02-05,0.009846585164413169,-0.00671121321457846,0.002394608243672769,-0.002130112968717901,0.017302958130454904,-0.008730574595861018,-0.0004760339798866031,-0.008286111274701136,0.015322543411808276,0.008576412815990864,-0.0035577200111547302,-0.013351980293252685,-0.007066630284172981,-0.01454433792531773,0.00913034237190069,-0.012756298914787911,0.003990744978083383,0.015047099770329586,-0.032800801850332184,-0.013544994155132661,0.005781616458718997,0.004530960177840271,0.04794444676502163,0.005181702547063294,-0.01762638873915745,-0.014097989255228316,-0.03645365318513305,-0.0018845114926639983,,-0.017801879736096815
2024-02-06,0.008631736271405677,-0.03704993711588023,-0.014800553506747915,0.010189962605582359,-0.013969397977092846,-0.00681113075414308,-0.029600273056132442,0.01231313498081632,-0.0164506414089739,-0.007913641460559617,-0.0012562560583180282,0.009492979021331616,-0.03535189799381733,0.0321798925560528,0.0029233247499953485,-5.4513509612608146e-05,0.0022277309159195458,-0.019616629502976157,-0.010208593862819582,-0.0003944980267063247,-0.027362547140601046,-0.009415911550973544,-0.0159956035791059,-0.009365060239507339,0.30801445797701255,0.03526159828748243,0.0223130928940527,-0.0033354096905291453,,-0.006766787369503202
2024-02-07,0.0005811827427166794,0.014345885178632889,0.011913029016406007,-0.0021529190895469563,0.013040924394939424,0.008158468416245013,0.008154226377306006,0.03583835096374122,0.028143721075494676,0.010530783786937281,0.051868571671007,-0.00420165239534076,0.01282054226489926,-0.007501231091497806,0.009993033553715058,0.0017992217572164737,0.0009358453103707198,0.016678187513988973,0.03270143096915468,0.021110337370361387,0.006737579465558641,0.016644140106080396,0.027498074784522375,0.017085785683151666,0.07910377118654788,-0.0073770899853765615,0.01339813963135228,0.0025258167984338886,,-0.0165450035896616
2024-02-08,-0.005754729989208451,1.6253578017044745e-05,0.010886969216463038,0.0032365709788453323,0.017495745018504927,-0.004046223223746481,0.03310251735462355,-0.023904370360161353,0.014080522126832529,0.01076742738504688,0.01655236259623183,0.003616670246668452,0.012658256551777214,-0.007557737708571599,0.0025423039912693124,0.012521952744262821,-0.00654506256020948,0.018643826399383556,0.0008731498210079458,0.00014485115981011099,-0.00340507057636541,0.0114120928975463,-0.006533692759945309,-0.005031050609273446,0.03855931494503806,-0.11242890009876394,0.010555473441792307,0.009069562425792821,,-0.012617564064390852
2024-02-09,0.004094034423356652,0.01842957310274773,0.0049469692108405905,-0.004341212116246607,0.0687214987361986,0.02714319777292107,0.023777582407080056,-0.004296471884369546,0.0068091092413080645,-0.0022265124258102897,0.019502190522300733,0.0036036370796626027,0.01650949029548343,0.009757204939484732,0.021177411618527486,0.010739820496807218,0.019058768344871746,0.054630044538040545,-0.004021387807101928,0.015551403057371127,0.00801114916107215,0.01692494207163242,0.035783863208047606,-0.00034288783105962395,-0.005304001097562017,0.04952782860601679,0.021154303741671487,0.013669673724207465,,-0.004760387098916019
2024-02-12,-0.009001982412509713,-0.024505340442180557,-0.004973813302571295,0.0003200209215767913,-0.001614287063938069,-0.012095159915523457,-0.005558531621050022,0.015318293906014802,-0.014367692681538258,-0.013663036612571289,-0.02444278825068591,-0.002792800658365957,0.004872396967996684,0.024982169930852338,-0.009865956193915393,-0.0009659019689740589,0.01662431861163638,-0.0039270232451381615,0.0016877587782904158,-0.012578675776338644,0.0016364865953168994,-0.03147831510636845,0.001594163433554785,-0.00685863444158008,0.027481546323108175,0.020030627356936392,-0.028103539988478476,-0.008128125814224951,,0.009566980706922523
2024-02-13,-0.011274310651427477,-0.016262440785655974,-0.04823518686793904,-0.0019195112457022212,-0.02818787153600455,-0.021469171561243172,-0.05472085890770362,-0.026136836088883286,-0.010553348207029134,-0.021474294551754425,0.0035793017706728936,-0.007001352927447524,-0.03047791604748551,-0.054265099555773966,-0.016199879260869632,-0.013214436113728079,-0.019759267340713427,-0.016971589381511554,-0.018724747510360462,-0.02152868019999088,-0.04865822657135932,-0.017260445153146953,-0.0016609421099491595,-0.018646564869218007,-0.04151692773866722,-0.03045442300243484,-0.021846598116614713,-0.026260174982782214,,0.0007480610383443498
2024-02-14,-0.004809853834598199,0.004602100763727801,0.008825939088777712,0.0052486284430421914,0.03261035122475442,0.013875689909627953,0.0006026276080912663,0.02269249529301498,0.008444789610472014,0.028454454479591273,0.03755732930117173,0.012892775539247392,0.02452964913135225,0.025528683651244277,0.005511916356332636,-0.0007076260299381243,0.023864698507698456,0.025890919648466904,0.028601222675547877,0.00966534650711881,0.0036796228504485384,0.0235731688185965,0.02456746463633719,0.005102118702634106,0.04914620132974212,0.010470408403131515,0.025486372853585015,0.006502986106103448,,0.0004983345742173295
2024-02-15,-0.0015747167696340547,-0.023517301185282835,0.006547763720690991,0.004583503716662607,0.007895312934713905,-0.006901349311422389,0.0031241259092698037,0.24813316264454977,0.0022580814601571575,0.009648982648109206,-0.009475363998871056,-0.02426406055339747,-0.038586724079855306,0.010431331372978025,-0.02172134435415507,0.01797684859305293,-0.0031681124997874344,-0.002096690280510516,0.022713814502559382,-0.007155175088325416,-0.0024439319439432117,-0.015151477203040775,-0.016806701854951922,-0.01295288701801589,0.008733597010331495,0.014098898604774313,0.06221180550417671,0.01798957384920241,,0.010958889945024586
2024-02-16,-0.00843035520801072,-0.07414814225975419,0.0037326554408299017,0.0036500345938732526,0.06346583602941558,-0.0017079419299743659,-0.017823639774859235,0.023418785160423283,-0.015485556210176665,-0.0076041549991344715,-0.0064578870689385726,-0.012637630237201658,0.018012712571634282,0.019474662601777215,-0.015759370060548172,0.0041204490040374075,-0.012258761939946239,0.013405818405549885,-0.022126812036476373,-0.006149257071153991,-0.026093502037517036,-0.019230769230769273,-0.0006193781191519143,-0.013034214396912547,-0.03817392047144319,-0.009380301155583304,-0.0024943876658132247,-0.0020534753371017622,,-0.002463544095600456
2024-02-20,-0.00411389654811567,-0.008689130782114418,0.006162233251834293,-0.00011854650548914769,-0.05226253201108133,-0.01433539469369316,-0.00817579617359121,-0.0424252070510287,-0.015198877296874747,-0.01149379217866775,-0.016796254839396174,-0.0033030209913045283,-0.020781375900470245,0.003222096648494377,0.00426960537381027,-0.02238323051223101,0.02321304009571823,-0.027633955018207423,-0.0033168533619147844,-0.003143076707528558,0.015220269341365666,-0.01589546951593135,-0.04353199780144823,-0.025693978009457275,-0.04255322801969996,-0.008623575377332493,-0.030957752117438453,0.01471515852014238,,0.0002466246724805998
2024-02-21,0.004185930700025153,-0.006255566018854464,0.022808827189305658,0.00387431259019122,0.007997126875292748,0.00903755380828164,-0.019721814056824494,-0.033315953272388676,0.0007338728368504466,-0.009916698049649009,-0.0968459637671274,0.004142521821433709,-0.012976119599180436,0.0048174858104095275,0.010133300947122281,-0.02038836953315082,-0.02358484766890878,0.0016546867484446004,-0.006832729818997851,-0.001514412186748526,0.0096642173742858,-0.006508659024705432,-0.028508894382858307,-0.0026739756439504436,-0.028205122144081662,-0.019614570289135713,0.00521268473502845,0.008233839408562815,,0.014814878629728634
2024-02-22,0.011244039868380185,-0.0017641167878181818,-0.009343304316461243,0.0033082129238724,0.0493878609080598,0.035530017339574504,0.056072945752065007,0.0429448059680535,0.06309837430030485,0.035619810008313824,0.06344923806259084,0.001856411021169846,0.07863375051740529,0.0109589908358525,0.010803320721418652,0.02509756195189561,-0.01127218425714116,0.047043630422462845,0.038672591468338124,0.023546589188096823,0.054239871352899094,0.028438095807382657,0.16400879898912546,0.02634976391368382,0.037379084873575996,0.015135671062767031,0.013554445406056326,0.00822773968465551,,-0.009002362052166757
2024-02-23,-0.010034074111191837,0.0295217272187136,-0.009379399208581551,0.0043569792098656634,-0.012867360859515453,0.0023485144793740087,-0.00409289352413289,-0.007093423059238102,-0.006537216514358124,-0.0028945191416936966,0.0018654484109039693,0.0059708424043367625,0.02916039252315561,-0.006097686987071249,-0.0009023374287131514,0.00819712552622276,0.00023263247047067281,-0.01679458211729956,-0.004319867376595399,-0.0031821512290743925,0.0010474274917624538,0.0022880943810912324,0.003552347454690352,0.008467600672777298,-0.02628235842403681,0.013881785952940318,-0.027556873210526134,-0.010517975985069872,,-0.001718586059858751
2024-02-26,-0.007451226628393592,0.012720399675282046,-0.0057862595457968125,-0.00906702141591298,0.032410391250285775,-0.0014858549486425066,0.022715334712245294,0.027879461680338613,0.009843059150026034,0.025922078724182285,0.03062701481271901,-0.009414731487727424,0.026784858908930342,-0.0029536388337167985,-0.04438709125835916,-0.008561124461682224,0.0,0.011050108333162001,-0.004731147440045769,-0.006823651529518471,0.040232569785243255,0.011271557836524337,0.0034891162103412032,-0.008753807847759032,0.025685684380707396,0.0028736613884448037,0.03870392576202142,0.0037266308347043697,,-0.023856357848409115
2024-02-27,0.008114281945374113,-0.01425562109763967,0.0003176138742848611,-0.008834647038794108,-0.0033899347022274817,-0.006810521779339163,-0.006685126899795724,0.027801311120272176,-0.009853960456353006,-0.0029627587788003673,0.0005606724495084148,-0.001859563245036222,-0.013043157881450163,0.011622504981550819,0.009522265159974674,0.004018658345041004,-0.006047934096221508,-0.008553932293016708,0.011022579300266067,-0.00014734954436834702,0.026715933125621705,-0.016058364875390918,-0.0049437213609417885,0.003694635241415778,0.04117152982559813,0.013989456179695159,0.0016549741281637331,0.0038951892625100903,,0.0060469770734086215
2024-02-28,-0.006625469104526327,-0.001212660721458536,-0.006928880764066614,0.0009947966940211384,-0.026225095033405865,-0.0021896371944472026,0.004633922064856355,-0.04321297543172675,-0.00525361996497431,0.0009014667574440693,-0.0008405374080949768,-0.005174769258541989,0.018457965205515903,0.07884655663193074,-0.018001154753854887,0.0023260181608306674,-0.017318047920145574,-0.008659693175537608,-0.006221160132594994,0.0005891808659788111,-0.023298966465406523,-0.009581049615133952,-0.013189196634654787,0.002693609830205501,-0.004484329689050881,0.001495979241032952,0.01156560160219966,-0.011519461986913448,,0.00425750258738522
2024-02-29,-0.003693078234560443,0.015331125838802029,0.0216235494030923,-0.001709329414661398,0.02065420233895754,0.02078996747858297,0.015997345617671854,0.02947772709269625,0.00858512306533532,0.03018996286851805,0.010001842807563888,0.0064499971751961205,0.015120616635393436,-0.01273755107581298,0.015251448609543639,-0.0014571154539811948,0.025244102329106344,0.016885648633382155,0.01262348868373886,0.014519605213749065,0.010032400355790116,0.015201653947661375,0.018657701957835338,0.0,0.027027020694107673,0.0014938082830613375,-0.0007918650199801869,0.02631269194246566,,-0.001995159851238104
2024-03-01,-0.006030514705976264,0.01900828661030718,0.022625335789728362,-0.005734036103289819,0.04280329718137965,0.00825982552183624,0.036751392143169914,0.042531765721892434,0.07587941387257846,0.0260992811086338,-0.029461631876564143,0.0006204065409700643,0.31618420266288205,0.0162860109603975,-0.009533506108848622,0.017132549800424446,0.017886260972086898,0.04612852023910552,0.02483019205721204,0.004496653410252405,0.05010492402397326,0.002968811015668704,0.04003190571409876,0.018803636568533566,-0.005980846052096367,0.003314551931687726,0.003764585340074067,0.02223156792131875,,0.0044976702167600635
2024-03-04,-0.02538102476446713,-0.005237052305418044,-0.002970751699638008,-0.013977220833562676,-0.0036147069313203772,-0.003591063770984282,0.000695114387361695,-0.006264044332836893,0.002208218004168261,-0.007068796983333736,-0.002511152350905932,0.01508273335785515,-0.022553995480780187,0.01789805983366044,-0.02763583706541206,0.025823492217489363,0.04084895858439119,-0.004085480854599144,-0.00818244520487954,-0.0013957489763811726,0.006515964841269817,0.0031798430847436165,0.035950649320284134,0.0024608414431586123,-0.03569993496805779,-0.009250085519897588,-0.07155546804023882,0.008126225823030797,,0.00273617785232938
2024-03-05,-0.02844107675594376,-0.040673267399087054,-0.024966647438547596,-0.008935920300309319,-0.010024398654283395,-0.01948421375262155,-0.02594290879129657,-0.014708257040928152,-0.04243865036489858,-0.05050218749317237,-0.05178292637718096,-0.0036639478714557416,-0.03309240648711276,0.024125789223967464,-0.005099341927726431,-0.005749498171649381,-0.05371640801902622,-0.0147517195363418,-0.01599788834435778,-0.02957214971847355,-0.01357422461566038,-0.04630908420822799,0.008576527505880227,-0.027353913048603462,-0.009567447621701364,-0.02850954425190122,-0.03933237971984138,-0.010438533448076326,,0.0009923284910799968
2024-03-06,-0.005878208622145054,-0.0032119519744172598,0.010010560271920266,-0.0009837632950643327,0.023048154322600434,-0.0035033346396604603,0.014368733774581699,0.027230969034494956,0.0053993649326706805,0.016803112337781645,0.10757497657030246,0.004494221838962531,0.0063694455828093854,0.008983910309103615,-0.009572685452009067,0.021932683988771906,0.03127896336753011,0.019478824727931388,0.011974155649106866,-0.001390733247020437,0.011538013184998253,0.00122952670025267,0.03182730169420123,0.011988333329457923,0.09869804427468165,-0.0025741914664815235,-0.02323786698783792,0.007208206554778718,,-0.010408627337231802
2024-03-07,-0.000709519534275449,0.023844943805829244,0.034115818237592466,0.007798410530672761,0.0020740650115660397,0.019076784751165476,0.006959616823648984,0.009102518437348328,0.042229870993014895,-0.004443975983875026,0.00033372378893181676,-0.005490917099036596,0.01687759768982966,0.004748672822603384,0.022678680003526575,0.001937191774816771,0.03684574466933532,0.012944759498642266,0.032453829534295986,0.0175336022499728,0.03578907130210851,0.036461227798561646,0.04474630598193774,0.02021909455899573,0.011467860810795205,0.006538198991275612,0.011951969472048907,0.019782549464611554,,-0.010017607602537781
2024-03-08,0.010236617340713572,-0.00782313459073547,-0.011602128746418083,-0.007574254404118963,-0.03315936391362995,-0.008313545751684748,-0.046670012294169116,0.0036398092615104183,-0.06985753733825573,0.009457099167608174,-0.020717018696923106,0.01226999762814529,-0.03526972698018327,-0.0027716593173631177,0.007664860503179494,-0.0030018627174983603,-0.046587278400314625,-0.0381269211436589,-0.012182950551719474,-0.007137059673492319,-0.01374026229312042,-0.013540268379711229,-0.0554770970043148,-0.018508702155038748,-0.015872947221369227,0.008717918797000346,-0.018527834714126334,-0.016945265666502674,,-0.0005061219528218475
2024-03-11,0.011831656603280116,0.015824068643834455,0.011585203436908609,0.006971880573882094,-0.020383387956846466,-0.019332758891648982,-0.007652581194350194,-0.05345316126654209,-0.011919956685550903,0.0023582276522959855,-0.016973860562886522,0.01454542537014425,-0.0033548242545653473,0.023426627529717692,0.01669025170184346,-0.021536191401576033,0.019545499700313496,-0.02660326876602004,-0.04419416307425128,-0.004185037467012265,-0.031858059340147515,-0.0012405519932759956,-0.02003916274885098,0.015210822345382846,-0.02649771543003976,0.018132623879140386,0.013858834181150304,0.010969073675293872,,0.015692471686972853
2024-03-12,0.0027785304530432153,0.033403576441139116,0.004994603038269041,0.0023763659308950746,0.01772866418014818,0.019946455814511488,0.03999703629736251,0.017991035365923613,-0.0009589189102255924,0.0020263260474377986,0.03749564886274248,-0.002986872094348114,-0.01993788540356156,-0.012415028436217446,0.006028798048899109,0.031554834944731436,0.008470853200432726,0.023278094422738427,0.0334169167105105,0.02659952168275992,0.03079027192882089,0.04337021334255753,0.07157187700606671,0.11749759828076223,-0.025641010207061332,-0.0008323196638601038,-0.0012938683737420131,0.003501993634748679,,0.0
2024-03-13,-0.012122488303318302,-0.009652289108121992,-0.0030119429383983487,-0.0018801413021962698,-0.02137212420553458,0.0066708374081581034,-0.004080018293657339,0.032400581287196584,-0.026325983824710297,-0.005029010453296623,0.008807436179499861,0.0007988530186526788,-0.031263794177339044,0.029463728516087695,0.009313919993175102,-0.005460520008816694,-0.044429795570678166,-0.025367267932242088,-0.008364185365860255,-0.000433511271927256,-0.03346342105716027,-0.016059548623474806,-0.011152013130431349,-0.01583827027906981,0.012145717724457494,0.0403131909099812,-0.04539820808488959,-0.012128345572546162,,0.0032392847886342224
2024-03-14,0.010927269406326934,-0.0054048917303027855,-0.0209970239995102,-0.003931007832179256,0.0009471634367046455,0.012403729449981915,0.011791520285530765,0.0015850130587928835,0.003497942860033909,-0.0044638982898251856,-0.010777664885823879,-0.006385965513861502,-0.03227254742183505,-0.0030528834659512283,0.023678600212476475,-0.016624514535561907,-0.011103388660063551,-0.0011113911598832349,-0.007546982412900416,0.02437979695856618,-0.028993008139855503,0.003359514283115983,-0.03239148971052952,7.977824015803492e-05,-0.022799987792968768,0.008807079316465627,-0.04118477639544138,-0.008918080555368357,,-0.012170872707717995
2024-03-15,-0.0021965246510250447,-0.13671666067674393,0.003960224417036917,-0.004768880607128101,-0.01046075307430494,-0.024223786467438835,-0.022146251216990764,-0.0009494787133670357,-0.021207843281050853,-0.02963855038431218,-0.039380390716764246,-0.017272416574767524,0.005166620980971981,-0.0009569946657163042,-0.013417440328675645,-0.01220059342945723,-0.0025731755532544254,-0.016841683441421784,-0.015716748447815676,-0.020695140559849223,0.019905941333991928,-0.04564521381224951,-0.0012166144958714042,7.958505671612492e-05,-0.03847730341036737,-0.002380983542888626,0.006584660456730784,0.008063710937056712,,-0.007040393783193544
2024-03-18,0.0063723390941785585,0.04345529437478479,-0.020389188664115543,-0.0009913085755023365,0.010470911629150814,0.00034398325434925603,0.04173116292592938,0.07951845988957373,0.0014083234287685098,0.02099675207870333,0.017139248429333342,0.006948618964361941,-0.0034579138155428346,-0.016283587664215005,0.04604051184069968,0.0032448130028039923,0.0016417736941245487,0.016690572545805304,0.026606014886608964,0.0021611013513598287,0.005683748729137461,0.01598315668908623,0.007035688939743379,0.01800222658528372,0.02171137649430288,0.0219571089615338,0.06254200201423088,-0.019186336723815867,,0.011142159102283777
2024-03-19,0.013585073029849681,0.014264619349235508,-0.003556186243713899,0.009427337899062582,0.0030386269440390024,0.00813845829732096,-0.008295291842001395,-0.0074835234748571455,0.0006224433612875835,0.003128129724816686,-0.0006229745485335503,-0.00263846925683231,0.0083464439444485,0.009152803584202118,-0.004401074734824428,0.008607674734641968,-0.015453151042164937,0.006236012660300716,-0.0014889910180179156,0.009800695335856258,0.002345721360775821,0.0015083145054792801,0.010660858996046851,0.010876354092750118,-0.008333365122477177,-0.018994304264254636,-0.014269250195585559,-0.014478956933685727,,0.0010017718210004745
2024-03-20,0.014709274779795445,-0.003933283031842483,0.01983831236934086,0.014705317347402325,0.01847640323570121,0.012791359170393646,0.03366782619701869,0.0425783157806876,0.035075631609623015,0.015358999887665759,0.018730941968472248,0.008343415888644623,0.033017299702814196,0.002894655760431908,0.011630181024494313,0.003206883085710821,0.003567212662743291,0.01936515119030502,0.01870066418191274,0.009064766081226416,0.02393605967955237,0.01403012730910791,0.010895087561521466,0.0003872570408323117,0.03235296144735389,0.032375824200972625,0.025332688257929448,0.01930906132302712,,0.0037525809283893707
2024-03-21,-0.040857608176140814,-0.015198240216140246,0.004271329904577348,0.004965224849035943,0.027991671076098346,0.0,0.02704167473989627,0.019710820833960474,0.05642644953252263,0.007547118339930936,0.007923628282131112,0.0066599061626337885,0.02673988133780969,0.0005772905104175496,-0.007664420061398891,-0.010620854776926203,0.005213241831543591,0.035286906287330444,0.004431137316938338,0.00973599573455397,0.14129883997103798,0.007321956765437232,0.0117624122802793,-0.0017798460051542397,-0.003256000191278252,0.01675637618736059,-0.016167575308454918,0.015354744878808724,,0.010468847475654686
2024-03-22,0.005310336908360025,-0.022943786770323937,-0.008403836732052139,-0.005382477535301633,-0.0026089700699395424,0.0040415450203241665,0.005975073170550793,-0.009456268537698431,0.004057795576275058,-0.002010405613973476,-0.005706322259371621,-0.002004821288088765,-0.015783898885694314,-0.01115382849224067,0.021477052782202133,-0.005523725452870054,0.0035360983521650624,-0.004752954770815054,0.0035842382828041863,-0.0014673544486213386,0.003277262207369347,0.0012545606595473213,0.031213474118135798,-0.009456559577034285,-0.012658206159232965,-0.02071367273570679,-0.01151490226146512,-0.0006371570569644325,,-0.004193658243979992
2024-03-25,-0.00830050561655149,0.015434861751739026,-0.01488270820381321,-0.013771686770273961,-0.008513719168882439,0.004696213001679439,-0.0030024586757331218,0.019233399587565092,-0.0013964848019105691,-0.005556231573555226,-0.00860851371339355,-0.00200876726166066,0.006771230914432991,-0.003694897146039322,-0.004642817637951824,-0.010742065248564359,-0.017383047456481004,-0.006585543412811812,-0.0128732489426443,-0.013714662686106327,0.06278923329243358,0.0006329002273492979,0.007561807194278236,-0.013381150114461615,0.013647639352403873,0.01899024985357145,0.010536808713131895,-0.00945049662577413,,0.01238539597602073
2024-03-26,-0.006672318031868518,0.0007294424800852184,-0.008760559521856282,0.0035625826872720534,-0.008586750510950258,-0.007845994154095037,-0.02510642693202736,-0.0207989279334313,-0.014863944649561645,-0.0007513560228167293,0.016165783477432694,-0.0026167760477260327,0.014601700141659846,-0.002928068834422648,0.003998003356239677,-0.0015359185236277773,0.0038249094683580065,-0.004354199465335218,-0.014174409066227245,-0.002861400470468789,0.014257600245397128,0.005073393923450631,-0.02569409368105202,0.00309312892360758,0.015503841583763833,0.010151489637057365,0.029195349264770964,-0.017208061145996822,,-0.0004893117583734119
2024-03-27,0.021212579532089437,-0.006304200489664069,0.023126514155678235,0.013302381096288896,0.006435257219860935,0.008581036192426339,-0.03162872556444407,-0.03136862909571547,-0.009583136094120981,-0.014550621543183317,-0.023514467852463583,0.004439964704051391,-0.025904985470973085,0.016444767715216413,0.0013274290649987197,0.012201376521141727,0.04239111596769973,-0.0016128727764957995,-0.004093641927428671,-0.0005216874336086974,0.0037880035958102187,-0.02513583461548219,-0.02496727300977719,-0.009488433443314404,-0.015267142229205555,-0.0014998680410643894,0.012157391142962881,0.029539636336653352,,0.01689124976781997
2024-03-28,-0.010559356623052851,0.0003965349116801242,0.023069394891689576,0.005677875582323022,-0.008509531415605509,0.0030584610251771505,0.0054436645895892255,0.005228007655542211,0.005065395805406991,-0.0006635923402542598,-0.005151291426250926,0.002812839085736485,0.02175870991317419,0.016563943477606147,0.00039770079989875917,0.000838698319875375,0.009138581238212762,0.006109721853204686,-0.01676594186975655,-0.001684696911166017,-0.010450394466938295,0.004479530053430825,0.0011744478382336165,0.0027141289149457126,-0.061199509832417176,0.0063092078739854784,-0.022465709302040393,0.007751439494881662,,0.010110660571804875
2024-04-01,-0.008455692401684534,-0.004974256312454517,-0.005915384490437048,-0.017738318344206916,0.011928522512888007,0.003270852211551434,0.03369193959418304,-0.0011557617689085253,0.01874892508841297,0.003585901348540421,-0.003119248920499751,0.002604717495047648,0.04846198589596451,-0.00966265407976119,0.03021263335646207,-0.005917433235036795,0.007923998587705539,0.010519017814463183,0.011882746407110956,0.009150925046287117,0.054372699126922,0.007830536972693425,7.747247446077132e-05,-0.0010349425351735553,-0.006518888180713556,-0.029258220258514656,-0.003242460249155976,-0.005969768295302935,,0.007626243945917599
2024-04-02,-0.006998721042683065,-0.0057360331889073635,-0.008849544054445602,0.009579668739355451,-0.012362888436732389,-0.0015472110151306673,-0.029691389145902858,0.008388802953063434,-0.008516678822752755,0.005756659805193465,-0.00012518710028575075,-0.013589049394184038,-0.01003013292146493,-0.007843976534936403,-0.005980907047342332,-0.005004428645168368,-0.01302794677480934,-0.014728115715290091,0.012251954741272275,-0.007372207360647032,-0.01246986327634625,-0.014797572359700917,-0.01008162364320686,-0.009085220156249463,-0.0061242910437051545,-0.005689595405107384,-0.049024062767074494,-0.016226817947154637,,0.006149543699052407
2024-04-03,0.004797312979438306,-0.004406926397928612,0.002463081058309502,-0.010215642414126647,0.006161691622109,0.009519072430478781,0.02729930299049177,0.04503728248237637,0.01826270526556595,0.002434039235569063,0.0015334713524401966,-0.00449350842342966,0.08561299898073882,-0.00019291429370305035,0.002328837510329862,0.010694529998820812,-0.08215728578703207,0.011412805032137596,0.01883911226762769,-0.0023489470029677273,0.04285123526485135,0.002853413826640505,-0.005455349653640806,0.015280716909152892,-0.0008802179145879219,0.010516432593183023,0.01050231020055925,-0.00011749267404204122,,0.007052267155374103
2024-04-04,-0.00489239836705857,-0.019919165046054177,-0.017454992084527166,-0.014849290476753874,-0.019240050711696766,-0.013212014767422509,-0.0335353232862321,-0.0010980212789528654,-0.033531111548443904,-0.034783529964058535,-0.03390203041440265,-0.012925717863598085,-0.011043694816600058,-0.008678866512052186,-0.028336946515306938,-0.01550550312721366,-0.01487738799309235,-0.027331238613704678,0.008248809831731485,-0.006112591605596296,-0.03062259005018353,-0.0021208060490055525,-0.03438477042396959,-0.016238907442364003,-0.00969168340568094,-0.01224353624890373,0.016213301154368365,-0.010625739580751747,,-0.009103734948888498
2024-04-05,0.004501913306314664,-0.004085299612445303,0.014639212778952082,0.013913660390602045,0.021928409427198536,0.028166707356770848,0.030578028970405624,0.027686169599409505,0.016645108299035982,0.026415971942511884,0.020408155208024636,0.009145714821403583,0.04372450112899684,0.012840618486979594,0.01308713130098238,0.006385185056494436,-0.025673242775647087,0.017811572696662337,0.03213813091681361,0.018282678948351005,-0.0041097906433181786,0.03425518203138789,0.024480625347617524,0.005717047383525298,0.021352293238907194,0.009451535463015803,-0.036292482565110196,-0.006111536183437627,,-0.0077739721751723945
2024-04-08,-0.006663540767380405,-0.0017315228115627468,0.00990966156827855,0.007310578087960984,0.005725141804612033,0.0006483768975988902,-0.0007392513984916249,0.04351901814958481,-0.002485943405350688,-0.0005963587494289824,-0.00561010780878568,-0.006385154119256442,-0.041968113426308906,-0.009220224305960811,0.015409617691768407,0.0035949814858367013,-0.01885821705559898,-0.001362817949406625,-0.01534137340809183,-0.0021854469563798995,-0.005098087342210622,0.0026802691584226768,-0.009942423716997939,-0.004403450359369621,0.00174220022310001,0.018265398733613214,0.04899940648952894,0.011701512273309733,,-0.009259356348643832
2024-04-09,0.007242520458911494,0.01707687501965327,0.03777522927883137,0.013663625288176107,0.006553908865560398,0.002591909504893186,-0.00884391969745546,-0.019602900049559335,-0.0015117149165777555,0.0021212988986709647,-0.009434934080263191,0.03669150730982862,-0.0268974394490884,0.007367176652807617,0.011301372142702437,-0.002686705648068166,0.009215353774166601,0.006285888261586159,-0.004525505896080584,0.003980252575998433,-0.0026025665484120664,-0.004302411494747638,-0.020417103036256212,-0.0058087017811462305,-0.008260892785113771,0.00994892632436728,0.02254601255405486,0.02360433038404519,,-0.00547894461945686
2024-04-10,-0.01113918430987193,-0.010821209429216272,-0.0381637943951163,-0.01687934794203294,-0.005513155871496256,0.0015080453603608657,-0.02215436396708015,-0.0023523302806115476,-0.008777766508469731,-0.009095004783964744,0.005663383942609679,-0.015996813176319846,-0.002909528995214905,0.00962282876266718,-0.002937376766046329,-0.017273223041972874,-0.02948075521029736,-0.012020411908761575,0.005668303719603696,-0.007084587344448612,-0.0035065219842871365,-0.0166577356980796,0.019741426865504952,-0.012010225773856908,-0.017097737780781053,-0.01671653621820779,-0.028946236061948905,-0.02617319679720831,,-0.00783546085584541
2024-04-11,0.04327073443274809,-0.006034240043594763,0.011765936483242756,-0.005573895971841325,0.01782552063625742,0.016671181255133227,0.02900556975975066,0.02488867719444543,0.04544118119777418,-0.0015686591844851216,0.016862346124390637,0.006502748523795621,0.005430850323579373,-0.010865466746825536,0.020942739570777524,-0.0007525070971645675,0.011559113658297093,0.022711152862055828,0.006405900080914462,0.011033458655533623,0.04345339651594471,0.002795199766870038,0.041096423845729424,0.01223820878324533,0.018733277201815834,-0.0012143295073221427,0.01653476762638495,0.013497521487023434,,-0.008884454044930545
2024-04-12,0.00862678816132556,-0.021041551307284467,-0.03206811336476634,-0.0023319713659987196,-0.024039816383248036,-0.015445639364236818,-0.08550808044959979,-0.03412574439986926,-0.027769411962932478,-0.016145730979328587,-0.027533040705150058,-0.02099722962913908,-0.05062889046000585,-0.011177548797173475,-0.010538672312204733,-0.0195266182152386,-0.05155468129330543,-0.02688418238984769,-0.02152304229306612,-0.014091080963543612,-0.03913421659985772,-0.0034096569492630957,-0.026816432641535548,-0.017283332093045445,-0.0074430856023739445,-0.018389093323535444,-0.020332204625772565,-0.02844617068307309,,-0.010956236523717577
2024-04-15,-0.02186353760948323,-0.008416102987187424,-0.010297976543115595,0.0009431335610929903,-0.010487660490700379,-0.013485250630092094,-0.029570050061115016,-0.054783636447890416,-0.02483489375613479,-0.07277789522659517,-0.030901110403428467,-0.005155809140807377,0.00042462502653917156,-0.008185489116553257,-0.018195791152800345,-0.005596077150183731,0.017371875774218726,-0.01135787189433124,-0.022797386157568433,-0.01957816171965665,-0.009386105871908135,-0.042798985592572,-0.02477702289478323,-0.010156107651717261,-0.033965613373281967,-0.016720801698817178,-0.05594859487563397,0.00012014481195254945,,0.009818724423680258
2024-04-16,-0.01916731391986848,0.01301849614492423,0.004939795850131157,0.0005326272835839418,0.018475109947529322,-0.001633742516860992,-0.0016717417211217223,0.012459742207000302,0.014015436355623079,0.016526130062745725,-0.0011686347362792615,-0.006633504145565072,0.02775647345473886,-0.012576196584574983,-0.0029705794313825695,0.01379313235512214,-0.0013771490286922372,0.01803055759743888,-0.0009394292618671862,0.0022724853458180316,0.0032956053973689503,0.0121905862764633,0.0164415550339847,0.006172957064893403,-0.0009132629274910542,-0.0012595841832361288,-0.027062145360474688,0.00745401705773574,,-0.008476613922737353
2024-04-17,-0.008147267706782757,-0.0037167464809013673,-0.009412830474590406,-0.005364331582103921,-0.04577988946967826,-0.011128128209780819,-0.01328216099194901,-0.019634930516280624,-0.03493440368407341,-0.003928945876663592,-0.018251684995746476,-0.0027128777768914425,-0.012058090605740479,-0.015920248982763674,0.006930181633534094,-0.003537431075381514,-0.015995491969832076,-0.05291575942104931,-0.011185447415744898,-0.006608943453229599,-0.0446743842362356,-0.011184513797405815,-0.038666092170634436,-0.016166493755159883,-0.026051175351336164,-0.0026802112390268418,-0.010565868854054306,-0.011277450660067134,,0.00025156891797162295
2024-04-18,-0.005714363226292707,-0.0026768247414351576,-0.009766068778417902,-0.003746372120465691,-0.027865352078721206,-0.011363622972558218,-0.008022473330516977,-0.02877293189877761,-0.01843090510716927,-0.015923602878131993,0.001396042285066068,0.006695966707903844,-0.010449700856006716,0.010111107357137161,0.0034732056110409193,-0.0089023831175441,-0.017937200353472127,-0.02558479918191059,0.015439949176587753,-0.018380922314450543,-0.037823455931876304,-0.006911468251119324,0.0075682956586968775,-0.022499424316515748,-0.008446753152831277,-0.01833696786045791,-0.03550983840996058,-0.01225097716615664,,0.008798436688096656
2024-04-19,-0.01221257984123747,-0.0172450310419201,-0.0224971265598225,0.005454813299919037,-0.02341491381311822,-0.02561096030926935,-0.043158777550245,-0.029915735410029565,-0.04311392967703309,-0.005700331474923548,-0.03896630811712565,0.004365021143736936,-0.029568234198943277,0.008808860135896435,-0.01230693676618222,0.0006063171351260443,-0.023972631370521524,-0.021002876973521434,-0.041311304050308806,-0.012739149349866974,-0.04610020744475585,-0.023859695754741117,-0.10004599820154425,-0.009655296011039871,-0.031235204620243096,0.0033816744346326644,-0.0192088959161848,-0.02437845975707853,,0.00897068655156219
2024-04-22,0.00509074491711714,0.004021387636974572,0.016088585175572545,0.012329847843634445,-0.0016335663859683436,0.014888568814227066,-0.002519383666194308,0.015718493628656294,0.016393907699127963,0.012723071819918275,0.023032758670580744,-0.0037252099465268085,0.009744425956097036,0.010914809808182158,0.014212540319351818,0.0017621235569524885,0.006140358390816392,-0.0025051181393070943,0.0013720533871381946,0.0046100891398284105,0.02200995058097832,0.011261935924028244,0.04354314252357283,-0.0030465314334813254,0.02442599007190993,0.014122876081531732,-0.03400203941675628,0.02348442034569942,,-0.04667807399060375
2024-04-23,0.006391736515837909,0.012872366209357278,0.01942998611684965,0.002151895777948276,0.019951499533662043,0.01303389727631088,0.023261463423973616,0.04915252998487052,0.020196695453812197,0.010481781318903094,0.036313332947048194,0.0037391390244121414,0.0440538316422836,0.006085721300496338,0.012669607531396343,0.0015943625926386762,-0.00377798144871877,0.022290829403353918,0.02982995703116198,0.016485648463455682,0.030608496036598654,0.02631763326976122,0.036532765066570105,0.004889577156927505,0.03195041002539578,0.019623425368064717,0.018514534090260826,0.012482527293461665,,0.028497170426239338
2024-04-24,0.012702283383141166,0.00892366520441712,0.03459179365089371,-0.0009317093250749142,0.014593148558448288,-0.016430862529557833,0.014292585800468549,-0.02086114576500797,0.006107896596342588,-0.0017709245793355866,-0.006774566396280823,0.0006209237838517012,-0.0035646071405563973,-0.0013659348338523891,0.00549728834530927,0.010483578619120859,0.006417701323670588,-0.002851015463569584,-0.0052408715021271535,0.0036556416577107065,-0.006046585378300606,0.007206917784381428,-0.03331587519235213,0.0021722002911659377,-0.002310500853547337,0.006363407685588962,0.12061109407252757,0.05644530394347336,,-0.0052895259241726444
2024-04-25,0.005147310352241252,-0.0077129290607017564,0.007328163051888437,-0.0010948868692494118,0.007344689673914662,-0.016535467634067658,0.03921185903219748,-0.007030098783697092,0.029916882990420834,-0.011042902195132709,0.0013439752135164795,-0.005170821422843863,0.03918473273733625,0.003126176261832203,-0.019669529626886395,-0.08250946090199174,0.017681155113236535,0.018736803321168116,-0.10561296426704347,-0.024495032819117135,-0.0017891736129368452,-0.04025242052258016,0.037087109168975285,-0.003901539761123285,0.005558079251350989,-0.01141265310796269,0.04965143743002587,0.0025170021682208166,,-0.0068372192842953705
2024-04-26,-0.003472788364378032,0.008702253920120251,0.020359639518703787,-0.0132743408753907,0.02977218827698369,0.034260361668536854,-0.00022661110583455102,0.06660888125030806,0.03835686370882696,0.00421012849241964,0.020300713152060945,-0.004989525798242633,0.0012008473318090296,0.013244977710265005,0.10224363178402762,-0.01053822842314911,-0.0919965286545188,0.026512235919301963,0.004327305965417416,0.01824378816659178,0.029216676499248306,0.01019201894497157,0.061755811952239004,0.020193278777348445,0.03731006022337158,0.02901710953705461,-0.011105884774887609,0.012724596787596631,,0.011728689611488319
2024-04-29,0.024807961306681614,-0.009401939562209916,0.009555902771983815,0.003620230693976545,0.009243664379274374,0.007460258507441919,-0.0038911927910727506,-0.011243590280221594,-0.004054832568732181,0.005286343910342994,-9.865747549675508e-05,-0.0016717113086264224,0.021109740134149346,0.014033143287297767,-0.033730650654795635,0.0017949364204292717,-0.016311149126697733,0.003717447146956765,-0.02407007359898683,-0.010016832879242932,-0.004179773128040076,-0.003303241398544765,0.0002508457888317217,-0.006142856259636509,0.013765517746049172,0.015615617221960365,0.1530691710339953,0.010198358292152765,,0.01033268177210922
2024-04-30,-0.01827093983749306,-0.02164588875518192,-0.016135370713590835,-0.008444310095869656,-0.0322030872886272,-0.03293549122868411,-0.026965583900534495,-0.03315520262738003,-0.02864879791214947,-0.024661004555230237,-0.03782396946716593,-0.016743171094366405,-0.023962391207893785,-0.022938334984294317,-0.020282976631709304,-0.007346159820609821,-0.02838014746614692,-0.03703670550599325,-0.005663167889800369,-0.032119350382801115,-0.012242068097482073,-0.03859056568562358,-0.015440501043841315,-0.023521285826546,-0.03766975966822328,0.013882586758438675,-0.05550118063944742,-0.016007573153283494,,-0.014966281094017653
2024-05-01,-0.006046968416043574,0.014173731751383922,-0.03349772628393166,0.02248951573721114,-0.023458246359689516,0.02285714285714291,-0.0052618913999570305,-0.011761397685191688,-0.044152413608237295,-0.0009294588670467618,0.009913153113342732,-0.0029799508720514956,-0.047015378054726664,-0.00931317361048567,0.006634751356788149,-0.010649761702561378,-0.003281881537023912,-0.029416111007392054,0.020968589577208485,0.01440932236176029,-0.02885967956224822,-0.011134714663858403,-0.03889977961736257,0.007736240081554602,0.006827561700820217,-0.02620725512297084,-0.017950640048260635,-0.006915363044406986,,-0.007343374256423285
2024-05-02,0.022031926716979733,0.015296432501144874,0.013409681599561019,-0.0214288552302645,0.020207305386902075,0.031955314082140474,0.02605688829886299,0.03914544652362051,-0.0034516983660120015,0.012802854388766605,0.0274167547948152,-0.0010674858935073583,0.03881130290964996,-0.03270663639407678,0.016843492273419303,0.0015811091081281425,0.004609775539176297,0.017947318871362583,0.0056694639949299575,0.0073429113143648195,0.023974459403667492,0.014746016408968776,0.03342940000509276,0.002878818797216409,0.019439348169665305,0.012700452278789243,0.0001110562423569661,0.003424728067946692,,-0.006887909841722717
2024-05-03,0.059816194546348456,0.020164897504816537,0.015980512594365948,-0.0005784011884655271,0.031226133286475832,0.008066292135759712,0.047888219836589974,0.03587689292570806,0.03192389616304658,0.005622407626882708,0.021973982744911025,0.007052729624144716,0.013858502851440191,0.005264377272339971,0.003721204318041238,0.006193534203121409,0.012782664881886285,0.02812118027463817,0.02327471398415981,0.0221697308267792,0.021098488498856094,0.030083975759904513,0.034631899469313776,0.007306830275174425,0.03458983206365662,-0.01911029994104796,0.006555235656792835,0.017690535514256922,,-0.0010277648336519674
2024-05-06,-0.009106851150814776,0.015241276427948147,0.018484054019449303,0.003514032248954857,0.02337214656349973,0.013371946429286963,0.016107921013299276,0.02371118671284078,0.02519343403933516,0.007198596555621606,0.02449955292499406,-0.00021233090624350748,0.03381300575143209,-0.00543838928569218,0.0051423144895259565,0.017500351645770573,0.006336330728621942,0.017621774188513406,0.030356623656085047,0.016918396360621202,0.04734079211941067,0.013828190913179883,0.03774111466515717,0.021934414636041843,0.08058290471129825,-0.001369892599906497,0.019703030064167848,0.015426832704017013,,0.011314250540003234
2024-05-07,0.0037972583340635246,-0.002674299183557882,0.001229487625961978,0.009804717299523036,-0.007373340877513401,0.0003179520909595279,-0.017323064927070586,0.0031229390830807002,-0.005494899855014945,0.005623605725122882,-0.016550800182600356,0.0036086001614363816,-0.013763262260622966,0.013973384394508237,0.018738738178061487,-0.0013639844451320826,-0.009363894765404002,-0.010415961049423994,0.005497388934889935,-0.010156199950022593,-0.0076581601651215525,-0.018209068474804635,-0.017212859280596238,-0.0034645890984028593,-0.15113048807245055,0.004724861791129076,-0.03761635178001177,0.01275144226842495,,-0.0005086560485039193
2024-05-08,0.00186401133618741,-0.008470926530604439,0.00633700932429182,-0.008893498096648411,0.00019290098899937824,-0.004026247769404412,0.06452798942850291,-0.04008297424670981,0.017082167961159467,0.006457947972025702,0.003871451031563611,0.015228439343000222,0.03183070305528801,-0.007589354819847904,-0.010919733383427443,0.009027091931478104,-0.022164245323738285,-0.0017814571004390878,0.009311500047375354,0.0029315339552129505,0.0009227095862933687,0.010794395876941865,-0.0015681480981926121,-0.004578997754373648,0.007476628517019579,-0.032008419051798964,-0.017378079862311324,0.007007202797639556,,0.00432450528672268
2024-05-09,0.01001429132479248,-0.011165769594101205,-0.0003417116888152494,0.009096757478798567,-0.004967140907434553,0.007978723404255428,0.015085520258922847,0.14445949245143574,-0.01486377579131748,-0.013621643600877142,0.013322260790671336,-0.004374940855978338,0.0005317110964913052,0.013081247470871915,0.003424408371938581,-0.011650829782215988,0.002999969352812659,-0.006285193839703496,0.005966956312684513,0.00433572791509107,-0.012655165697342152,0.002649014611005862,-0.018415629851167625,-0.006388922575235267,-0.019480523501747116,0.010029598304601928,-0.01573946875450305,0.007447783507558592,,0.007852289029935289
2024-05-10,-0.0068901947786452755,-0.0007458517686000921,0.011719449626130363,0.006975342821117003,0.01647826640812089,-0.01065965315282813,0.06066129972905565,0.020545493135076587,0.02077854537481949,0.00545127829413472,0.008869621005738182,0.005649784993592366,0.008277871702654815,0.013110685871188243,-0.0077078396559343565,0.00529255818112806,-0.007976011810378991,0.008682868283232281,0.0016407880694304655,0.005869240535304687,0.02911478017557423,0.009475164892500443,0.0127440210630132,0.0002571279866077081,-0.025543946252104988,-0.023584005788639728,-0.02035238689978358,0.009335180170667812,,0.015330124147244772
2024-05-13,0.017645309084610483,0.0017001737380264448,0.0057433145292273835,0.0038078342169387547,-0.014780779930289145,-0.004853789332504466,-0.013247153705952308,-0.0006941751519369266,0.0035340828534538016,0.003072179278902354,-0.004925854351352066,0.0129005083422562,-0.013256182350077195,0.019411839377011297,0.0029054800363874644,0.002453097520369374,0.022110497702256815,-0.01270465347530536,-0.017198794945574414,-0.002459438576494666,0.014516668694488422,0.0004522501325858741,0.005796831876077935,-0.0025712867547075247,0.01650486147047503,0.01620842912176279,0.020300339194899042,0.00411652207864921,,0.0034656453582460056
2024-05-14,0.006173586503017248,-0.014820586122476609,0.017084240539903428,-0.009281643122949879,0.015438306131323909,0.002679959159411549,0.012230963322178212,-0.03392381859443361,0.031790426097017654,-0.0025943003841248924,0.03248948980245503,0.005546409115238404,0.023738678718556727,0.0021157657975499067,0.0070946654570254175,-0.001193697673641081,0.01769912339541113,0.009681538584943139,0.008205029697713195,0.006864595397054973,0.014715332588778107,-0.011641900811393824,0.010586386058684116,0.03866986801341432,0.02387774533180087,0.00985147967697908,0.03292805679333921,0.017623284900107006,,-0.0012334174765983308
2024-05-15,0.012218006174512297,0.019749960406336697,0.017976828264054667,0.004562131567831251,0.03655499768295045,-0.005773249525686364,0.039437591572921926,0.007430430237857166,0.04068025706523204,0.03880054369405839,0.04117738682103589,0.014708815673330156,0.11213834789001131,0.006141946347326899,0.012739195794178704,0.005377628960241854,0.007085390712776585,0.038584722750855116,0.02053619642663773,0.0174839167603551,0.024036595300528596,0.053975728287753766,0.03583784396707035,0.00628749299335718,0.010727590322163083,-0.010529578846538712,-0.02005067585133169,0.0230209285600691,,0.0
2024-05-16,0.0006324328898170695,-0.005089113401960721,-0.007555078361464629,0.013948454544046918,-0.015908687761326146,-0.012688857146349708,-0.01821918984034132,-0.009873830903713854,-0.016739099842427163,-0.00994653530239209,-0.011832588063563909,-0.02677668790975929,-0.019173935621482174,0.00534156561294874,0.009680602025927465,0.004219678993920395,0.024304373505552812,-0.005117618904027288,-0.017257164346529685,-0.004939999823080576,0.0006258857497620784,-0.0033658533306891725,-0.002863827083280701,0.004357703789534151,-0.0009229560541419435,0.003129891393068851,0.004885285464054867,-0.002863956519327804,,-0.0059273932168105725
2024-05-17,0.00015802854249824527,0.00113897404615515,-0.00018689284648321092,0.009077817735122728,-0.009110844032612642,0.005826891232250109,-0.0006247670709521591,-0.008891090512042066,-0.011925205071451117,0.0032667679040270237,0.02026188629344361,-0.0035167798762890667,0.022009488648594866,-0.023149937074113724,0.010793546819424016,0.0003550168291996947,-0.006244109217857563,-0.03269689381486529,-0.0027893733853149305,-0.0018526231523084968,-0.020329945219390355,0.009287406864492143,-0.01992403757412109,0.010969140148130885,0.005080859690058004,0.0059281790730802975,0.014985188920464187,0.00025634332305979335,,-0.004720432401801311
2024-05-20,0.006162058377582769,0.002606395516858262,0.015882019952940585,-0.002179586283253543,0.03710845895917503,-0.006280474722663021,-0.0015630372224950673,0.025215200447571418,0.01343112611418773,0.005111796317276207,0.00815195959854731,-0.02159013548816613,-0.027220385243659218,-0.004661823032586887,0.004884702359012616,0.005265413463922064,0.008482537304108417,0.03285920415781751,-0.006505518665059107,0.012208081185035358,0.02961136641434492,0.011933887287596256,0.024881361864267593,0.008259078516168472,-0.006433795412493448,0.004497549954041835,-0.014144086952910362,0.021433821842482104,,0.0014976186084862952
2024-05-21,0.006857261522338787,-0.005859407711290565,-0.0038624479583692084,0.0014298307240350194,-0.0006818408488876715,-0.0021248741632045043,-0.007514400275488553,-0.006739975131619946,-0.010487824510600263,-0.011530036860998849,0.0016344296034946915,-0.004031469479495398,0.012306608921763162,0.018149730004906273,0.00525671143784745,0.020892183770287343,-0.011214958635893058,0.0233112843884975,-0.008979586487106395,0.008698908077024559,-0.01162793467787826,0.003707181355650846,0.006393928735646481,0.0008833895727364816,-0.017576366945631805,-0.010344268961650971,0.06659050790792542,-0.0009540002361411171,,-0.012462648021298373
2024-05-22,-0.007538349669168998,0.0043166681455200084,0.1085672990604345,0.007456127009234592,-0.005697396974078561,-0.00010914012742568868,-0.001545759328276275,-0.04761904761904767,-0.004974495445146276,0.00021153743248047974,-0.0111645305585506,0.01043897365264046,0.0036673646617506606,0.012075869122847749,-0.008265372898957457,0.0012682676769997236,-0.010081880125445086,0.0018359869893020964,0.006779643756749776,0.00344958469811818,-0.009568747730905325,-0.0080046539256452,-0.004571047996604238,-0.0002407061029126023,-0.003295654217445154,-0.029797230716396395,-0.03478030697150003,0.01773790581002399,,0.004290998523484912
2024-05-23,-0.021058081777516335,-0.0012811669592110997,-0.023317821344247758,-0.009959744723866515,-0.0009168012459290775,-0.011358061353112014,-0.04764608711616314,-0.009249973297119185,0.0007541209921875236,-0.018497820023531175,-0.0088877517366579,-0.01749954870548398,0.039179878781440136,0.00018947984610573343,-0.01604502669853436,-0.017387426936150585,-0.04264803437705811,-0.007910656081686507,-0.004275533380917351,-0.008176183994853092,-7.909236522007923e-05,-0.016449771527926704,0.09319642358537572,-0.004093176565289958,-0.021256531002253554,-0.00980862340163624,-0.03536724832380789,-0.025920762531581043,,-0.009047667784030877
2024-05-24,0.016588068465596573,-0.01630424556209842,-0.008739813789663042,-0.010298773197368383,0.013489402245401516,-0.0016570176564539851,0.01701935550628031,0.036462267370131585,0.01044312543227588,-0.02254376624137866,0.026639389381023948,-0.0038627933324051344,0.04304232331754698,0.0302973031433742,0.008297209911689585,0.0012890749072931307,0.02127658488315909,0.01298352158863847,0.026707883281070544,0.0074004294009248905,0.025500969596984557,-0.02590522262555417,0.02572272825185329,-0.00950914224191357,0.01399618364564481,0.0009743426223363105,0.03165649721483632,0.009579757400322686,,0.007862245964218362
2024-05-28,5.277226380462352e-05,0.006310077290487381,0.0039997995087965865,-0.022498935922300234,0.0019467491940343695,0.007745471073219212,0.003066392036658927,0.013146704942110787,0.003274374464081964,-0.009034519298313337,-0.013230130253888861,-0.0030159008497050444,0.036833722611719244,-0.027752235825097338,0.00805775489232774,-0.00719757517110986,0.011067755520287825,0.0007109141900154547,0.0035548171370070047,0.00037203095176718826,0.02455789896128535,-0.01306680160061191,0.06980438342142836,0.012854993733307118,0.001903808079151137,0.008598284349942809,-0.01389201861667555,0.0021086258063922614,,-0.009562240469448091
2024-05-29,0.0015790376320035104,-0.0017348130028881359,-0.022661115395803955,-0.013193657571349604,-0.010256783333828179,-0.0007136405620595809,0.0026667772944208856,0.007929785006549173,-0.015420004976115398,0.006633744546567177,0.0077849652051045215,-0.004321264360677923,0.07905835348911028,-0.015311925568158191,-0.0028345200233110823,-0.015383727170698136,-0.02994209211805776,-0.01855319896520269,-0.011585374636886692,-0.0026724659102645987,-0.008215912279903259,0.0031007041116830614,0.008112293628007139,-0.006024669888411438,-0.00522559178098525,-0.018015064257691504,-0.0031683030189180172,-0.02349692315802987,,-0.006605832730341987
2024-05-30,0.005254972126773172,-0.06643637056288254,0.008108779171459135,0.0034154569743531926,-0.011458490077630556,-0.014833517662161122,-0.015082202761201868,-0.01656930980762361,-0.01912018122919079,-0.1973712299696725,-0.09613177112060167,0.0008679688525670137,-0.05183887272051768,0.024188753474371882,-0.021546299112958467,-0.008500487291521419,0.001991435426145438,-0.0026645088448928878,-0.015410100031348906,-0.03378617669582751,-0.0402036654217216,-0.12013071985454149,-0.037666037555346366,-0.053741630636377935,0.03772679025933301,0.023914767856311636,0.014756744473008343,0.003950518008366544,,0.03145786404917961
2024-05-31,0.005018662127392437,-0.0024894820546754737,0.01952183874927238,0.016645205485448678,-0.00674242345087217,-0.016060700229647673,-0.019791904410014105,-0.01236359567353218,-0.02604694474699576,0.07536345407048128,-0.0071220559140507955,0.008239250550943655,-0.17867232090452967,0.021477133848318397,0.0022660350135037532,0.0073658543090333595,0.021861553055349203,-0.019207062485661286,-0.0004710799598532933,0.0011094502425663677,-0.010214637825551098,0.021203475300623387,-0.007846062592476555,0.0008539989249982671,-0.0023009313444007917,0.007678835339318013,-0.003971091681523098,-0.0034239000770263095,,0.02033240644380574
2024-06-03,0.009258793430263035,-0.01290588323122388,-0.009723317142468324,-0.003674567326759637,-0.004045074968837992,0.01076849847083472,-0.004233090118876515,0.014972920238653487,-0.005005336658348236,0.009298740974809538,-0.015876592511688936,0.0032258739346067156,-0.05395517163057317,-0.011250515266903682,0.0038840411830196597,-0.009409687755760565,-0.01815237853829399,0.0034211827167398567,0.02283488042711368,-0.003878474514872221,0.025359995038684024,0.004840710419925065,0.04895412190412962,0.01783416570344354,-0.016605193970666954,0.007461412543765089,-0.0100517100545634,-0.006615036151740639,,-0.004131453673473562
2024-06-04,0.0016492634542049078,0.021297449632126986,-0.002853501643405032,0.0067616289409766495,-0.009289979756865407,0.00560726713319748,-0.010830398508748007,-0.01281738328548121,0.006747874062770665,-0.007438091868011698,-0.010074883684420444,0.016505756614732192,0.02825096249998804,0.0026114813917232915,0.0035801859301483052,0.0032067378001130464,-0.008583652639339356,-0.013787475113756442,-0.0010471632037377665,0.006166666878592464,-0.011937373104156435,0.018012078786028063,0.012495770763815583,0.006623266283015461,0.036585398583981465,-0.0020484446028868897,-0.008622094682395387,-0.0021682230961828086,,0.01415349424365031
2024-06-05,0.007820845212079153,0.016571119291422187,0.021896373958459225,0.0004477477585294043,0.05253975981527814,0.010817455564965828,0.014939644560453491,0.024865247360037035,0.06181905782248487,0.007110722757130761,0.11977226163945853,-0.029523264586459153,0.013995434900659243,-0.013767507334800588,0.00932168144546397,0.009468707386400599,0.024975003392430972,0.0530925102178712,0.037883352922470026,0.01908346952223261,0.055827655275606736,0.04778283199958944,0.051555812903448794,0.02132075918619769,0.038913967789974135,0.003158001253898979,0.0013159908560766986,0.01438192583914577,,-0.005053107828636105
2024-06-06,-0.007096550327287954,0.005111928811420086,0.007340651976887713,0.008910444496974756,-0.007252437222540653,0.020520748266509736,-0.003327027297007734,-0.005258692741014426,-0.0083647688901205,0.026339134423088106,-0.004938928276287502,0.004563171254658993,-0.026877771869342038,0.00716862127232587,0.007525191780650031,0.004898878867015677,-0.01169591153826488,-0.009807400749734518,-0.0026258478382309436,0.001202674552122751,-0.027223047787573562,-0.0013492382795760038,-0.011777244854157654,0.007094577528754531,0.03614990697521403,0.05493472495330942,0.01680001395089281,0.0008159662949140944,,-0.0004835974182351155
2024-06-07,0.012392050870582594,0.01593431496554354,-0.011120037534586569,0.017542548268798086,-9.021969579126043e-05,-0.003783767287795614,0.0007418188463765851,-0.015859661679495263,0.0038320885832827667,-0.0037485183731286176,0.025345840201857595,-0.008436065514758506,-0.02978503967443835,-0.005806366766264004,-0.01284443123171064,0.010761018865967475,0.010519357715581767,0.0005509116408630721,-0.0016202898949329025,-0.0015782762967118114,0.006688803590169767,-0.0061864323380596,-0.0009090562098810206,0.019595145337838016,-0.02017660492277118,0.0041778585513629896,-0.0025851787543875737,-0.0032102836484618757,,-0.009436342205188075
2024-06-10,-0.0191478617351567,-0.011795523109313977,0.002555700746084133,-0.021599647290662105,0.028999198572736917,0.014975553234585881,0.0026617406401812094,-0.018679115374025668,0.02405042805980684,-4.136576852864504e-05,0.07289760702044168,0.00021817218187170084,0.01908133071038076,0.00131874137934207,0.004303822115740763,0.002176568673377677,0.005530245981584692,0.04191233318210852,0.01955543511307467,0.009484554168085468,0.02963194794538815,0.014796643725676795,0.007461434939520339,-0.011276989515700442,-0.007722020990981737,-0.0031204999638144715,-0.020791089307163446,0.010275292861163576,,-0.012945849243124252
2024-06-11,0.07264918133973408,0.005979040712707606,0.003951204651900797,-0.0011747056342633622,0.00793308497162637,0.0009087895389929823,0.02416157929243057,-0.0376959303661587,0.014273144610102984,-0.0035147652171744204,0.026857456181444972,-0.0017449090745704776,-0.006115439125933708,-0.002822247530478106,0.00919954986138638,-0.006221405339273178,0.00032353040350585616,-0.003309726440566818,0.009689637676286722,0.011241625256652288,0.0018541099913027548,0.004075322020907768,-0.007143987159288434,-0.0049799329399823344,0.03112845857445601,-0.03458031486745805,-0.018010183238054034,-0.0009107377056709609,,0.00024747712611183914
2024-06-12,0.028578433788671642,-0.006094809287727987,0.009056246256823774,-0.0018248824382621764,0.03339559769406231,-0.0018159287809064173,0.021524421022633744,-0.010471849703587943,0.023599605044475114,-0.0215360813913954,0.007123703818192162,-0.0032771488708217555,0.0012912863020855259,0.0035849497352544724,0.006624316632155125,-0.001889950151784947,-0.005174626013351613,0.03788948632331812,0.002699613956838931,0.019367829637157774,0.0420523147759988,0.01328575801756604,0.03548087757797691,0.13319332305847698,-0.003354294441362371,-0.020688537923301942,0.03884911216309472,0.007799955312586482,,-0.016081065533492533
2024-06-13,0.005491106072353036,-0.002457226813687985,-0.01849517864607364,-0.0075570398917961246,-0.0004206568807265665,-0.016373254687715777,0.06533269435241973,-0.011627898863375674,0.12268747908593003,-0.028710755093580342,-0.011771684993862941,-0.0021919786288031595,0.02435325666681387,0.009400269747896539,-0.014792647775216605,0.0007099075765870655,-0.009752930340758192,0.0008383254069959101,-0.009315278091006185,0.001178833948790814,0.016980567887937337,-0.016271705838469375,0.03522346187176373,-0.0037753292755871026,-0.02103491755872855,-0.0297966645400235,0.029217711832219218,-0.013569225219394632,,0.00025156891797162295
2024-06-14,-0.008168279505797793,0.14511489894353313,-0.012135167137799274,-0.0010294291669068478,-0.0021889756259472204,-0.0009247574783878276,-0.009557732985786105,0.024719036080227852,0.033383151735427496,0.012705632568936753,0.0068571876825087585,0.003514940971704128,-0.0002962948434890311,-0.0290556692099998,0.009305723490632856,0.0005322422493405643,-0.00032824704796630133,-0.002426451145729369,0.0011119562048698128,0.0022421204281335427,-0.012435642084864695,0.026516059501883626,0.017514316210574643,-0.012298934649498716,0.012892102757155577,-0.014705902514870806,-0.024442410719736185,-0.012125530279653685,,-0.0027653603086068568
2024-06-17,0.019671433360945345,-0.012506914687999915,0.0051904162463054515,0.009644775952081908,0.024595939219640206,0.002177904217078641,0.03525110067660764,0.012125935011767286,0.054079370805715454,-0.006294779017403274,0.012959370967417616,0.00021893633897973608,0.05222991166675661,0.019374671309983826,0.0025454779042626274,0.0017139223368063394,0.017405516512421615,0.034479336923885606,0.004899251858330178,0.013105127700861807,0.04576984442213927,-0.004227382717093997,-0.006824388280536331,0.02302162851164624,0.06151891309773161,-0.008328478459127098,0.052974598199923895,0.005157229421519416,,-0.005293744826796676
2024-06-18,-0.010984472888090457,0.006766414449826952,0.012866377339170176,-0.002245265721772971,0.020464478069156522,-0.006791263808433312,0.0007645547397412411,0.030333893464051354,-0.01440784474117196,0.005770639116983167,-0.0023563325754029085,0.006128259814215831,0.05013033665567512,0.02653346839073878,-0.012130463609519526,0.006194595255062607,-0.011297606402356997,0.018584701960264738,-0.014093135658615807,-0.004527534163974556,0.03801665657731501,0.0064368741504345905,0.035119710099421164,0.02356524834708784,0.031974389385444946,-0.016797040454322842,-0.013764414198944475,0.0069266410093877795,,0.01571220781990057
2024-06-20,-0.02151295403413722,0.0013403776103997345,-0.024938442275688533,0.006750954852839053,-0.03163454266402499,0.017996874289478493,-0.0004407178060126249,-0.0452745695016733,-0.03770268499444951,0.04309574340851108,-0.018921195687941816,0.016314977231468575,-0.00422395947163301,-0.013015524079254992,0.006910749529191573,0.019759638827608672,-0.0003264252419143965,-0.02594569985398043,0.004424570481388557,-0.001433832189037143,-0.06034536193088014,0.0056699326805207395,-0.03540331995359125,-0.01196048447024678,-0.010069722383999613,0.011502099116384779,-0.017797215597047833,-0.01778344696539924,,0.0039920185653694595
2024-06-21,-0.010444462012157985,0.020059259947434738,0.0067099686041132145,0.0077623161766962046,-0.019084248703438722,0.01601287280926522,-0.008318930802004298,0.01813943405471874,-0.04377491066697414,0.01348208137005158,-0.003951456816199128,0.012200372372827006,-0.023296467380806485,0.005757910291065871,0.01888831301594318,-0.008394590283809289,0.015349378088191035,-0.010326873958295013,-0.013793084461389937,0.009154004741750654,-0.032249250438121435,0.020454561511636493,-0.03219151249937546,-0.009866521327973388,-0.06729261929939856,0.01354518691104789,0.00793075466503601,0.01437020815261647,,0.0
2024-06-24,0.0031327202671704857,-0.01737781097934854,-0.011209628422519269,0.0049602370560204445,-0.02366073262364965,-0.0185635417434159,-0.02415815227164919,-0.006744703066263069,-0.03699700781100823,-0.020892765696895355,-0.007093534856408734,-0.00021165258851119084,-0.05170275936327218,-0.0025854387187819183,-0.0022826329377892973,0.01478585008568678,-0.016725622761827208,-0.02468695959087286,0.008347017876000562,-0.0046910363630962015,-0.003798178961929466,-0.012998265662541586,-0.06684049995091002,-0.01137808272736529,0.013422805905036084,-0.01847880413967229,-0.0023495584322592578,-0.008285154990273935,,0.023111306482594962
2024-06-25,0.004468166905733373,0.005170120497191455,0.008228899746502982,-0.0032102805481097896,0.01927416680724514,0.004149318226444709,0.01615992060479332,0.04048681497961426,-0.007172341992504605,0.007585213219613474,0.02336416072015446,0.0021151035293780485,0.020282041844716936,-0.0011108655264036038,0.02683861222653805,-0.013770478070393666,0.005560999677705958,0.027800959144560267,0.023431184852323206,0.007326808331882484,0.015178791121891688,0.02057901244425131,0.0675641047928992,-0.005146875502004433,0.016556275705983392,-0.0026894639657664143,0.026125557150967316,0.002887883078224629,,-0.0021859669095261047
2024-06-26,0.019993223234552993,0.0033783181089110936,-0.010853555621416544,-0.041787339968366255,-0.00896402483279568,0.03901472799901873,0.0005082157903768536,-0.00898898824983041,0.00709140821656451,0.005749424165361949,-0.01652191148797888,-0.010975018982858131,-0.015033919845749089,-0.004819297770471631,-0.000814916844495639,-0.00422948745874574,-0.0065061423588606004,0.0027162924067118954,0.0049353241104288514,0.002683200265027663,0.008786892885686237,-0.0011924055581846726,0.002458698377246993,-0.006754410511703224,-0.018729604823914725,-0.018034886731952193,0.04814512260377568,-0.007044724866137386,,-0.0014605391521297362
2024-06-27,0.003985998566226057,0.034237577158400256,-0.005091308609516454,-0.0030249962003991993,0.0015507363377780248,0.0218997235669518,0.03952787566845539,0.03280317196235538,-0.003354118278711349,0.03989316645876029,0.01819284779705721,0.012590683424392735,0.008608254140701987,-0.011920317610319864,0.008320535637876825,-0.0059347551291910605,0.0016371873637719414,6.626148722221892e-05,0.012550666887835016,0.0015259880735152276,-0.07115747385322746,0.026820219985550953,-0.01906649698378904,0.014106886656293005,0.04647298398990585,0.0018881873684319928,0.0053470646120412635,0.0017088658355621789,,-0.004875620140484704
2024-06-28,-0.016254161198422268,0.016058175625321303,0.006970270095025155,0.005857523544478216,0.014879893220646645,-0.023249966952787915,0.007329113224576522,0.001203061487208723,0.011892836809638263,0.016808353786567087,-0.010586397823480254,0.0012644475158130053,-0.010901507037537228,0.012629609780596462,-0.017582717052773922,0.012291483757682187,0.012422324002958396,0.008543198892639658,-0.02952491780631905,-0.013028657199256388,-0.005294077658790086,0.016198800848790107,-0.0036293263159217215,0.0072764994182401566,0.00436164208352352,-0.005824911778752773,0.002330091774560339,0.005686944943143812,,0.010288892861466392
2024-07-01,0.029104586414637534,0.008046282743059852,-0.013493358670418787,-0.012652416053026583,0.006017038008466091,0.02043982896891161,0.01774709263218366,0.019226128943183207,0.02196775654562999,-0.003461797328365712,0.023382633675178344,0.00021050332037675368,0.03560317270185309,-0.0193595804263883,0.004611698340613701,0.012431431079049649,-0.004197560980749415,-0.003963090880222397,0.0009122607392890725,0.02188179052585837,-7.593540443839863e-05,0.002911054276673042,0.006151809298978295,0.013385243210281894,0.021713353285319537,-0.0037910775518695816,0.060541719385108106,0.00035990710795896774,,0.012124291348897254
2024-07-02,0.016240029909385,0.013749776026778182,0.01358910163439253,0.004073637187424151,0.014531868786615831,0.014198798656638534,0.0008690707821277233,-0.013440219214219118,0.010165681740613719,-7.797392834285599e-05,-0.018105332689077658,-0.0050505934851260426,0.004550896168071361,0.010819954314061686,0.012295574825870181,0.012564247852128396,0.007457839828036272,0.011493158545188065,0.009550606250084082,0.005583118736911974,0.008135519239578892,0.006527572568258755,-0.013113410762866429,0.0013277276384189296,-0.0019319644003831238,0.02006567089165845,0.10197271435359379,0.019629840177171065,,-0.015333126402367725
2024-07-03,0.0058109598244391325,0.004297973167582736,0.007798764200267483,0.0011832006588272659,0.010171925282908001,-0.012050018310546862,0.023556772729230957,0.03919692599587621,0.04328279059375206,0.018579944205665777,0.005531761979843841,-0.004018594682977605,-0.005576218593394078,-0.01201866745020741,0.0031312755652741497,-0.00885517352195242,0.005149643740681054,0.009246711163155341,0.0009028069246845849,0.0032442087879651638,0.031902940945713665,-0.01031343531799167,0.045732354982504386,0.007677470327529523,0.0007743111816782555,0.011361680151489084,0.06542422054051067,0.0026207987084252427,,0.00048653901670681066
2024-07-05,0.0216203156717254,0.014364644550919792,0.0037823260224139066,-0.0056983755800458225,-0.002959215850472652,0.012196992290986808,0.0019703387724971932,-0.0018398808003600164,-0.014983718734701834,0.008584166045080721,0.006456945212283793,-0.0008566937307108446,-0.026003873777733166,0.004941972675665429,0.025723750816453173,0.001650331842387942,0.02529621146552774,0.0046733634614364306,0.0587299744371228,0.014736095509634284,-0.03815231456514012,0.026147702440033616,-0.019098749884861266,0.003116583920071969,0.0533848797060692,0.0020120730815293975,0.02082067005771515,-0.0007540871556136475,,0.0036479551041723735
2024-07-08,0.00653897911189838,-0.005083518872784132,0.010611113070005063,-0.008999935590455088,0.015252020864018334,-0.0035500335693359197,0.013464774344631447,-0.018663625456511124,0.02498083668334483,-0.0221134340901058,0.0026431913330327017,-0.012647323496943863,0.0504461957798481,-0.0015132888457457527,-0.00823720864681965,0.009203444710863096,0.0615240645253452,0.012695271559973742,-0.019614230425024637,-0.0028231180530514655,-0.006046263496030102,-0.04993366484513029,0.018834757409261105,0.0013810720497811069,0.01726041970636505,-0.011211484227573232,0.005645666924397386,0.013481580423742034,,0.0063000061606799385
2024-07-09,0.0037748145952298806,-0.0163017109572845,-0.005699888769213124,0.005440481277741327,0.0210320479750965,0.0002509059834530092,-0.01433693701784533,-0.005517741477098381,-0.007188595116353391,-0.017667466002013188,-0.012362075907702885,-0.0056447603929656864,-0.0015756219716709374,-0.002651897808695791,-0.0002646164622168712,-0.006530078934515182,0.017652258138256327,0.009930924673297703,0.0012846570063211882,-0.01437016180836026,0.003443099000549843,-0.028961128823745907,0.024805228596282314,-0.029993961106084654,-0.011191385009121535,-0.001523133251508546,0.03712336538398886,-0.006502207020122164,,-0.005538364808307827
2024-07-10,0.018803498228924465,-0.0025971373583193458,0.02724029264552663,-0.002385894791434917,0.013918298269778306,0.002257434315787954,-0.005468215994531733,-0.004131725627479654,0.006565464131006671,0.0006338608024798464,-0.029620588087357347,0.010262019753731089,0.0002058214259563762,0.006267804697960733,0.011641571052225297,0.007706274084090303,0.008094754474355925,0.013257885759554,0.008849135217102733,0.014601548811468579,0.04003364555566091,-0.0011558787385581581,0.026868670600911804,0.009880687335594107,0.03760499122299277,-0.0016948508035330434,0.003545241645880992,0.017286208668138237,,0.010951311671766772
2024-07-11,-0.023220898141722235,-0.012257520254688181,-0.019259037916897315,0.006320698292096472,-0.053771059733061066,-0.023724863074531144,-0.011436436184493082,-0.027856785883341173,-0.022204322971517643,-0.005819708468153828,-0.01073579757029719,0.010589929252316166,-0.034643658338831984,0.01962998588788145,-0.029344097974958072,0.0026428610577402534,-0.03928874180642805,-0.05975340065149626,-0.04112669419973247,-0.024772081801915702,-0.04516467155345305,0.008060270520878765,-0.05566671441933768,0.0076940450513312,-0.027445485029964245,0.01850591453891215,-0.08444127539962887,-0.017827299456688372,,0.005355340538325759
2024-07-12,0.01305099081959571,0.0025464607315286436,0.020621200978895304,0.010143074143838415,0.008870029432519244,-0.0028710461411536325,0.006423976145385257,0.03475184001808507,-0.003095140050560885,0.011349313873865396,0.0024026527711984436,0.013259129507433576,-0.00817202759368485,0.003147063380698256,-0.0026942608889214403,0.025349056787527635,0.029552280436057288,0.00932131700929073,-0.02697491007325603,-0.0025292420225855317,0.02549372158634089,0.012480945354821804,0.014442682700032128,0.014079398528913378,0.0155571749157426,0.004667445916825441,0.029871787680814776,0.009400458302667003,,0.003147817913612405
2024-07-15,0.01674333167808495,0.011913128208767443,-0.003521137873950808,0.01941010304677593,0.008833172986594695,-0.009100746683474936,-0.004089473594114823,0.03617722923336553,0.007955675794369732,-0.004370667948260798,0.016293190977145988,0.00042227704907404906,-0.016837635313317056,-0.008673213114879785,0.007888727958081931,0.0002734781039808176,-0.0008699568160381865,-0.0006637657965168353,-0.005432221880268595,0.0009039349985149325,-0.020067773525423438,0.012340369032195708,-0.00619020642132484,-0.011742739604743924,0.021375147416918594,0.0033184014811460383,0.01776579679334911,-0.0005449815066000951,,-0.015447662238643023
2024-07-16,0.0017918171409738726,0.0014671050935131102,0.02359916809428575,0.01310585808500897,0.001181042283383782,0.0015566783408964557,-0.00607625092896058,-0.015921773240304415,-0.01190066798536149,0.012536536583718894,-0.022047347250369165,0.00042193063958051447,-0.021571073092652604,0.03164550449390413,-0.01399234380100145,0.016021487891750397,-0.0034821887903777604,0.006435318268599888,-0.012838632360532176,-0.009780594293625655,-0.02582696993560718,-0.009194520388968397,-0.016194369758576466,-0.003215123244580731,0.0,0.02215975495999767,0.015516142251486675,0.024088131302594906,,0.016180346993392103
2024-07-17,-0.02529595692033626,-0.006089510547671373,-0.031726434315925256,0.013953262619550877,-0.10482424401350476,-0.02637038381521739,-0.060156931718848505,-0.07326934505178251,-0.07911199854849615,-0.018786915597509224,-0.03823326329298782,0.023196986241684314,-0.06770463387596803,-0.01515693532558482,-0.015767656835387722,0.008826202953139184,0.003494356800457954,-0.10066078132991807,-0.05675903565758267,-0.013347557149679834,-0.0626715726724536,-0.03249254123642542,-0.06623932488737805,-0.023490855834601865,-0.01569587588915078,-0.009221780320386896,-0.031415644041518975,-0.011422000629488727,,0.013992698797651748
2024-07-18,-0.0205347603498639,-0.011081800372807704,0.014345719632838483,-0.007422351881064881,-0.010996469006916643,-0.022242286163404512,-0.012029190569897708,0.009228056381594962,0.029106367142196943,-0.01540472233103074,-0.033498660524746926,-0.009892832778802929,0.0013580956865271165,-0.003481099534421661,-0.018395809360007176,-0.011896471581495538,0.01189790540629354,-0.015583570188179907,0.03000070424968171,-0.007102186941616573,-0.01715498085222733,0.0036680836711557863,0.02627345501095868,-0.008832295520848077,0.014883064724072748,-0.02024827148443742,0.002937608561525362,0.007882050577415312,,0.0009516898854309286
2024-07-19,0.000579802355507919,-0.010505478750864494,-0.03251182562063337,-0.001737963810743759,-0.03395364680039259,-0.0033741230867346816,-0.006223152733765058,0.010750064788105362,-0.019748328875615728,0.0011319754413259275,-0.11103337033458227,-0.014987559660945782,0.003590309120723223,-0.01452488017867637,-0.00016890241107547777,-0.010635948217444957,-0.05420131801738126,-0.03725607594604863,0.001975484155199325,-0.0074028914395002365,-0.027160405070538296,0.016825315912932126,-0.02609617243824469,0.0038397157090475087,-0.0020949534644217893,-0.011166574358125403,-0.040243947162209914,-0.03288466091580611,,-0.010696382442860863
2024-07-22,-0.001560233620991669,0.006932862657384353,0.03814554293190042,0.0041300899532730195,0.06282708698698003,-0.003167158934036185,0.03533395680676965,0.017603847900844016,0.02357800822115208,0.026046833213993814,-0.13460778116205974,-0.010566436424802483,0.023451887113056458,0.005783692320880274,0.022571267363536318,0.00491114821911709,0.011825383531693712,0.06536839032383224,0.022252899686686867,0.013337606333815089,0.008926987856749058,0.00705536155376385,0.04757055284532119,0.01161965318917435,-0.00419876975345479,0.0242709673132262,0.05146320115237035,0.03405318295341364,,-0.060788128741605996
2024-07-23,0.004688289896757292,-0.01587901921757029,-0.04049331279290147,0.0014516266976565273,-0.017094128521278784,0.021144894800451786,0.012885705317748686,0.006847665899236022,0.016826028883719202,0.007792814787791258,0.018832182000445563,-0.009824793063125448,-0.019057755767192708,-0.0124280632212449,0.0006605547238587306,-0.00027143089450254454,-0.012586103380080704,-0.017777830343465806,0.0026467111647656694,0.004312099288893201,-0.008934632071932569,0.011923336537376317,-0.00768985430309066,0.020974565395958322,0.01229797585133019,-0.017442822133069802,-0.020396762498772203,-0.03686622963253705,,-0.0051164467217754694
2024-07-24,-0.028754227663439047,-0.027417137910543343,-0.02474805134942104,-0.005033314901109587,-0.05973147596081019,-0.029934025650088625,-0.05994518720661546,-0.061209848500848096,-0.07589917148278236,-0.02452537779793429,-0.03994343216058727,0.01056937121856949,-0.07731418607825291,0.00788874303150977,-0.05038787572726966,-0.00043451166730767987,-0.03793633071686464,-0.05191259855621799,-0.05610922133652163,-0.035854827157689506,-0.03474847441912032,-0.04526340107221338,-0.0680316702482564,-0.030326531520843858,-0.07670944552030268,-0.02746615824986709,-0.12334604589403697,-5.031304680502835e-05,,0.020056662606352305
2024-07-25,-0.00480463428912381,0.0020903254606974286,-0.016472384718412614,0.010036478927419212,-0.02038422142948415,-0.005419431054668911,-0.03605732401283068,-0.03190139967583805,-0.013743958154518454,0.02698358552012059,-0.015456808419985424,0.00832457815643628,-0.04038926392571962,-0.010063366455844491,-0.03099117310202293,0.04325618369794659,-0.018927453581447984,-0.028300681378365722,-0.017039832850934578,-0.024481223338572944,-0.025661939694386016,0.13397731589402095,-0.017242928617437037,-0.006845628775426382,0.0011277736416039907,-0.014637478753277255,0.01972310939623889,-0.0056990292253297214,,0.007058361916752798
2024-07-26,0.0021609816434984275,0.019336611021814276,0.024941128354565523,0.012380753410810241,0.02051188526941372,0.014734466536293178,0.016203987065489756,0.017854806919321176,0.01587839186866602,0.024130762619246182,0.00790875394017787,0.013547763588450223,0.01911516081571074,0.0199549404570325,-0.001673790073469461,-0.0011980080552493888,0.008038599299099003,0.011898701775590048,0.027105700615788875,0.016419615686428246,0.01824105728478531,-0.0014237167310006127,0.006946926277276999,0.008634228230297802,0.020653442048150117,0.018699795108749306,-0.0020431189477511102,0.02454985281659594,,0.003504338276377972
2024-07-29,0.0012846923369971286,-0.010747763925234244,0.004284002359287609,0.010052779939887957,-0.004358916008230906,0.003835599716395466,0.004197852115412903,-0.008770802474942996,-0.009298794796679277,-0.015682758421288412,0.010345072839629932,0.0022974375912732103,-0.020781982972440494,0.007936463717208797,0.015149731924023024,-0.0013038643246577886,-0.01658690905795812,-0.002570807074777859,2.1288723066836823e-05,0.0034331812267156536,-0.014258318843556883,-0.034496964780390216,-0.013002015007165246,-0.005035532904128837,-0.003679189858238674,0.011151111252347468,0.055959976710561854,-0.0005445781821634688,,-0.0014967212822737386
2024-07-30,0.0025659471239309894,0.003913525052497757,-0.012401093903752658,0.00991325983242608,-0.042953785104429376,-0.008133134602594794,-0.028482217167111856,-0.026284927562446603,-0.0446013646290635,-0.0025523008230707855,-0.09721418762585954,0.003125658168800838,-0.02329145276821243,0.01446622182789259,0.004482912313038545,-0.0024021890660363976,-0.022705208951190103,-0.04200194808925328,-0.005410911391695916,-0.00892824590725605,-0.04904950751701409,-0.0003253945528302049,-0.07043639786763689,-0.019087690976345884,-0.02621857778703751,0.08585004489673742,-0.04084450985365373,-0.004408576762386263,,0.00024975625263934376
2024-07-31,0.014990974914450783,0.024020348450215057,0.030278698016963146,0.018933885747856927,0.0785808806501771,0.029002194810164417,0.11280576986227109,0.030335381364702263,0.11956520328523257,0.0033728694284131944,-0.007232986204852687,0.006439560148427503,0.046680849522140466,0.003790548305129926,0.007340444021872505,0.005758040806697062,0.020245623110334288,0.07765005977841066,0.025129986746033728,-0.010805893381676479,0.07078775685710093,0.01951684765785311,0.12812106659935996,0.02786180821694373,0.019719322482591117,0.027812388486453843,0.04244907202543402,0.020631873867577255,,0.011987976673165424
2024-08-01,-0.01675086470258902,-0.009498868916206438,-0.05385084419245323,-0.0050262400766013515,-0.07492923704834786,-0.015563100170141508,-0.022824912489267546,-0.026070067133725505,-0.08501369309632445,-0.022179068152469505,-0.03336784475399546,-0.02187826808279847,-0.04618219096423948,0.011149144088806295,-0.004547112666769881,-0.012907138722524025,-0.054977265092394534,-0.09868202940800597,0.04824890142427796,-0.002964152694231559,-0.07566924695061328,-0.00369604847048155,-0.06674060568330686,-0.013911783348919848,-0.030122703024463404,-0.007145002649234011,-0.06554059651757449,-0.05142028970525203,,0.008144082862779456
2024-08-02,0.006869421763694206,-0.03704176576041618,-0.050063896767758576,0.008495871993493775,-0.07381567616845608,-0.0878470841762542,-0.056992728194225295,-0.0848314746018064,-0.021765670313474872,-0.035920236470329825,-0.028231209511162092,-0.015404055695163454,-0.056626492148030394,-0.0005335038612097609,-0.0240101404526486,-0.002847351864031955,-0.2605851455985698,-0.08108832626212503,-0.01928712786296971,-0.020665933188966257,-0.0867895624303634,-0.02556135824246919,-0.01776414077256816,-0.030761333917072142,-0.05138037409922935,-0.05098752899073944,-0.042377581921705376,-0.030362701538465653,,0.002937751265717159
2024-08-05,-0.04816695683214689,-0.03202382525271241,-0.03558372798061282,-0.020415813759499413,0.0004400713660572819,-0.04097671157906757,-0.013809744199543283,-0.02299187722625773,-0.012098478735416807,-0.020330492074161377,0.01909221934812222,-0.04114867340224826,-0.0401798743358196,-0.027402219785030768,-0.04446179580495613,-0.03072116905097455,-0.06378027431128852,0.009685450793010641,-0.02542311600509073,-0.03265679985728598,-0.024595461537741725,-0.011851209828895426,-0.06357766832950096,-0.04066625950794889,-0.026273226537742,-0.024524047600190113,-0.04232673647438423,-0.03344713065149707,,-0.02855750510727073
2024-08-06,-0.00974828986652232,0.009581412103660147,0.02153967804556034,0.005152181814891854,0.00780687226615262,0.005651399696776416,0.027339459782747877,0.02770331586625452,0.012950385495376082,-0.002468519688505033,0.04341364222995048,0.009387521669336207,-0.035750747212143885,0.023051553945635295,-0.00602840681169825,0.019038856271635263,-0.013923395790958693,-0.00028560679665656785,0.038593404466381154,0.011286800099220784,-0.015704452338349273,0.01495000811502667,0.03782972100416426,0.0027374488976823486,0.10377750038044042,0.0378763255680008,0.008849529684359148,0.031789743654344615,,0.011557758547795727
2024-08-07,0.012498298000377606,-0.0011279989810856206,-0.017424927029270787,-0.0021582813984052374,-0.026185091313429054,0.0051874985158653075,-0.01919398469631317,-0.02623184867527173,-0.053154478687100326,0.006794673125462225,-0.004402452681223856,-0.0008858062716884385,-0.07161706930688139,-0.014484950369953009,0.004106513637976539,0.0,-0.0362852146844066,-0.028720796745347665,-0.010463687394815402,-0.002952846257408659,-0.024718990840659094,-0.021022761276100144,-0.051223008666704595,-0.01801731861306377,-0.010154210463116264,-0.00015933203512663585,-0.044258397676563366,-0.015405018112100044,,0.0004966588645056724
2024-08-08,0.016633282600105215,0.032358543816806584,0.06124897932913087,0.014985953928049467,0.06744707116094473,0.018615215947435537,0.0541077558197427,0.1419854229629891,0.06949432486116414,0.037827103552096286,0.0427017218611212,0.015735875019642798,0.040618841777950276,0.015060792924465716,0.019441321488143704,0.031102798197110593,0.07898894250021771,0.06828428799388209,0.042358545361586675,0.010692004743514616,0.0607141956996502,0.025583553655839975,0.06126777693368868,0.02430498682422222,0.11246204506618462,0.024545689216588062,0.036921162045623124,0.050143862664635996,,0.005958327905814187
2024-08-09,0.013735964101432518,0.011428782570539697,-0.01090619426193662,-0.0023212694749255025,0.0033062303338298182,0.00687575011257735,0.003916285675915621,0.008471182953827316,0.017291103419029064,0.013688170371753072,0.0015798670267483939,-0.007855012428442887,0.01191796004108947,0.010368323759976317,0.010121643526301183,0.0026709546417174046,-0.03806738386327191,0.010974197301463207,0.01597240353357643,0.008269250355510183,0.010969948696964327,0.01876558552111196,-0.0020957683454991827,0.024038447344547187,0.024931677770392957,0.006845114597841873,0.005833854775063374,-0.0056388504899943515,,0.0056763004877522505
2024-08-12,0.0071299024479218875,-0.010013043519330633,0.0036438353256049716,-0.011671345639671649,0.009990651571598619,-0.000838620987187122,0.007504210809662348,-0.03385881636318833,0.002428156904957346,-0.004831121659861992,-0.006475706094306033,-0.013415636590385138,0.02938946310755286,-0.012561936051932454,-0.008431667737345716,-0.01028988141218723,-0.017757406919253427,0.0037009154946749945,-0.003515133939194448,0.0019456877279750984,0.016759721710686515,-0.005498830400335275,0.040763668701764066,0.003937631457370694,-0.020993037764422184,-0.01946860273234896,-0.012549972534179665,-0.0007804249039083944,,-0.005398708704684507
2024-08-13,0.017192954238332447,0.008080119952770248,0.027961124720110364,0.010767233686733269,0.03992966019656685,0.020563504874259175,0.02323180380424761,0.06728195071652121,0.05073347609655898,0.013091557415237931,0.0366424517700743,0.01136878226547089,0.04901854581548504,-0.001971019224655146,0.011522560876300547,0.007969265436050366,0.05733464194259508,0.03683606055951394,0.02440159057883884,0.017698814957043618,0.0295857992965054,0.015099980799297752,0.06530912510713227,0.01267144771401485,0.03437713606985282,0.026000730395960403,0.05235706137163754,0.02702281105914195,,0.006168143798294556
2024-08-14,0.0020338020680226165,0.008538559049310335,-0.012338815116577528,0.0034744348068511677,0.004133323012502466,-0.0007636117446156998,0.007105899759466627,0.06078453964746444,0.009797553603324793,0.0028278798941467898,0.03268711696586557,0.0015427443491125015,0.030118071731085605,0.0010772310242816996,-0.02308731323450519,0.006963614978816812,-0.026868551807997965,0.0054355992871593095,-0.0033675469475116238,0.006883818767494443,0.0304802656606733,0.0002687246527381948,0.016703968869365315,0.009980820804739166,0.020072412721381827,0.015819357325502992,-0.0310349655555765,-0.008314263914498854,,0.0029426889232924136
2024-08-15,0.013530583482816771,0.026621455940516903,0.03877935749162198,0.0031961265168725106,0.05058776031765322,0.04403286281963403,0.022802272612090224,0.011105889038099503,0.0535227714872657,0.029257358964814406,0.016665322743456557,0.06800186857982671,0.07051965731528242,0.0012554288721080553,0.005799162078142794,0.008475446014231114,0.03865464130595164,0.05296171492700208,0.020065998246790562,0.011823754428231803,0.06513299711781406,0.015982492504233115,0.04048114476445064,0.009808040523505035,0.007096752043693311,0.02721500637829055,0.06336276788880446,0.032309134461760314,,-0.02102695790374043
2024-08-16,0.005918472518204432,-0.0012630850400529026,-0.0021458854235483216,0.001630843151633865,-0.018552637768348923,-0.002984395462729106,-0.0075995272257270985,0.008997389887727136,-0.002467900476763041,0.000456595251691283,0.007869854456604486,0.019163430986953278,0.009890359630588375,-0.005910869016277354,0.010291495023454278,-0.0008765555384034895,0.008699869527769355,-0.021301061484991557,-0.018443126524260167,-0.006080239211562755,0.009724186628245812,-0.005468049164948474,0.013999536647786526,0.00394387577977251,0.02754652583647954,0.00029432102668014437,0.009246267550119258,-0.006933216853582835,,0.014235862471851934
2024-08-19,-0.0007079214775861375,0.017453786653100822,0.012366043547803685,0.0021205845594371997,0.014622488422956437,0.006551472258579993,-0.005171146441251606,-0.006195669278154958,0.012008318804459961,0.009394804706116755,0.016149882289843598,0.010513532190968844,0.00512111694558981,0.02126122824600185,0.022766107525583834,0.004902455264225836,0.031145164944523795,0.011640018037291533,0.003526590672918939,0.0073122951325244046,0.005926429926971233,0.00642860132493861,0.043506189541378415,0.0032732943000863823,0.013092211501644524,0.021630349914370628,0.030538618603692225,0.0006483906881036283,,0.0032011963656666254
2024-08-20,0.002744756605811416,-0.0015449551156613284,-0.010887260760110928,-0.000415595486259579,-0.02266046309616565,0.003703308593809629,0.0049139663646113885,0.008914518066590604,-0.010494456942509722,-0.013339499924372,-0.0009371017360518819,0.005202113795322205,-0.010369218864207719,0.004587175952020628,0.0030599919968872236,0.006675959043254132,-0.024628284171541504,-0.02090146914172264,-0.004817857073680987,0.007757419361643425,-0.005891514280424559,0.006411446656391817,-0.021153770726436094,0.009063344709743681,-0.005538470928485584,0.03543132720933739,-0.007273684933137958,0.009369005069299607,,0.0026998593390288317
2024-08-21,-0.00048563560797987293,0.006296092534181952,0.017942517825830118,0.012512084785739619,0.014357657797091417,0.006876093995775934,0.005935741690819896,0.049780520529485894,-0.0010244267750908476,-0.0028641337180637105,0.02506281734279625,0.004179755175568678,0.008942374290116906,0.03055848805464767,-0.00795553401756488,0.006019630147215516,0.020009532199798175,0.012134168949330393,0.016004253442519323,-0.0015535392130741066,0.0031484558825933817,0.001145292083158278,0.009823059677431356,0.007400903665311542,0.00680696852662277,-0.00598133613154439,0.009814554993405888,0.028784471251543264,,0.004896112535637043
2024-08-22,-0.008259748756505925,-0.014758083229134078,-0.024571335822644036,0.005712170070634626,-0.04082018600170445,-0.022097583221652117,-0.010452670958969956,-0.020794360241394028,-0.020750350158413866,-0.009575303848984418,-0.02038716365011295,-0.004558938067946605,-0.024350895336537892,0.005794152519844387,-0.012360527110694353,-0.00633849395279007,-0.06118633700507603,-0.043065225028604326,-0.006035445725954602,-0.020252765944622775,-0.03757041915941084,-0.02174738392443154,-0.03704268236541408,-0.015121250099896844,-0.019053497903792294,0.000839577210298037,-0.056478704568676985,-0.02207612980499285,,-0.004385052507605236
2024-08-23,0.010288213069664875,0.0015427406497490193,0.029200977922935856,0.0008168322408226292,0.012337708090421451,0.005166572293719973,0.00840500707674674,0.0134831117780021,0.024762774532165244,0.02092128447538988,0.01457178928049041,0.010354507276415958,0.02780323423715858,-0.002372102832527645,0.011111058990413758,0.0007143743734649988,0.02189057341825995,0.013940029438767487,-0.007388300426621863,0.002983957273286375,-0.013523976296118234,0.008941092893798075,0.045498516627625385,0.008038817897162875,-0.004385945780507994,0.0025168332258020953,0.04585589810206048,0.029984875144549283,,0.008319171772048106
2024-08-26,0.0014988656436933923,0.0020419392322470475,-0.012172200527808874,0.006491138622274795,-0.031775850857036714,-0.00869856159361615,-0.029397691825142402,-0.0034367801450329027,-0.04051455051235986,0.004848650434011281,-0.020880950317847424,0.0009854704765346334,-0.003035481475814783,0.0020381035476451093,0.0032606034097295566,0.009586884248460104,-0.019961136148285097,-0.03358619355893333,-0.013030182079334485,-0.007917644174178728,-0.03830814082884415,-0.0004950120671857183,-0.022493641367210437,-0.0020835533706516918,-0.02926369682448071,0.004742035737713479,-0.0322712435275504,-0.007766478908758145,,0.006794490401805575
2024-08-27,0.0037414546085383638,0.01497927364193119,0.02761400918652268,0.012271960921203195,-0.002344136038080591,-0.013561281383547064,0.0026980552647137834,0.004561171041198131,0.011088969927371739,-0.004071483044100543,0.014894465444785121,-0.00157523183741759,0.0017014301339306481,0.006271049739014156,-0.008907205800939177,0.0037883538672407457,-0.00298059952527574,0.001868386526819199,-0.00387621189785603,0.0008464384697624006,-0.010615750303757276,0.004686788511248929,0.014550161715409793,-0.0030236675321699824,-0.0003241565237659394,-0.006246558318743212,-0.018760845523390857,0.011716875478411604,,-0.0009640762554016247
2024-08-28,-0.006753376705191383,-0.01282101582010331,-0.02014309847688922,-0.007281361069097492,-0.014711188547705922,-0.013401063602498708,-0.012904321272170338,-0.025470686312596302,-0.01988980233009252,-0.02006051784821894,-0.020864895102111092,-0.016959162088701296,-0.0026818833848351042,-0.02678110255978494,-0.011112340807690413,-0.001358615596495083,-0.022919735499113303,-0.018685132424785866,-0.004469342848253177,-0.007829051825279154,-0.030655996340275604,-0.021196532713960603,-0.020966498128261124,-0.00433289799740233,-0.015564187414442987,-0.01620327886205697,-0.01653843794670573,-0.01400171970348374,,0.0009650065953465958
2024-08-29,0.014570082342909574,0.016216554058210875,0.016375384079123645,0.002493786217930394,0.00046660124573461026,0.007728290643119529,0.01591626397436441,0.04102273420854052,-0.007902286937578773,-0.007300023083336216,0.028274038136113067,0.010832554877535872,-0.007350376660602231,0.014191682191430521,-0.006570508571083988,0.0022169398347471336,0.02651700837482629,-0.00967564593813508,0.002786442804094902,0.00613731186341937,0.00748465549731292,0.02107818013489826,-0.06384848827359224,0.011169211886370434,0.021080348378854197,0.03876181905880105,0.002575935743848623,0.01612592669084778,,-0.005784457532410081
2024-08-30,-0.003437883950512699,0.008391356179880516,0.017107801644804965,0.009328464253304913,0.022178509276337577,0.037067191865004956,0.019590895919287643,0.013753980218706552,0.037532639948616886,-0.015991646430095874,0.020649998432951122,0.002976787919600543,0.043344970282551465,0.013200787131336655,0.009890124712516712,0.016239438485898594,0.09488334994485936,0.02971187982024559,0.005962649541556564,0.009730952314402685,0.007010583625484568,0.028546695177200432,0.015137490094336181,0.01341274825243266,0.015483856201171875,-0.009978159474418269,0.03795812428442069,0.01539628441840768,,0.012848382841814665
2024-09-03,-0.027205188425360127,-0.005866881277737712,-0.0650222256302917,-0.0013047907008614246,-0.07041470973110198,-0.012605042016806678,-0.07544287535722438,-0.051039144535166,-0.06160193339023734,-0.019137982534316977,-0.03851699625937344,-0.009497433678048894,-0.04128463098856028,-0.005076145148553035,-0.03684663145307743,-0.004205175383098614,-0.08802179915931274,-0.06734370440582438,-0.018319129463644335,-0.018459147669036557,-0.07959260325397677,-0.02238598204495612,-0.095250153371232,-0.012669122172718095,-0.03081319337546551,-0.0059367421019758115,-0.016393416920415627,-0.05836517141553954,,0.027525060721862227
2024-09-04,-0.008618826339636287,0.007372552071047256,0.014128180662395629,-0.0011976400057426284,-0.005398829845847497,-0.016567365497562103,-0.0020507266932879853,-0.0028367185724643695,0.00870472946910894,-0.0015319709548513583,-0.027306821502735446,-0.0071913549604752935,-0.01543728881050932,0.0025510551150416116,-0.005782938957996753,0.014059865199092414,-0.03333333649643222,-0.0016717269197360496,0.001915075718363246,-0.0013189396904250694,0.00801528999780765,-0.0012322258270152098,-0.016574158061436917,0.00896080445942582,0.002622088597374894,0.008472251562453792,0.04183284569452206,0.010751561444605873,,-0.03377586423115797
2024-09-05,0.0069278685765590264,-0.01272491494866368,-0.012353441092822437,-0.018348888649520112,-0.011733850224305176,0.026308183871355473,0.0073302092866665,0.00352759669637126,-0.008434840791939457,-0.006298353878426921,-0.011144588025652102,-0.011468694589661488,-0.01742155561296066,0.002883693330514303,0.005049538677572407,-0.007446947688146355,-0.0015440394325426654,-0.011145415536661596,0.008035127417703736,-0.001247213910021694,0.0011199217198187839,0.0006827642199744854,0.009415393942712846,0.013214900852360545,-0.01405689123997611,-0.007987935595381024,0.04904058305110959,-0.012009799376612396,,-0.004098260522732877
2024-09-06,-0.0070150904215939835,-0.007958761800823555,-0.024742090826967655,-0.002257861203986411,-0.03045944767284703,-0.03653943460735232,-0.043021570995552816,-0.04104776784632902,-0.10352052373512488,-0.008735482732962874,-0.03915296015636882,-0.012823133705166967,-0.04815235735334489,0.0013533436955688316,-0.04019344926867696,-0.009131669101167583,-0.026288672108771616,-0.029222511415187835,-0.032097627869760004,-0.016381373786127806,-0.03367273245633995,-0.012401282037817318,-0.04085434884746009,-0.005609852575327756,0.005636607332693,-0.04359290922666903,-0.0844593239607937,-0.02034232447460338,,-0.0038730043779493517
2024-09-09,0.00040758931300821644,0.011483701117625644,0.02302942601340785,0.022369673788262157,0.016023059213679414,0.023396899008788496,0.0332792196758811,0.020574646683793496,0.02788342700241242,0.007336885571745055,0.0007711451027920813,0.004123610695321522,0.0381372337342214,0.0038850030655117607,-0.013335980755278976,0.013898508631052575,0.009528867707344624,0.0006539952791433379,0.009035176576190684,0.010007518416739192,-0.0012732640846396803,0.03701639842707083,0.035398142720421744,-0.013539119178110237,0.14078465417593322,0.006677258030952649,0.026289605928169646,0.018840221563501958,,0.038395646949135775
2024-09-10,-0.0036214782135978174,0.008071831870787305,0.0007320584031047517,0.01331694128875549,0.002816037878436095,0.023660258265018275,0.00609665625922351,-0.0009268242836625307,0.052478309241798415,0.0016275969685699554,0.004704370401068303,0.0018480862012482113,0.007082937562184144,0.013966082801836865,-0.00033622624125073663,0.008794821487372317,-0.004719462717784784,-0.003745024044072509,0.0,0.020901119350596575,0.00672287750119227,0.005341414474323569,0.015309377130603874,0.1143755973071785,0.004624273250525723,-0.0072098632273859264,0.04577608406578748,-0.006810165833949,,0.021530890034122452
2024-09-11,0.011585243698114533,0.010270200206538682,0.02903260027453536,-0.0063740106032497135,0.04431339760197894,0.02768031821904482,0.04951795769175593,0.13150870806476433,0.06787653966993612,0.013852828839894249,0.02337124871942642,0.00655880645422946,0.020255109680193284,0.007799498744270439,0.0168169663679254,0.022257865442652847,0.03477343853161896,0.04823944094993382,0.01394627995527875,0.021342344943190428,0.04375370552180646,0.018380530058209166,0.08149870643754831,0.008274973553180631,0.0025891874837098428,0.007262222860940248,0.008666077418469476,0.013063124561669914,,0.0034363358943148015
2024-09-12,0.0004940326689277796,0.010630936383485556,-0.015728518371111888,0.003315547885871517,-0.014682043093434793,0.013440254011034547,0.03624644370938124,0.08240238742107775,0.03974227387475526,0.01522615199366295,0.01408120278234426,0.010181139425417873,0.030790333125984004,0.04034259883625069,0.02335275148722582,0.008194805446129605,-0.014256557433726447,-0.02486813273279631,0.02690334477743961,0.009360670557950979,-0.03794818529296651,0.011610099584692835,0.019161749990630916,0.026721045568216972,0.0017217037566177318,0.014563839662498523,0.007364189890953776,-0.031767343135298165,,0.0013698466974501056
2024-09-13,-0.0012121334134114203,-0.0846986509414378,0.017559766387953868,0.0018410707725136088,0.028710137086035425,-0.0027272433520638684,0.012381879208233082,0.06599754928909585,0.019020344588177585,0.004736196568731366,0.00789575546909771,0.0038298601191633086,0.01917067355671076,0.004115121361645935,0.017906833234784036,0.015027633588587497,0.015495827872037404,0.029340340943741605,-0.0018642981989468455,0.008407493708316727,0.0459811312201861,-0.008102674864221449,-0.00033575216685388654,0.004027740343009345,0.019478668236837304,-0.0036953371251110534,0.0020886633855721204,0.020155149498495284,,0.01299588769695137
2024-09-16,-0.02777518917830124,-0.02862889574194316,-0.00949351975417756,0.003928055521378759,-0.004722260474248174,-0.008579580976924128,-0.0016677954392610994,0.0325990238874998,-0.021885630961599345,0.009192011575570369,0.03349667160198844,0.024698754490151575,0.009623789630860413,0.014501892210409206,0.0038104091665023265,0.01103412798300174,0.06358087536631096,-0.01461570386874067,0.017476886482089338,0.0017418783389795411,-0.044288753195504627,0.015370676441180509,-0.01947939717595326,0.051225246145468084,0.020230436010570507,0.013837407831948312,-0.015241628421408637,-0.007302514174118535,,0.012829161356713525
2024-09-17,0.0021726427358825795,-0.012406463476749785,0.009271005335465876,0.0029072802291327804,0.005384274905992248,0.010763186217390919,0.004983874948965239,0.06356988722278234,-0.009450118083892622,-0.0066950595699312165,0.0033979450745122985,-0.008230330861190738,0.01230508592931212,0.008079589786225583,0.007971727370069903,-0.013952904208338168,0.026781418939689328,0.013052449071245142,0.005700646208941951,0.008832965946236726,0.017779492208721326,-0.007428926762396371,-0.010190175877017538,-0.0167910493719311,0.0038556701832410667,0.009849501626851831,0.004806404196833203,0.014712546764596546,,-0.020444391651917804
2024-09-18,0.01798987306258737,-0.013397324469570204,-0.012025846525145822,-0.012526278629279575,-0.012991199967391176,-0.0024080275860086653,0.002105497222177677,-0.003882204221195229,-0.004924040539098562,-0.00926254465763876,-0.005954175707976073,-0.0007904958428093245,-0.007104934620711267,-0.026356371312437843,0.0030754485249848695,0.0037827164291974746,-0.03260358071625158,-0.013276013352321536,0.0030392575145807843,-0.009973652160987556,-0.015552753148576959,0.005147729031481196,-0.01920578191337563,-0.01755541162256813,-0.001920430544829821,0.018810066590709384,-0.0029402649901351108,-0.003376397506470119,,-0.004537150942775736
2024-09-19,0.03706542682824132,0.03603408061450031,0.04855374481826047,0.006451270631731232,0.05678541933310566,0.01845197970580159,0.04868545598726626,0.006820366295174463,0.038972434927535105,0.053717688828031074,0.03840974076509651,0.017203852266978403,0.015346148819717076,0.000791463951325122,0.014579892380586656,-0.004885026162427586,0.017814103212812515,0.04392295438171301,0.03931595556825829,0.018291167884336268,0.02175144681125918,0.03241278023601346,0.03969309551761424,0.018598372107608396,0.012369454363041488,0.060858802622506536,0.07359155565707187,0.034328074649615736,,0.0013672517003182616
2024-09-20,-0.0029275223473220757,-0.007864171850995083,-0.028571462992712182,-0.0046093987926328905,-0.023130501842583584,0.009111555436973395,0.013550522070052695,0.016854809176537255,0.021980646866296638,0.0030454408848237247,0.08100800643577832,0.010303325993682666,-0.002292609596868944,-0.007908874126140053,0.008942830099384791,0.017812832256648425,0.03311261982733171,-0.02012505782682461,0.00402420446109053,-0.007796018127367854,0.01848746333057316,0.019700809890184967,-0.01586496904521839,0.002446417449151417,0.010046128522665176,-0.010442110967019747,-0.02324531900421767,-0.02071294669883761,,0.008875877561471235
2024-09-23,-0.00758091049538312,0.010664383408767408,-0.003395333538468104,0.004232829407641692,0.009783369680126164,0.011899784481557152,0.0028872077558435016,0.00023797612469578233,0.010753899562337521,-0.009707710253511137,-0.022377826641636567,0.004233185245855031,0.0005957089437755858,0.011639077355428018,-0.01063635274550423,0.012861802185737403,0.03296700129689234,0.014084476055290729,0.005451095823871155,-0.0040434046766850695,0.02937272305577121,-0.01259921220331972,0.0022413654136228534,-0.012202327984693673,0.020161289909090163,0.011855111454495137,0.04931794333683115,0.0027054340604719673,,-0.0015793847508777104
2024-09-24,0.003974071620775899,-0.007198719056053071,0.005840471026200333,-0.0033864094424480573,0.014120810162462138,0.0004126358007008335,-0.0012967813639600534,0.023469703615693005,0.010986478730514948,0.02357973088741261,-0.015692180779319442,0.006323049573383699,-0.002211468613165235,0.03136337234976083,0.002718634551549526,0.0021314156900287262,0.011081560546019054,0.008902320614896597,-0.0019134152696819173,-0.010011170131848046,0.004595710008893583,-0.002106852079101662,0.03965254303494059,-0.000903939840476542,-0.02766796352968548,0.008626118543903383,0.017080017089843746,0.005346939967585396,,0.00903778645727149
2024-09-25,-0.004398164050728792,-0.011773203625330075,-0.0030352790273086017,-0.005024705832203713,0.002693409552938286,-0.007372694808574054,0.008154320178500818,0.012627865352418555,0.0038892557970306996,0.013496420447666857,-0.007174073830029992,0.0024752633031173144,0.024379869650339225,-0.020476905950518987,-0.0049294670505487526,0.0011766389456073778,0.032003571533393727,0.016041793897158874,0.008840096471462555,0.006850210378096522,0.01882979007482577,-0.0363469276322691,0.021841652957210744,0.0028951683615057178,0.005961989076113339,-0.012509432301507029,0.010815214909361437,0.0005856053546402507,,-0.002463072582509218
2024-09-26,0.005080276455623034,-0.004865841692324846,0.025679558565627758,-0.002979074576790919,0.06233858122603286,-0.007115748848874004,-0.004920027057908394,-0.01973836507179194,0.014642236291892097,0.006093094137134658,-0.01741889277450237,0.0037986538589935837,0.05259225732870809,-0.002496036476711816,0.007678391917774308,0.009944386368148095,0.016142699489699153,0.05443229061647181,-0.0008268488683869091,-0.0018512154116236967,0.14733214323042398,-0.005808773868163919,0.00429105010256281,0.01094537555172681,-0.0005388054509476436,0.03516030001367265,-0.01089404681602335,0.020481700949559256,,0.001571201467593708
2024-09-27,0.0011866247983924882,0.00019398421551142242,-0.001763729836918193,-0.005648089075484308,-0.022374927354131935,-0.016687603998192135,-0.015635460052307315,-0.0029657759176708876,-0.03032168584942241,0.0031912064235983806,0.015560516535034319,0.0032167236144766687,-0.04956922874214276,0.0009384168804693616,0.0074970931611553215,-0.011591959722772383,-0.0004180697679740941,-0.024047156052060092,-0.000845353912432234,-0.0076279042998659286,-0.021660033943484258,-0.0034694664278102083,-0.02128340222345626,0.003807283982117271,-0.0070080412999090624,-0.027472535366609097,0.024545630573566513,-0.0005734397621666165,,0.006051074171084858
2024-09-30,0.022871923458814836,0.00446195568261154,-0.008101770333981073,0.014108786145516916,-0.01400555128766956,-0.008724793206352333,0.00936200880231386,0.021917832107693158,-0.0011003636852929821,-0.010591481213777842,-0.018855329206816207,0.003772144747043571,-0.013974326568448325,0.01734370428851273,0.011588853178779113,0.0010868062710165383,-0.018820609193276883,-0.013347492881274792,0.008953826373900187,0.005326763999165873,-0.03525573372582136,0.014289140543899403,0.00032956463204403263,0.00983750376668846,0.009772003497841242,0.0019260160089000777,0.004492104223754234,-0.012288405589048312,,0.0004454329830549941
2024-10-01,-0.029141537415765972,-0.028931284824268988,-0.02823983436290811,0.012105503250293692,-0.02400396041999009,-0.006440170323887107,-0.00513261732872361,0.000765919895742373,-0.029159338821332703,-0.010375860684745275,-0.0189681866191187,-0.009019170877323068,-0.04538546046738623,0.011058047708156105,0.006873765180455349,-0.007825093507621061,-0.03282176387315694,-0.022914511159369155,0.007039968184614942,-0.02233313843312723,-0.032783816616865025,-0.030422976334708918,-0.03656138884393423,-0.019013944434752128,-0.0198925178303766,-0.007176729192646003,-0.013798172234708361,-0.024059433344259196,,0.006680138601664165
2024-10-02,0.002519664381519071,0.005986495303703876,0.018151590510065763,0.012389421086916652,0.020030367794795945,-0.0019986515757441925,0.020348275211407252,0.005434418270464869,0.01904814779369568,0.03178650793424964,0.018498987646009324,0.005349590728726206,0.0026510732071280962,-0.009569951777672281,-0.006766918260634247,0.00173231448252964,-0.013221733686558435,0.02095609682684496,-0.006348914879942824,-0.00846240903921236,-0.0045857448190840255,0.015256325232252399,0.015812026920395184,0.0032902369803597953,0.028250208992264936,-0.00038712304017718413,-0.03488095932262847,0.009077109110813275,,-0.003538998025440332
2024-10-03,-0.004894664246391289,-0.003973843489307738,-0.005137689685628777,0.0037735823812223845,-0.007755358832307935,-0.015154729791167831,0.0012576105962622819,0.029613271708084143,0.007207210147203602,0.005116506867750115,0.012525013873606827,-0.0036107579479746077,0.019478129019726342,0.00276066597138791,0.0,0.013607454678764341,-0.005806126141598034,-0.0036727503371286607,0.017387907042080375,-0.0014143832914325083,0.019729476554160685,0.011619616090872364,0.033655922154324225,-0.005068353931184988,0.046679112340641815,-0.0016788431492997802,-0.03357160254966751,-0.00865148106711744,,-0.011764803036867
2024-10-04,0.005007353506171652,0.006788434915841579,0.007371193764837081,0.0018971925992605776,0.011924477688023183,0.02500542770436165,0.015021445462001237,0.03260631173463491,0.027634068310395277,0.024349469224130393,0.029920670429515406,0.0061033339866449765,0.04106516009763084,0.01391866444232881,0.007235139871382579,0.014727097958553648,0.014824794263833319,0.005301453686208157,0.02259888492060269,-0.0011523660342057651,0.004223189909879688,0.030360130469974766,0.016849785717565124,0.023972173436203947,0.019622747454900002,0.026516654747835267,0.03914235030998814,0.00515701152298198,,-0.007636830793982363
2024-10-07,-0.022530766128125657,-0.0392729257123019,-0.007536332293637815,-0.010660591477291925,-0.009110215131785337,-0.03061493551686767,-0.008662253870766023,0.002076423303227326,-0.008831581713084624,-0.011051215392634206,-0.01803308646925894,-0.004549713210679429,-0.011044797107455429,0.007240844954013781,-0.02442257127912084,0.004955707256278918,-0.009296192580912077,-0.011405458123865286,-0.018726618355578872,-0.015670727716430854,0.007588060988263257,-0.012793086921043528,0.02241433751181643,-0.005208933998037568,-0.027992976227694255,0.011340680769457823,-0.03698816351676526,-0.007103861064512218,,-0.007695794375652931
2024-10-08,0.01840408339777677,0.018345993567322694,0.012758783722539802,0.011697055223400143,0.003747625322790382,0.010619458719785868,0.019564866022828253,0.025437639415671676,0.03227099093138297,0.02459844442410164,0.021047525940792067,0.0041897387782010576,0.02384762780089078,0.005990796391822872,0.00859004728179591,0.006604319934164993,0.042001812748299505,0.0049622609946122775,0.013868401625706017,0.012623778237646599,-0.003595357440221769,0.01772738974816024,0.04047907598237832,0.025886919424771282,0.06582672701127446,0.01121360747729283,0.015238957526229946,0.004670423963121895,,0.0038777394734565984
2024-10-09,0.016698318528298728,-0.0043527400141395445,0.016739524847192655,0.00823342283187567,0.020808357621851847,0.013408477078997505,0.016765757419949345,-0.0007665013905796547,0.028882906278405507,-0.012518443917538313,0.018190459010356097,0.01574059419160334,0.003362585850549049,-0.003275130353952771,-0.015330190881187478,0.024844910594049363,0.006003404437415538,0.022836644118590543,-0.0040143605867744014,0.006631129905227073,-0.008192043501864199,0.01805857885724249,-0.0018059585835642489,0.0224809103873036,0.04053076656823307,0.006037482213791412,-0.014110416966225725,0.013649105521661431,,0.002272086431007292
2024-10-10,-0.002178259280837147,0.019207458326315097,-0.010890180823506457,-0.0029883288077928727,-0.005364285919554623,0.007992632403596822,0.006954555183398714,0.010041858456742547,-0.0013981932142287379,0.007814694181990989,0.05557423507864412,-0.0003735257805899117,0.02010796476039256,-0.013442932236971239,0.001359091018991121,-0.005463089877965843,-0.010230169671106792,-0.009654842010955123,-0.011312059996977708,-0.0038805813402242872,0.039233120013727696,0.00637084734846316,0.016283494040900903,-0.013941136493963446,0.009042415487829691,-0.032700536095614186,-0.009458613360014412,-0.012196858876844296,,-0.01109774793543461
2024-10-11,-0.006505388432598402,-0.016184430720547427,0.009362799841597491,0.005053766793962078,0.005393216675829926,0.011626110360002828,0.017498005513659987,0.014913033117388341,-0.022672263715580288,-0.007133634421209734,0.016797846442863973,0.01326120464154723,0.023477547859859893,0.00423910464438082,0.007157027083097178,0.0010299986511355108,0.014642556530669149,0.010114468194448278,0.01048240954656876,0.001154454401686822,0.011637806358817393,-0.006393998636993636,-7.416712582342111e-05,0.0020522523949573213,-0.00022982849552533047,0.019371924776258043,-0.08782510719719305,0.013038907972734215,,0.00116412780603814
2024-10-14,0.016479883494170622,0.028723063427121165,0.015331108928427373,0.009155280490512396,0.043060540121493185,-0.006779016992029097,-0.008298734837646315,-0.011564605090082947,0.004573578895386676,0.01228741823716617,-0.030261399394108657,0.0003686291356128635,0.0048539522334059,0.008291928210123256,0.010536751381423182,0.008574059585809701,-0.005093333387304666,0.033900426859300614,0.0007967270154807249,0.006773532586056508,0.013280904376556268,0.006499116790235737,0.02425818596855467,0.0019911516720001465,-0.0025280808985888026,0.001987331381696489,0.00624426350457119,0.017307769527941552,,0.004418639833265514
2024-10-15,0.01102469714902532,-0.0031786424734393526,-0.04466441319925318,-0.0032987921992321256,-0.1069241204562087,0.0007998782160802964,-0.05117663578890341,-0.010254683151199262,-0.03472109020409764,-0.011281081801611581,-0.026439494221148663,-0.003500977862852528,-0.019633798519609447,0.0016448408711273732,0.003030956806051144,-0.009776426484491174,-0.03327647904752351,-0.10898475203584979,-0.007028967118481888,-0.0009543603461655836,-0.03710537244654011,-0.01770955677570807,-0.04686030433050681,-0.01152620562607154,-0.022350257755745173,-0.013883633022316988,0.0018707960177875016,-0.042269781141207496,,0.012734345502546374
2024-10-16,-0.008851814436744876,-0.010806429241514204,0.007172347040267146,0.0022756165458044375,-0.033661421594522234,-0.004262363692000948,0.035099765744856626,0.007231823674137328,0.004773220804515921,0.00870464878730215,0.012999876641590413,0.04252948685636526,0.007152523968976032,-0.0010449345142138355,-0.0018130416191693977,0.0030477478683166304,-0.015445736267721055,-0.029072960053108443,-0.01616992618013502,-0.006256899012720862,0.04716264156363015,-0.00979564426643953,0.03130695678832418,0.0039061964220601375,-0.011784114928205858,0.015964684950212193,0.008015641700267029,0.004253611608263874,,0.003886643916284571
2024-10-17,0.001596203781044192,-0.01136232314953256,-0.0006594328918340109,0.004333941556225573,-0.007313474844041323,0.0034244710350397334,0.0032260345732126883,-0.012771874529252991,0.02663715857942961,0.0008594872436258338,0.013388212624934281,0.0003547727528632194,0.01933233214597263,-0.023311462661166793,-0.01350231648417366,-0.0033807746299175934,0.00582703143107155,-0.013487895893872337,0.00024274897746123791,0.0014419300404986402,0.025723113819293264,-0.0019045463425909626,0.008915287559807528,0.005206686504028779,0.0016694417914320248,-0.012373179066640483,-0.001987992760882462,-0.011909071821235906,,-0.001366507833663655
2024-10-18,0.012276567224127843,-0.0038846139080627173,0.004354812847584544,0.0011304885952216903,0.017026744121169557,0.007785456851548744,-0.013230600787034197,0.015524484060861043,-0.00903419166449071,0.006286268358423941,-0.0006122396199276237,0.006382943509238848,-0.021055853963943938,-0.006272998861359902,0.0030074957090273635,-0.002920027001682257,0.014705878603042288,-0.004101829394766665,-0.0007973798402476362,0.003455604839017301,-0.00803208866535754,0.005048467769609211,0.007814355082992996,-0.005635043160192477,0.02309526715959831,0.014031575754029024,-0.0008601676940163117,0.0008573129007762859,,0.003192945389140389
2024-10-21,0.006297853161462141,0.005677909867142672,-0.011649777075461887,-0.004721382614136682,-0.01019525108008279,0.0004233124965837831,0.009975148670708922,0.09385762820713528,0.000555809729551271,-0.00563240120881936,-0.001934567516760577,-0.002994996330382138,-0.00632607773491678,-0.012163163342928662,0.003977685667982289,-0.0019379907200296476,0.003074207001183993,0.0,-0.0022723406491730325,0.0014826662209044272,-0.018623450724648438,-0.0036995216347025517,0.04137678680206358,-0.005323835678885613,-0.006283464046856535,-0.004694884619820261,-0.008382378207102636,-0.013604004969136718,,-0.0065926955739380455
2024-10-22,-0.002621711559509854,-0.009242342292681949,-0.004652980682683605,0.0014781996523698382,-0.007914973028685934,0.003332044214411578,-0.023275318291995806,0.0006294670499502608,-0.0033890458782953603,-0.010161881429758601,-0.0033596448662737144,0.0001766232582567362,-0.03845380974498025,-0.013092361431820465,0.0065214265890756185,0.002157481424388319,-0.019264471590109133,0.002196617254012878,0.01190974813930179,0.020846178373885138,-0.011551251623417302,-0.00042469526536226265,-0.0008349934595188735,0.008920342800441183,0.005620558770055961,0.0043447561583798144,-0.004021041161846095,-0.0091944719024466,,-0.050343215694617194
2024-10-23,-0.02162303699697188,-0.01638576952868842,0.009927936517189373,-0.004462018530849043,-0.0016392528151283337,-0.026304640562205495,-0.006354622324959869,0.0028310598105183438,-0.03272378630548922,-0.013526037815253633,-0.029853235490326924,-0.005653671577607988,-0.007558222677528148,0.00552755482165157,-0.01429090789461207,0.0021529733508149906,-0.018750003725290343,-0.001917787644579505,-0.03147728130098848,-0.0068067575182818585,-0.025690816717079734,-0.01118797807867411,-0.028066086477301466,-0.012606215582807945,-0.00815087296959982,-0.000988847945218363,-0.019819274670942355,0.04005776954457807,,0.032771129467394244
2024-10-24,-0.0008231946541866764,-0.004453340345021095,0.012475170504649968,-0.002103285762697804,0.005747101623192696,0.009041189476714617,0.004212779479523698,-0.002509372094105178,-0.012448824979535367,0.008191847410678577,0.017273684058118244,-0.005685887600830775,0.0090384551398619,-0.0012565693010350154,-0.00036854060466118277,-0.06169716016546267,0.016378554042268956,0.05091955507498103,0.007255872371500605,0.0003061277170652854,0.017134610564491615,0.05387360646165229,0.00609062345434741,0.007394691880672433,0.022775327946181978,0.006928027991096819,0.21919035070290427,0.02413993328545594,,-0.023331742537915368
2024-10-25,0.003643012851364258,0.0017603208153560423,0.002133385579510705,-0.005078907835469049,0.015074787663842182,0.007779788122410869,-0.0040687789220947845,0.016540911212657328,0.009629331020837295,0.012902691044854864,-0.012644943961900634,-0.003931295209099739,0.016421908661311768,-0.0077056333429086354,0.01567106098091897,-0.017033786557302033,0.015219344237493493,0.01449651335809743,0.009633861626426654,0.008052184254294659,0.009920397998525843,-0.005990069456380254,0.008047824686881144,-0.004931841954853855,0.029843875024706534,0.0038088939280009892,0.03343823359841336,0.001548785866370972,,-0.011466732033171612
2024-10-28,0.008599419886778259,-0.005540380114566479,-0.0001302016156404795,-0.005278410403380396,-0.00632654379551667,0.002981406341556969,-0.0043390887131578015,0.0281816032801816,-0.005664637641501935,0.01139568995894602,0.002328561700489562,-0.008252681642551885,-0.015422173144949647,-0.0017431276915556015,0.008773465265737634,-0.008198587852629391,0.010582000347830522,-0.028707537692043594,0.008565264674274431,-0.0036435784588774167,-0.014085834072543935,-0.006152380397595136,-0.007206311969602308,-0.006339356067111557,0.002452086688696564,0.023133352122312933,-0.024815158866218545,-0.005315872774797392,,0.005799820714313952
2024-10-29,0.0011568621502671128,0.009042919562291196,0.022116856977237198,0.005271432238901141,0.02579050576913855,0.012951868195294036,0.023421179282952842,0.03643534629192646,0.0419718250072576,0.017428637182135054,0.031926174443625444,0.007236001430729333,0.008039041435440542,-0.003492714693259291,0.01775433725812192,-0.01164814126871927,-0.0008726203183724301,0.037905829557350446,0.026152115466927084,0.012564772201894447,0.01682489228727757,0.008550250341021748,0.0051948466721249975,0.0058578620440215,-0.0008895022112859197,-0.03959793878570117,-0.01139012091242797,0.026818344807135297,,-0.0069677052551925245
2024-10-30,-0.015277977796428921,0.0026576113813920887,-0.021723441420146372,0.01677373794576642,-0.02535229784257864,0.009956473710913016,-0.013870576045590055,-0.0034255200758404047,-0.014505702713190627,-0.00833085271567291,-0.011223998864644869,-0.001616441314407302,0.063882192888439,-0.002230308181653262,0.028170808994652186,-0.026279496441852235,-0.026200890456968273,-0.02375158819837775,-0.0024949207403944795,0.0013426977897128545,-0.037899719926272835,-0.0032316139418084866,-0.013522109433509621,0.00651537320886697,-0.027598523704526978,-0.025660148920814252,-0.007590942139718337,-0.01618164501836261,,-0.0012098596018852437
2024-10-31,-0.018209419639871327,-0.01767076155367009,-0.030462255055065945,-0.012090962374650238,-0.02007568415986427,-0.03284388507953562,-0.024141407976246865,-0.01316629529389235,-0.03889271325976529,-0.016970175040618818,-0.034412153747840346,-0.014750899447257493,-0.044590340381493676,-0.0817499977880719,-0.019202274360278992,0.008882291116477647,-0.034977524931955495,-0.027468940889280313,-0.04092587412906279,-0.060527543359667035,-0.04256344414414959,-0.017905225251850343,-0.047222629386888926,-0.03849667892863762,-0.04875251362713107,0.013807115757805688,-0.029897037679701755,-0.016507826455955055,,0.020590997332861072
2024-11-01,-0.01327962876732347,0.009872827462501732,0.010622475078712723,-0.003664807756901367,0.0099130300419914,0.06185621865256041,0.02000313357181538,-0.03459472596650637,-0.00500668721659514,0.011497222745081359,0.02108670417552272,0.013328447610406968,0.05856172946966942,0.01043297448001379,0.0010520669078677436,0.007401355302049328,0.07806692701856766,0.006052404181793536,-0.0007400640805376169,0.009892922659476389,0.0008027665089782587,0.011168391694190927,0.019885571183990924,0.01298861106168725,0.0086620977805274,-0.02585113419109153,-0.003482130697311625,0.008663060407891443,,-0.018276604794555618
2024-11-04,-0.0040376085539231,-0.003003276151852141,-0.005721150774473438,0.0058295966093357965,-0.008506872956866918,-0.01086239567545566,0.001801231526731284,-0.02702866875765486,-0.002190406063570016,0.011163189748179425,-0.01402038706674058,0.005946032236983312,-0.007793761868837956,0.03648254597756795,-0.011967966558467547,-0.009267625230462095,-0.029310357017834243,-0.008422472842078532,-0.011425043159123516,-0.004654391984310058,0.020054064277443828,0.011850586439781097,0.004800645587734076,-0.0025292485977599366,-0.012165991025997136,0.011391489580563574,-0.024660613282231236,-0.00614858373179672,,-0.00725338333771075
2024-11-05,0.00648619704531983,0.010532891367884156,-0.029394679235701937,0.00455406057312846,0.0256297596007391,0.0190009257528736,0.02593190363592579,0.03814965773455459,0.03174125748515633,-0.0017448703119735676,0.029108610637450516,0.00591081507286173,0.027801268709193305,0.02125178093250568,0.002954486882680296,0.0060585432319197885,0.03552394408521198,0.030066084587980768,0.020956456498666176,0.007344704341786912,0.0369606268755307,0.017232494048514457,0.028371843625664583,0.01291355362220048,0.23472594195893404,0.014335087832110016,0.03541429020427711,-0.00589223295361907,,0.0048708511756030415
2024-11-06,-0.003266945738759408,0.03784789407573652,0.03975194366659163,0.048080106185754534,0.005577108978854328,0.038045094425516846,0.04443128015637243,0.020402049433379643,0.03248996564861528,0.031631376302442504,0.04037978402348452,0.030448548533919872,0.03664025571440743,-0.006990587753579969,0.03988421563233624,0.02905047115193815,0.07418523005471123,0.004973783017159894,-0.0006638321306108308,0.021192877289103018,0.0601005701719064,0.024139086545279742,0.04074057223457461,0.05507057113748837,0.08605510696782459,0.027255627181586917,0.14751032444224466,0.061790086515018494,,-0.0024236204930736527
2024-11-07,0.021372158266901975,-0.007745128555218139,0.006718245428905201,-0.0010811028077387652,0.03503615931776105,0.01429333510169939,0.018670812033585005,0.4626519983128876,0.023725967598768216,0.012642505180066044,0.033687496185302646,0.0036288947618468015,-0.0034698164772668516,0.015389580050637175,0.024021455581317852,0.00042124563619672095,0.047105802040505296,0.031648887799480274,0.03435029513302035,0.012494571714720903,0.014128596882634792,0.020915472125183188,0.022457166250039906,0.028304966627421546,0.006302940689940195,-0.0007370574946301556,0.02904379065700735,0.011954988973403413,,-0.01433440821617904
2024-11-08,-0.0011881839501586278,-0.012457120068438576,-0.008649141228947443,-0.000393770605029542,-0.01061359819753871,-0.008902691496347037,-0.07092473107011965,0.1763680331059958,-0.0009248857127756027,0.035941927487229464,-0.002267368047547569,-0.000344252364564257,-0.026401413149469755,-0.0020960762105197706,-0.01327797750683457,0.00014040558726624575,-0.001143682036614968,-0.01275089011117092,-0.003988540086118264,-0.0067930822670971835,-0.013314623605897635,-0.007091651776542474,-0.008396174685219027,0.015453094741315399,0.04491764984889013,0.020405707975002407,0.08187665372925301,0.012641449662136095,,-0.002218356660067089
2024-11-11,-0.012028602253461695,0.01981082407949719,-0.023604973359179215,0.006727342501555933,-0.018070251758436462,-0.006436720074140534,-0.007841215014907088,-0.012344460429958848,-0.025756837613713834,0.06143795418440945,0.03754208615660781,0.009817466383812423,0.03188554010340994,0.008725187765026732,0.011213864545768226,-0.000701780903600957,-0.043893186732483325,-0.025959096871807197,-0.010469529346754936,-0.010720819120209168,-0.029043689009380258,0.027706127537310277,-0.016053572431175556,-0.0006340565461443459,0.03168354697990172,0.04734372866120773,0.08959591143118995,-0.020064548154282158,,-0.0009882323278971317
2024-11-12,0.0,0.0434902700722124,-0.004172939908134499,0.003683227777562026,-0.010341411013279123,0.010007771034946433,-0.004429814946615984,0.009077283001081016,-0.015035625984620604,-0.0016972826787584605,0.003153982039351577,0.0013643615855036817,-0.014728189583091522,-0.014896773647112393,0.007041704597807286,-0.0049080413649860155,-0.035528918832528955,-0.0061706031115627,0.002829483076946415,0.01200917114472233,-0.041877595212392205,0.011853210684878768,0.02085900723887235,0.002379282094955304,-0.006474156598257785,-0.006211225606097992,-0.06145717075892854,-0.014314076842128043,,-0.0009890016643006039
2024-11-13,0.003969128785468401,0.011549745996024319,-0.03056254877212561,-0.0013314909310148115,-0.02047051763736618,0.024843245179395845,-0.0009859288153069024,-0.017541457100064606,-0.01498114714880805,0.0016707990077320378,0.012751105917940375,0.008005511452527259,-0.014215557916002708,0.0063415245458771086,-0.015086305419268697,0.0002845198080585476,0.03145696331464354,-0.024438330441348133,-0.008241967115397486,0.005129701119097385,-0.040153722480189225,-0.002613800274480327,-0.013621728967657454,0.0002638462219812787,0.014202210701574236,0.010532388018639649,0.005327407385385952,-0.03317984802801055,,0.018316884721592208
2024-11-14,0.013770446309721018,-0.0049389763057511304,-0.0028189225988118904,-0.017918694205206642,0.017561128827445316,-0.012237320417028852,-0.023306993040098645,0.0018664558221073158,-0.018435318722425875,-0.029468574540265968,-0.010118487644714569,-0.021291059237532273,-0.0007433611185252431,0.006624582684835012,-0.018448025712237137,-0.009150408458261428,0.004414149679566215,0.012728486115302085,-0.004896418739074315,0.003974698267039001,-0.007405966456714208,-0.005499468667819696,0.003349978517349639,-0.013605510036962198,-0.025041193388117944,-0.017409236444611675,-0.05771559508909463,0.0013610126791470112,,-0.006563169431154092
2024-11-15,-0.014109098223196614,-0.05001226762073818,-0.02775159399599747,-0.014404424361121215,-0.09204294748249375,-0.041942478231440816,-0.02995205905678977,0.023199431720174912,-0.03251570774897461,-0.019267213240168113,-0.022098924600061576,-0.007941930446750511,-0.02075414424435318,-0.013964614607905657,-0.017598850844267377,-0.019139542754364358,-0.027167410568174177,-0.06337724712352066,-0.039988906374690436,-0.02785268571410382,-0.02863476940758214,-0.027322594020471436,-0.032570295907606295,-0.017695889527289843,0.11135512510827539,0.0004662549437328689,0.030657525449785616,-0.023689245355564936,,0.019085151061203565
2024-11-18,0.013422124105246347,-0.007668286526819834,0.01599218991180784,0.0008399710662470028,0.010954415643910753,-0.004491405455644082,-0.010470400583240336,0.02373837558501468,0.005035265724013804,-0.00925422177603108,0.018470679200306206,-0.0026105431552919667,0.03319634349740608,-0.0003256290656783456,0.016290811887428536,0.015122621474535691,0.020123193570504183,0.007422982513731968,0.0005775649339940792,0.0018312696490434544,0.01214457932584967,-0.005981899735005292,-0.012889104012509423,0.010830644483472485,-0.0685722753797442,-0.013515091889845676,0.056186046847983784,0.03013118945993387,,0.01440575914960096
2024-11-19,0.0011401980712311133,0.00020014731233186644,0.003720381495799119,-0.0011748451953076389,-0.008317305819459664,0.014427385751800914,0.019515779853983117,0.07781880013894704,-0.001931477736413445,0.003661759288021482,0.03009011659179417,-0.005234682839865279,-0.0008088110224784284,-0.005047941399702771,0.016086580680835016,0.010380118407941952,-0.02576487060052457,-0.005668023291805491,0.0120671039968141,0.004882627936547923,0.0022561552415978348,0.0166710024411878,0.04894758642878849,0.0170676386734685,0.028077069340998184,-0.006850171322224874,0.021432396454288627,-0.02949125559680077,,-0.007574255185949119
2024-11-20,0.0031541185202828004,-0.0002201424206625946,0.002756387185895992,0.0035288937472746085,0.006969533004199224,-0.00845508881471324,0.010616836426917686,0.012547086611240488,-0.012700343322060825,0.007018660922156084,-0.00888792372411018,0.0085949438698818,-0.014275068616847908,-0.004582726214026778,-0.012014301603506583,0.020689667048998883,-0.007851261490395833,-0.001709956624092901,0.00789525776269917,-0.0055051563868645514,0.006548536149108886,0.0008609474348073576,-0.0076185062905554934,0.009793595350621631,-0.013655138402705491,0.007729838742779327,-0.011473991967350106,-0.014323295990546492,,0.006916594182626135
2024-11-21,-0.0020961118923247257,0.009889894777590058,0.013980339215436066,0.02002740172753703,0.03327650260691639,-0.022180598835253806,0.060936339855705235,-0.021462428387334365,0.004226498229656261,0.030948595473898388,0.021133782737326134,0.0010435872215286413,0.0370260319478215,0.009700734418823798,-0.047448592939099865,0.036346704371858385,0.017909217037762826,0.04396833137481426,-0.004296923928656438,-0.0043167443490419455,0.04462752610825982,0.02352934946838925,0.005346513126098795,0.008807393948291109,-0.012234358251785427,0.0009440644954450406,-0.006987644766217049,5.048581596600599e-05,,0.006631733691897734
2024-11-22,0.005907584599313065,0.01528431911692385,0.0029444515199561483,0.0019043344420672792,-0.004950220784886716,-0.006351495788949668,0.003728695362800627,0.047354222557385306,0.001768979371752799,0.01858365601566314,0.041141162004944,0.017199348456845343,0.03807965804981994,0.029799744698892683,-0.017121092298754026,0.00256293445235678,0.0024549699112637047,-0.006700430328085538,-0.007014839687180419,0.010003080764387828,-0.001167743826403278,0.012941079259283006,-0.032181159001723025,-0.0007276021809694555,0.04872877825990618,0.022989845550949406,0.038040225983177356,-0.0010091853144735818,,0.01529429876998889
2024-11-25,0.013050933419956445,0.012847712078536855,0.04189386649300353,-0.0015730161068644444,-0.0018868437297387963,0.021966324768223133,-0.0166306081059725,-0.04116288536557089,0.003592658012096406,-0.0085082417958815,-0.02304845233106223,0.0032451244769409193,-0.0003468944911070304,0.027672241960865263,0.017540700821379707,0.014172292054569713,0.015102075070750898,0.014730170584408286,0.01067710198555738,0.004292668768444363,0.01792673712795989,-0.007439127414776037,-0.04177522949147916,-0.02236203753742061,0.004662052196915845,0.011524724345830961,-0.039624464821427674,0.02489905760401756,,0.019235147079931902
2024-11-26,0.009404383344970402,0.012665563147674197,-0.020261178146675496,0.010831407158366613,-0.007734293696827765,0.03181932866326265,0.02154004134211074,0.03185328950352484,-0.0004853596166531915,0.012001863307960825,0.0017047820327587004,0.014470543421090998,-0.016786898560040342,0.0015387794087333706,0.008768285034761458,0.01193999344355734,-0.0329715148573404,-0.013837850788704475,0.014917308149371644,0.021968009182276926,-0.02565081445100681,0.016490771434085616,0.006616671939369878,0.012660223008835292,0.016859958424816135,-0.009456427985294114,-0.001063189566898104,-0.00975707641214707,,0.008867637212100377
2024-11-27,-0.000553155177552056,-0.022120684156130554,-0.008582516335498558,-0.0034093812597156825,-0.010854447642752008,-0.010199148999145757,-0.014791904160765812,-0.003669198215086711,-0.03077581151276887,-0.03837614907189402,-0.04586876754048752,-0.00503432983363139,-0.1224778371912455,-0.011983403094629308,0.0006503739536800612,-0.008346788998273236,-0.01663200129810738,-0.015408154625318415,-0.007567006206196214,-0.011682453590992514,-0.03536358028457354,-0.026792679854055645,-0.011539603854427871,-0.04028997450595462,0.004715625160662373,-0.004255919822140686,-0.015788061864523528,-0.008758413318798008,,0.0002254692151013593
2024-11-29,0.010215883876433907,0.004380158916214905,0.004052163775306372,3.26529939551623e-05,0.019787516420843865,0.010450052683389277,0.008774761252621888,0.024926961596856145,0.015093701615919386,-6.081489720222155e-05,-0.004660649426782459,-0.0013493740757535289,0.025808016960869873,-0.011711388740289985,-0.0016544872980193137,0.002159395838131628,0.01691330338191066,0.03227629129365317,0.008995241685771926,0.0011110376991583237,-0.0025457559100749982,0.007720384666836333,0.02150149907637222,0.011713218374318934,0.015594227580727704,0.00231026991395078,0.03685898787510977,0.00923742099249436,,-0.0009013889415961929
2024-12-02,0.009522562187620265,0.0005233646717253126,0.02325149951828398,-0.002932390320938616,0.04899544222693186,0.01356490130596999,0.010546544532185953,0.011403107165228299,0.0273320884926882,0.0030910981287959327,0.0023990131206090837,0.003715642398911978,-0.013715856423372363,-0.0018960690628159194,0.015034058857069654,-8.791478385383744e-05,-0.0049895607356131855,0.06266911483513482,0.032229473363402095,0.017758548213670622,0.006125674131013392,-0.0009623982749821236,0.0027485543672842727,-0.018556568026013687,-0.010286261517166717,-0.002765845446264237,0.034563659025395044,0.0037308146771564132,,-0.011051003337891663
2024-12-03,0.012771842943683387,0.00011622928549970268,-0.007081473217021239,-0.008038435564984403,-0.0006002391863487722,0.012956175029913197,0.010631517402274637,0.07622065161691904,0.009849304068298759,0.0012688773918347884,0.009083115700520228,0.0008413804229503441,-0.002224933673343421,-0.0036409386260668475,-0.0008747796159435106,0.007080323862232563,-0.06101132357718808,-0.0021653201125304555,0.03511948088599626,0.0005104735006342676,0.013089706895289321,0.008479344537054345,0.011757990339645197,0.008158274159755674,0.06883566405841512,-0.01606386330141807,-0.01587830229999254,-0.022549308217756026,,-0.0004560939042617118
2024-12-04,0.0014835691116914518,0.03918564305984917,-0.014624779818988687,-0.00026369009290705403,-0.010919305063445406,0.02211394849472459,0.01751679273103468,0.01950627377486347,0.014332508342144834,0.10994780420278771,0.040605774994719734,0.002353645277447969,0.004300658789844203,0.006037494105312069,0.017684228214008835,0.019606980472487212,-0.022696940118673292,-0.0010210518284723413,0.00021197722279264752,0.014424809102429492,0.033653872368720084,0.06224228370953422,0.03479242822173445,0.028979211472451194,-0.015642624361229096,0.04921305383615526,0.018524782309774723,-0.002940741608450703,,-0.029888070555243673
2024-12-05,0.00012355283923093374,0.003224627672911984,-0.01717819689843081,-0.005568536932964996,-0.05039755308962979,0.010955259211262725,0.013278967294190425,0.01436980182439096,-0.0005278009322456922,-0.017642128717530237,0.001867290940638755,0.0067091283792104495,-0.008168080726632554,0.004737773445320004,-0.009921489384304705,0.00539636252035125,-0.052823310372190124,-0.03897281038405498,-0.007901847268256601,0.01188791194037031,-0.02257747934383203,0.0005253007759615791,-0.00048221920538693563,-0.010361886607522686,0.02891917418164769,-0.003190429313105092,0.03229681165351517,-0.0186117066063769,,0.0007054412453790793
2024-12-06,-0.000822973620782208,0.027386667295669076,0.01701242991110896,0.009145321071970747,0.0057549363520670305,0.029381072944344444,0.013292129033105837,0.059171108878041334,0.05314719228878473,0.0016878275684304445,0.0022201446297669403,-0.0021658742283834354,-0.013352442996090397,0.0,0.011990389340517105,0.014014958489658058,0.0057692713286059405,0.018348691762827718,0.024370640977710245,0.0021462914358996166,0.0029739833467878896,0.0005517073563854336,-0.01806148214891312,0.02926334697813937,0.06219553945294898,0.009377273512697348,0.053397958017247005,0.000569896546029236,,-0.004230257413390004
2024-12-09,0.016101100453194572,-0.009096551463034563,0.00810001291808704,-0.022983867954063597,-0.006704555335814155,-0.004140432746599476,-0.02152426633768767,-0.14684929378599787,-0.003286223840478497,-0.028785243069424427,-0.03295497878875964,-0.015695427836688647,0.0033223689134087575,0.023891912996111486,0.004928031814314338,-0.033775875089172014,-0.00525815535135743,0.01122854222078451,-0.016352296239314,0.005523281439500094,0.016309316941911733,-0.0034331393831925627,-0.02548443825586899,-0.006468788638783973,-0.05082522189606353,0.0013351992784496058,0.0014644862094215227,0.0018125132723567638,,-0.0002360126951973518
2024-12-10,0.004133829504792352,-0.0016060535005850696,-0.015659148949228152,0.015694191327082718,-0.021470978358785975,-0.004644181824783544,-0.010762834302830204,-0.06270803541336156,-0.03984594360020377,-0.007821932716524094,-0.019301504777217815,-0.0039016494483040676,-0.05669982500986581,-0.02932143055923353,0.05588182821584908,0.007478269487647404,-0.031234965651684043,-0.029954959789269875,0.00937149407345994,-0.006031107168714356,-0.04590559487441137,0.0065686142000516146,-0.026943372897930362,-0.06673668796750354,-0.02166712275270577,-0.013777866524648963,0.02873337295448497,-0.016903616320418702,,-0.0014164104620351115
2024-12-11,-0.005166122949528007,0.005264610085143451,0.007003241979733454,-0.004896966420622317,0.017601354184654916,0.02319588240507109,0.023382368831643907,0.053416788223062506,0.06629426025420249,0.017286803659433136,0.04670177379933316,-0.0022138916972022082,0.016268559219426493,-0.0009489648533310691,0.05524661044338419,-0.0069049468218955745,-0.001984077801659545,0.04445957097153119,0.02157196621789237,0.01276711918602813,0.04036694565862731,0.017147873775673617,0.03139117337819841,0.004726077091689929,0.022852345331217272,0.02242008157391906,0.05930322291934931,0.007992549247837655,,-0.007328500885840361
2024-12-12,0.005963698705680587,-0.13692649754668484,0.0027635272307471315,-0.006650070398535379,-0.011979143372810808,-0.0056023335225716675,-0.003264068754624261,-0.03548091512132001,-0.01386458986198158,0.008961583631571957,0.006970269638780779,0.004437675285979825,0.004128503402185846,0.011556183071908421,-0.01760496061562089,0.009299454629560389,0.03280317196235538,-0.03387448771016788,-0.0029873738911004866,0.0012694634941745608,-0.037428918584315074,0.001080916218983985,-0.014141164018613206,-0.018255015049859824,0.009515857008463025,-0.014876016014161442,-0.015702575706076027,5.219501114961389e-05,,0.0021431361884685085
2024-12-13,0.0006856198279199255,-0.01883572961977731,-0.005098264199009939,-0.0015140131136160973,0.0015967377486929557,-0.006594726378065796,0.051366070679689235,-0.005333957511888809,0.24432633293123307,-0.01039023102844494,0.0068946347843279465,-0.003908346383894146,-0.006125233161863641,-0.0009390148158914258,-0.011148104380646617,-0.0061997874052631685,-0.021174230968162955,0.00899694281612784,-0.01655056855116821,-0.005093897138370274,0.0433631754825301,-0.02378922510978354,-0.022498918064773,-0.011008714587508628,0.03920768942943176,0.018120681338853917,0.04336284290396253,-0.0006261420164535014,,0.0047528847151545595
2024-12-16,0.011727684347941025,-0.008932988984733048,-0.001385016779016368,0.0001685140862408563,0.00035435606014022625,0.024048121869595374,0.037020520877769414,0.06006715616559566,0.11209959906572542,0.00824139346608721,0.05483404107326817,-0.004605911263572349,0.006922817156318262,-0.0031328087008409833,0.03603410441114385,-0.00645527730684603,0.0240904507100419,0.020587612155195112,0.007082325634137465,0.009658584560373606,0.056195159156918084,0.007876153783440643,-0.01675981083589173,-0.012457416198799254,-0.0042066477732086716,0.003076416683688965,0.06141250567967771,-0.011117301045766026,,-0.03311241328858372
2024-12-17,0.00971962452327757,-0.013650223841638942,-0.01151118019825259,-0.004177809416824441,0.0054895258338718556,-0.00764177579215608,-0.030721718600847714,-0.017647333868576864,-0.039079922470229844,-0.01752388661801385,-0.03034517879668297,0.0029135200862131505,-0.008300515989371204,0.009270972897104768,-0.006305323875594349,-0.0015698351127406696,-0.018722966446321987,-0.000257015660919957,-0.007689357383177997,0.006355261014872493,0.003140612805849985,-0.013460976739167463,-0.01219692416139928,-0.008876926736626767,-0.017953803436984273,-0.004819362131387006,0.036369912179738284,-0.00707280606252958,,-0.0024463549239536198
2024-12-18,-0.02142174236094685,-0.030577978366528313,-0.02829477761600918,-0.023919889137380856,-0.02870732604800763,-0.045987410359975445,-0.043204934796537975,-0.07345587690729205,-0.06914210074344163,-0.038052189574312334,-0.07236602672610737,-0.016917401604664817,-0.04742992827839154,-0.0018683201248346215,-0.03592273960004577,-0.03843291357804168,-0.05577305612578498,-0.0335432718589318,-0.03591961812157629,-0.03756090823864966,-0.04327802568308736,-0.04820045475768775,-0.01135050407143623,-0.025337135019740886,-0.038714844428654804,-0.05954219145931805,-0.0827949436951747,-0.016585226463331715,,-0.013241804380145106
2024-12-19,0.007014584343308705,-0.008882606176706442,4.807658465133535e-05,0.009809340409916878,-0.024236870148685474,0.012561168873593154,0.009253261800905577,0.01811091058711467,-0.023700940553595173,-0.0029653124914679196,0.005298144631194157,0.001738336254623718,-0.006301531319553244,-0.0024957765762624318,0.0005838816445218331,0.017032225312636262,-0.01243522179303036,-0.053058496979850656,-0.0027126007925905027,-0.0008231041763590019,-0.16179028649008742,0.013082126137444972,0.01373042310566408,0.02043392408789102,0.03775691326506392,0.015564685374317655,-0.008997322180141931,-0.0028648078629602836,,-0.006709646771757449
2024-12-20,0.018815884262783245,0.022359904094193306,0.019251125626912557,0.009233418048840036,0.013317627303716773,0.00729994595290151,0.03428988607530914,0.06980611370301926,0.011313620781688627,0.022068050046081034,0.032077058384700985,0.015443343157477418,0.03402997548586306,0.016575441388721135,0.015383817213123763,-0.0025008944319965254,0.0241343654097812,0.008145062058156904,-0.017328020619776563,-0.000983899442727254,0.03479157901001706,0.015239056776374715,0.030762118377529735,0.005154334233818503,0.08543328453714683,0.004033166521403286,-0.034642491239586515,0.01301020653763052,,-0.0010006309905919997
2024-12-23,0.003064871659893331,-0.0009616548078952292,0.014685019684203438,0.0004422197247968551,0.023656810377646442,0.0006224408269079884,0.0024820386965387353,0.01123205137843275,0.055177137825060285,-0.00218230225809235,-0.0021805971080870457,0.007860501611362869,0.026345479242340097,-0.02122744691359968,0.016822624209567483,-0.006402210009234244,0.03483608039083452,0.02799827340168859,0.024946659397176107,-0.003092155245756567,-0.0044385424210577895,-0.002740010090027223,0.036896784258284576,-0.0030649526498309765,0.0017380432569131798,-0.0026397125947549283,0.022657123925894362,0.017498820502550805,,0.00025011833697452523
2024-12-24,0.011478149780842495,0.002686153541798797,0.014891278203523983,0.007853040942950917,0.005434027913757022,0.017728630305015702,0.01379436942704726,-0.008671250764001437,0.031547147539668696,0.004461798477291445,0.011867243554417373,0.014750726232983125,0.0010098696779383687,0.0023573456263819015,0.007604098554460537,0.011174730629819107,0.00990093307113904,0.00040652355408132834,0.013169922608469387,0.009373837880482405,-0.004904181095336857,0.015896967766708014,0.00393796389977541,0.013421023513925823,0.020944290009644373,0.01553516881114092,0.07357174228224572,0.012096425138467426,,-0.003504997900564466
2024-12-26,0.0031757402583636463,0.004956023593792658,-0.00013754751917216534,0.002597425193401115,-0.004870076756016917,-0.00873171784917226,0.0018316535689295588,0.01433468275617944,0.023698289964241948,-0.007867964392642257,-0.001941064425134642,0.0021721584248164394,0.002858630132912099,0.00047042125092811027,-0.0026005384143977794,0.0021389330714787214,0.0019608292291832807,0.002167105374298206,-0.007239868096907465,-0.002776896791009009,0.006048512283947094,-0.005834117049194565,-0.0020681551781494,0.0015749490206251604,-0.00291330264349543,-0.0012465244071339088,-0.017629994630971146,-0.003689617907793763,,0.004020043088514447
2024-12-27,-0.013242268452804407,-0.008174854820161781,-0.004906869374527889,-0.0035325653340466667,-0.004297402107976023,-0.014534256804240364,-0.01593245534851373,-0.03334005477549962,-0.014713048239870408,-0.009569166719232913,-0.027637769006801927,-0.006168805925947041,-0.016348211753178132,-0.015671528628247167,-0.014519448542149926,-0.009382370336158519,-0.006849378343400603,-0.007973946786943631,-0.00586708094897892,-0.01730151383322842,-0.013248698191771546,-0.016058441281235125,-0.020867746305433532,-0.015843398325128488,-0.03725344024021726,-0.014522355228748451,-0.04947922616674816,-0.0028685400781793824,,-0.001001197496268702
2024-12-30,-0.013263430604093518,-0.0015230764572351507,-0.020415629233208943,-0.010838091055171417,-0.019121167539161488,-0.010949707031249978,-0.013978606105621627,0.000626522202659352,-0.025522166149623327,-0.00800716228228604,-0.01600043052490341,-0.0070458034286798865,-0.02139260264847964,-0.01194073029368381,-0.007885349695437305,-0.0113565194840618,-0.02364529853577635,-0.017030192593529225,-0.014288084531124623,-0.013239520829944174,-0.03620857846521408,-0.012723605428830553,0.00350339705965097,-0.012133030276000212,-0.024026321217569535,-0.016463257246386087,-0.03301209257078741,-0.01684272131079012,,-0.008015919616358058
2024-12-31,-0.007057812266172192,-0.0025123264868899264,-0.0004705174828573133,-0.000819009523441494,-0.006172018191390127,-0.008630834323407832,-0.00825480658714206,-0.03443860141448396,-0.015875766601958996,-0.00419979851239638,-0.020468907121059532,0.00016899850975260478,0.003657813908172214,-0.001772662069433606,-0.010144419871699784,-0.0019068712908694163,0.011604417042266224,0.0011087831911118506,-0.009691273904548048,-0.007838449264731984,-0.013480219012604988,-0.007099331547257948,-0.023274255761140172,-0.0016176896133531793,-0.020082962498432,-0.0009365292464947883,-0.03251001941775111,-0.00239416134752668,,0.009848558228788384
2025-01-02,-0.026235910356350978,-0.00827559759016272,-0.005224484929688633,-0.010521655035450217,0.007624573218219188,0.003783225458606987,0.01139963946572009,0.055430358371168165,0.0006038088740272229,-0.01097695022820977,0.015139094635083783,-0.0016892318501615655,0.011194031371186464,0.0051655934965837424,0.0006867022855687743,0.0005002040202224389,0.008478807120337217,0.002907519038038542,0.023449602241251588,-0.006927595750353288,0.03766634223109344,-0.0054522405390924344,0.029935279219117872,-0.0036606331940769454,-0.0058177287847492876,0.009724734266504775,-0.06081615932376483,-0.0029866281224733005,,0.0055014024359427705
2025-01-03,-0.0020094841309014067,-0.02365077704258789,0.019020471834617414,0.007042840034473752,0.037773847138083516,0.018027432561515733,0.030503587125753517,0.025952352825992175,0.002457209013610573,0.006774300014453338,0.03362697299167072,0.0027256954030201452,0.029005508628164867,-0.010598980764985999,0.012458411404253633,0.01232169949697548,0.016815042736590735,0.036857941616390555,0.008994638763338392,0.011395637878936826,0.029085165501963495,0.018428598254126793,0.04453757048093232,0.001746734841373998,0.06250826965865275,0.01647710149973558,0.08215567328200035,0.01904260014907888,,0.0012434540651313775
2025-01-06,0.006738981187339288,0.0014166926195191554,0.012211610114176485,-0.015633024602734524,0.04363157502657011,0.015254909370185477,0.03281255650023773,0.01220590005360278,0.01659853283136159,-0.007119349961214327,0.020444533904799167,-0.001529040149367944,0.03961301262349526,0.021587333184101443,0.0264874005569522,8.979429823186003e-05,-0.03356024536148294,0.03821075181946432,0.042290357334338724,0.010629584765377897,0.10448419836583622,0.003054685203008889,0.034332376991373925,-0.003787843828329751,-0.04969334398589975,0.022031993076519818,0.0014861742226248698,0.00876602089638534,,-0.016145036659085843
2025-01-07,-0.011387690653534621,-0.01982927765249487,-0.009770619055198049,0.00442304602064425,0.0019158896949722504,-0.02416414035082548,-0.03101363537817725,-0.0702250818677278,-0.0328666245411805,-0.016942506288364467,-0.017551023400142807,0.0027225157628569807,-0.027193951818511364,0.003654243502383636,-0.00700958575763555,0.005793403850641754,0.007045766670125575,-0.005899198506937431,-0.01953347624231383,-0.012808242998255781,0.02669757587853283,-0.021261788000518478,-0.06216957442703086,-0.022089542517666927,-0.07810854120385657,-0.017424332639107254,-0.040603340073111505,0.00015611143253857485,,-0.017419914240847434
2025-01-08,0.002023026959630858,-0.007216757625603476,0.021170161331475423,0.01210138972134911,-0.004667667846086854,9.006470850470016e-05,0.0019082419893838853,-0.002439334749080868,0.0029303167122796125,0.0060628190848301955,-0.0033617411154953647,0.004581671407755783,-0.016162356827464586,0.09862288772256211,-0.007877718537056988,-0.0034828290252106875,-0.00649680492894722,-0.006191751894780273,-0.011604023939572272,0.005184939579072401,-0.024531563854321536,-0.004809598062670117,-0.00021413306551087974,0.006850620698445775,-0.0251463717753162,-0.00034100366332623366,0.0014707807875757872,-0.002861458704576325,,0.0005139755146001956
2025-01-10,-0.024103916437598683,-0.03255630292599421,-0.03660866206150437,-0.01726692953118303,-0.030171265741019138,-0.014360970473526025,-0.010129043171170249,-0.032563793509100436,-0.021804498630763725,-0.027684219916462527,-0.027542386399396213,-0.007770180503901103,-0.03805221254983027,-0.05043231538462223,-0.009847998947219883,-0.015368794642403705,-0.03672030045539387,-0.031022867718159097,0.008416172907019348,-0.013213696137896691,-0.0007042139602598807,-0.023363294181062977,-0.029976334644661762,-0.05063283680196273,-0.014216637446560432,-0.05208093658238422,-0.0005064369418008585,-0.007878541428199659,,-0.011813417741611487
2025-01-13,-0.01034404491604668,0.006355898913382729,0.0027310476014923424,0.011678858847808726,-0.00460234684089833,-0.0021923619356289947,-0.014867911515568544,-0.008791818054374123,0.00436903104125097,0.003838328841283767,-0.021155844972731153,0.00034035448498137555,-0.040079873617314354,-0.0027313730031847117,-0.005363510503514801,-0.01069400802437448,0.0026110258697236155,-0.0026792293534327882,-0.012226557688086448,-0.004200905947674638,-0.04308429666342606,-0.00861828111843077,-0.019718935620644085,-0.003753984566596369,-0.03389828585908894,0.007557468644119103,0.021710512074366584,0.004943322907362324,,0.008199032577181686
2025-01-14,-0.004778187556134017,0.010305976634218172,0.007983053227612613,0.005134151547642407,0.01632908847657122,-0.003204303696411115,0.020152736903064516,0.017137619702322082,-0.002619000609036415,0.014009474829029145,0.019270243233487028,0.009700579930116415,-0.010075507343266898,-0.01993308492859347,-0.007067576512645113,0.0016099274587670909,0.0,0.008193571005392197,-0.023145446028779992,-0.0036433471228902725,0.024195354391423507,0.01530903915850268,-0.011033737518763242,0.015527332709967645,0.014312099986626858,0.03798079522258613,-0.017232432245921525,0.012612018431628735,,0.004197064507618142
2025-01-15,0.01967599717359403,0.011073168614373463,0.016631923199674326,0.0057595183548189155,0.0272387233093061,0.025670516796895804,0.010355885250085572,0.04341462705283683,0.014686293710356013,-0.0073561499075019965,0.04016773970095344,0.010955659557787545,0.001558871902896497,0.010867886426074058,0.03105551657529504,0.010470734458767561,0.027083256757924667,0.014521762000764715,0.038485518213140946,0.025597058118875582,0.05988086968340145,0.022147061060310502,0.03400143694638924,0.012795134076986736,0.03383394937999462,0.028217445772244165,0.08038151439752794,0.02072345410787957,,-0.0026122017380598717
2025-01-16,-0.040400266944386476,0.023125944029702472,-0.014664181544093324,0.009748887927348626,0.04540869783059431,-0.012043887924316987,0.017484916502814363,-0.009014085379444814,0.00618431056353308,-0.0036119903005246146,0.0037567424739335387,-0.0026675932418089854,0.008056287974320675,-0.0007679403323432865,-0.013500317365402248,0.011952989928815327,-0.0025354583570744715,0.040315040815004366,-0.009430922371296946,-0.004058125459146522,-0.0057177934615751935,0.0028744215421157016,-0.019597900489832676,0.00776947818890128,0.01614321226847859,-0.00803213126318203,-0.03362756026209679,-0.051339084285750514,,0.0041906858501559174
2025-01-17,0.007535233462246493,0.007167445743071932,0.01925394552008175,-0.00016881557927850288,0.029869114977478572,0.023928209424767255,0.015406753044443722,0.031113479318162218,0.03500286472672309,0.014250041787920553,-0.01755739115274102,0.006853892833681208,-0.004268460840813004,0.0173685985729235,0.01601772547869107,0.009566057073238987,0.09252667451779328,0.01363299202363022,0.0024047881237210245,0.010481006808325422,0.030701959961273007,0.013545718342011792,0.03099507975064153,0.009339582407672298,0.03653955599875491,0.03250107112595502,0.030641323404759335,0.026951951526263063,,0.01147613069054576
2025-01-21,-0.031915702662600465,0.0148142869877399,0.010449075320408951,0.006651288758212193,0.004269670594993835,0.021111818274402117,0.012922076625200951,-0.011538183477557973,0.012087152101732501,0.007024868114721361,0.026358553675376317,0.013282408422334635,0.01742071238114762,-0.023568654314426785,0.010459219905859074,-0.0023576662143826033,0.013029348051544432,0.014943812987258331,0.006021798681214552,-0.0012352296191960876,0.03432609310528045,0.023677482285625606,0.022656267058981383,0.07166356931241036,0.018113461231203942,-0.022219727037983472,-0.00569752092797482,0.01460343051400681,,0.006188772771832163
2025-01-22,0.005344873292606023,0.0022000687617651504,0.011876193842629945,-0.006003729901461141,0.013687983861192743,0.018638063663626525,0.0684774265367798,0.06894407506824263,0.002496782554624266,0.017684479845877288,0.031576668782461015,0.009831368819041009,0.036136986716560404,-0.011604417207541906,0.0016156753169100924,-0.004459097121807032,0.004134136458219251,0.02147254292588552,0.011420100303000558,0.04130693153603837,-0.0013713416479146368,0.025819399147171573,0.04430877355140872,0.06750886070322037,0.052004968764588266,0.0008911665994517648,-0.021128638710367298,0.009322450954122319,,-0.0017937575371639314
2025-01-23,-0.0007593960090823693,-9.14857409947123e-05,0.019055809070432028,-0.0018894808639652316,-0.024602309427700586,0.0017446222360446573,-0.005392175069617755,0.002211621669437669,-0.002615066747542083,0.006133081962793607,-0.0007407766843707808,0.009735399036875814,-0.007817958797573632,0.01361927838136423,-0.0019659135018150753,0.012451747565572768,-0.013266281218218157,-0.024264286075404096,0.02076975590789698,0.0011428106581854447,-0.04019038106077055,0.008025452968396518,0.0010199037427571778,0.012213680339584032,0.02744894672773235,-0.001335559692987709,-0.006576523247056931,0.01806646801861933,,0.005904927198800092
2025-01-24,-0.003934656441590301,-0.0043450281325200235,-0.0480841317977071,0.004394841406970107,-0.020713056189872514,-0.002421170970448472,0.0003872603287540244,0.0015999589192912111,0.01839520086332369,-0.0023306398489265634,-0.00736033542348169,0.0,-0.004290019543642276,0.0009265679727841203,0.011263784146150035,-0.005485633562575254,-0.03430689761649508,-0.01908171330588848,0.017346262625017816,-0.00593212090928974,-0.015738207775078283,-0.008129052064867248,-0.031245768554854614,-0.015391261402601053,0.0,-0.006909577216653862,-0.014064741844588391,-0.07522068702872953,,0.009188436278447343
2025-01-27,0.03178030226598594,0.007395840839245382,-0.008970918348466306,0.010265902043599784,-0.06522089400696851,0.0024270472668348475,-0.22350387494337165,-0.05530161595238081,-0.17396810484385816,0.03959510452476733,-0.003120701445189389,-0.050618657682395374,-0.08696033018811666,0.03132227145872668,-0.04195601696769713,-0.0029803896523336038,-0.025924100343569956,-0.050828338567941,0.019135378739689957,-0.021393660845579587,-0.11706568034172893,0.013902428008093048,-0.16968169831960267,-0.13790840764236767,-0.04482148347764747,0.012680895112489043,-0.023193450212053546,0.008139462529479724,,0.027819810845961523
2025-01-28,0.036543881024106994,0.009667100263045292,-0.02738829134853682,-0.0061303355678395954,-0.00985280545433831,0.011596277923593856,0.062213336728908164,0.05168798190831225,0.025874458425058755,0.037021021997173165,0.09345817438336113,0.005924153992229231,-0.024556955525748547,0.005236623013025632,0.018195161809540616,0.006826361908015555,-0.02414990913538173,-0.0148088013160389,0.02189804136579432,0.029086950994161143,-0.03139058605162803,0.02609988512631234,0.08925862094077885,0.036138404245536604,0.06349417763139265,-0.022717142556979875,0.0023668700890153715,-0.03453987919393442,,-0.005905526239385783
2025-01-29,0.004616809570674896,-0.0026194645282768825,0.0018613313007829202,0.0075761010318309285,0.014058366543449718,-0.004534900692607424,0.012201946791740914,0.015495485344118265,-0.004870810280592774,-0.01653009220722268,-0.028408499460782388,0.002019210594820242,0.017869331074463313,-0.017711143768792903,0.0005631743915224252,0.013161402984462445,-0.002525214090259187,0.0085894147993677,0.0032030867116203954,-0.01089006199505338,0.008611843417116072,-0.022864194575730634,-0.04101100261279511,-0.012073031034266157,-0.005858172766267322,0.006463254433382248,-0.02258280870425211,-0.0016614881278242954,,-0.0029702531274189425
2025-01-30,-0.007394751904788444,0.00978085354975522,0.011862296055519916,0.0089496723242517,0.03674126918478127,-0.010250170242948609,0.05582348365071077,-0.002265618225043897,0.04511749533111953,-0.029463327918061832,-0.0005037202592537149,0.015449221017743486,0.021823558707221524,0.02303029703543924,0.027941261377956605,0.1296416256739341,0.013164568550979139,0.07425157390630743,0.015536192446636177,-0.06180902135257593,0.039209117559130036,-0.11444258680927222,0.007679956466735138,0.051598451672226986,0.018304902775440945,0.00912584348484935,0.028732954254456988,0.02773620565385193,,-0.020109373761061367
2025-01-31,-0.006692194503961968,-0.019170376217418683,-0.0024012417892255167,-0.0008244072673538883,-0.007538923123312835,0.012955989149507907,0.012032344451414545,0.011162448259301572,0.026013190675567177,-0.005442774637347769,0.003023690936063028,0.0021496940410226095,-0.016611384668294704,-0.0005922169910680397,0.015681830600300595,-0.00995073122358947,-0.028985503102038956,0.003963860909187211,0.003173092730252236,0.00016876950399669077,-0.013621694508232585,0.00555908074215794,-0.03674293172733545,-0.0018781650176173947,0.015636501157090477,-0.011052874687673575,0.010792463618949588,0.0038061312349257914,,-0.0020266513828397503
2025-02-03,-0.03385588720663435,0.002628857845225374,-0.03138409618100102,0.014224014000226326,-0.008594504599321984,-0.0010938846972727845,-0.032370070713090504,-0.011228642381030052,-0.015998588124022772,-0.007199328866499766,-0.0012560604687625876,0.0072608286843249825,-0.033880202364916845,-0.004445814241877621,-0.01367520404233935,0.019671513878267044,-0.0025733990542378127,-0.010610798560410029,0.012014331339036177,-0.009974354036637267,-0.014467301466444926,0.0025138390378862674,-0.02840002898429128,-0.008585201253314079,0.01515335231386894,0.010499008798804832,-0.05170542044525339,-0.0198796921961929,,0.014978311702102065
2025-02-04,0.021007923869700296,0.0037163813500444842,0.003751624392411612,-0.008623024109916888,-0.001342251065416633,0.019543422733693472,0.007354257352683469,0.040553872660930024,0.021586387073933455,0.014443977269137598,0.025026992746308707,0.0049148145578501445,0.015785780912594305,-0.00342366705584074,0.025592742353235165,0.014305897695986003,-0.004643872504465962,-0.003491650386621248,0.009649238414552785,0.00352849747615247,0.00822946544625136,-0.010588293758661549,0.017057995851327057,-0.004211199585485215,0.23990929639105207,-0.13166135712133042,0.022232065633156273,-0.0021002869397523938,,-0.004252020097598841
2025-02-05,-0.0014175665292441852,-0.0059060173968839,0.01839723866956211,0.011422116177616681,0.011816761896136674,-0.024332807771026643,0.02822291824749157,-0.03153111146066401,0.043024791372817006,0.01101301423348744,0.023802543356237216,0.0200521612888227,0.027343323221794558,0.006572054039107211,-0.07292380888502548,-0.004386243745289953,0.018662451317622786,0.02540347778139851,0.000965770493492446,0.002231032043233272,0.03242889128619875,0.016760226755698104,0.0520860576699802,0.022455185395474198,-0.023788897015740718,0.018977157996339367,-0.035797094243459227,0.005704495520119313,,0.008038200261219597
2025-02-06,0.0032262256341100137,-0.005095653774757181,-0.009389903593578386,0.0026611744114908298,0.011789360801158999,0.011263088803542765,-0.0019049374385012863,0.033562376076975875,-0.0027585935376022164,-0.049205289250639384,0.007885548476333826,-0.004794634509891038,0.014073669968036162,0.0016323437014182929,0.0014111510820187245,-0.037447743448477455,-0.01374048157787533,0.010861594423019927,0.010100986390627842,0.006121568621018758,0.010042764830737294,-0.003660929702171689,0.030842010743344472,0.004019626800299214,0.0978689631926879,-0.00795442747878694,-0.010180622383618276,0.009306638325042638,,-0.00473468798647414
2025-02-07,-0.02396872734152533,-0.005351370245585185,-0.012606429517870388,-0.00970975384142736,-0.015317301613737677,-0.04053095448794508,0.02776094969053866,-0.012899675798341392,-0.02805156967897926,-0.015053981241027747,0.0025682779177302884,0.0,0.004248579820386622,0.004888705075184907,-0.032672281181571505,-0.004340308619322664,-0.014447822054797221,-0.006036408862073239,0.003553431915836569,-0.014597617934332785,-0.023693568430347867,-0.014668224604957203,0.009014507121894777,0.012242498702088822,-0.0038641293124797027,-0.01603670832828541,-0.0339282217314959,-0.017896118382439208,,-0.0015022828940703947
2025-02-10,0.0011873091373264533,0.04163298883406319,-0.001705567557838017,0.0031376686558579614,0.020333360851510163,0.017412199866636335,0.014856099587200022,0.023102290662142533,0.04522615823632048,0.0042047676778673715,0.01738660108995793,0.008671908190765798,0.055842823432851185,0.006339442739059065,0.0060969956275751525,-0.0055850360336979765,0.035078537325264225,0.017004647658011685,0.004030733333945102,0.0060280425311596275,0.03932810790415031,0.013408814364620492,0.028727640236353658,0.025564568508638974,0.0523229872042974,0.012029520339134958,-0.030114441341470455,0.0017222870502902055,,0.0017552830440592526
2025-02-11,0.021831795788583408,0.01711372448736248,-0.006833925953751541,-0.0037468876700189613,-0.002504577722818757,-0.0016299428832775575,-0.028196015340520852,-0.02380331436464167,0.0,-0.008557560414377607,0.006341511553555446,-0.006049951898482231,-0.007746487671278501,0.002930008724899791,-0.0061671646144390024,0.021783616788420668,0.06069796802253391,-0.005613212975451254,0.0033453743690372573,-0.0018921861993742572,-0.01928476778900645,-0.012487654061041131,-0.0057646316166702904,-0.009669187571260007,-0.034547781625213436,-0.025945888927220162,-0.06338211812502892,-0.0058787937674066315,,0.013516954729774211
2025-02-12,0.018270185287032614,0.008587250726889373,0.008207968335701032,0.002845343353835128,-0.012609164990790456,-0.01645472556041927,-0.06162270775343448,0.013511012189790117,0.00557357119225288,0.005302124058084168,0.006927045994126191,0.0016017535091767954,0.013280792601675584,-0.007595608086285233,-0.009227460249368824,0.004358099860847231,0.07200764322010311,-0.020297879498890836,0.007752206588158117,-0.005833206394254664,-0.025510320359777627,-0.026410990018010172,-0.012500099134159393,-0.028048879595992338,0.04235479068314252,0.0007872482292701211,0.0243835913717656,0.004128478996997531,,0.0009878494921178316
2025-02-13,0.019673207062975928,-0.007649771955694273,0.02052356429179092,0.011641905979406397,0.018685379087317378,0.006290143220533118,0.0010032890456395105,0.24019248092210077,-0.0023271077369673154,0.01143741816960131,0.044037420140885075,0.020949955480967564,-0.023556484416931478,0.019428749621356767,0.013779285803797281,0.013212944637603696,0.07339856103778764,0.021208787885660607,0.004383916274320887,0.003667126378873009,0.04341202517758136,0.0072068424114510865,0.031645416393918824,0.009522654811621623,0.004429715266757173,0.004195622614003636,0.05773971683431944,0.004500144865520861,,0.012583161640833174
2025-02-14,0.012710736271448031,0.0020469544856660526,0.025174366029043327,-0.006672870765988659,-0.08178214929853589,-0.007336035409240549,-0.02624143283296554,0.08154003934992704,-0.011704882922380477,-0.010034793957595656,-0.004473629434395443,0.016134096201878556,0.037366150779853724,0.00924067648183935,-0.004888767627518442,0.00806358580990385,-0.02196430989349596,-0.006602742038231857,0.011131525828945055,-0.005139581464632892,0.04035112310193689,-0.0028802607262435886,0.026313990247600838,0.0017255414113035439,0.010601305751648304,0.01801807575988068,-0.0002809633725618932,0.01233410420033576,,-0.0012180620363844152
2025-02-18,-0.0005315608290042961,0.008583930932757777,0.026140426047119858,0.00584166211280901,0.016548478233292085,-0.008877028355405714,0.03920646303291808,-0.02769883117551275,-0.01935295115820901,0.007411067053898934,0.008013448433709325,-0.004316446031828014,0.052106973093846376,-0.0015736175725706847,-0.007882155392080148,0.006850885975458798,0.16059317571683374,0.04628400946183375,-0.02755642888925547,0.002962616487522718,0.07305073053962241,0.010997020791207346,0.003961109823097164,0.032384049415600025,0.04582073612514348,0.00833666573703673,-0.004861766535893763,0.018740142758697065,,0.005123048337906111
2025-02-19,0.0016361523213930251,-0.015341180629402151,0.09735709794767833,0.010549795693220343,0.011976685569636603,-8.819331220011328e-05,-0.06428956912124428,-0.003689489056987183,0.0008752513630230219,-0.013466783628041101,-0.011463393515121711,0.003870653345945607,0.005152106590269767,-0.006734580038938676,0.008162492773057917,0.0047516474486124505,-0.06097116150083204,0.012474077999446553,-0.017588638868280326,0.012523200479598762,-0.022754994084871805,-0.010366164735505223,-0.001219570148058735,0.009566204954885249,-0.1007864300366722,-0.0033071936999515827,0.018214714280444966,0.052879924084363816,,0.019660128587238423
2025-02-20,0.003920413864925587,-0.005032906282671834,0.008938276714310911,-0.003990860704059962,0.013532183127909159,-0.016546793977871843,-0.005003816899813995,-0.08936196544140806,-0.008700137048221368,-0.018796327916463906,-0.031101434096975522,-0.0026217843426059595,-0.00884595097340135,0.002019441440346492,-0.0038322088899700457,0.0015890135727010257,0.014385725082087575,0.015514499891750466,-0.012688852530673977,0.0052907175683352126,-0.011307014406675031,-0.019409611875002897,0.0063205003339330545,-0.030409932163809272,-0.051668758180187124,-0.009315907774147703,-0.01708454543992588,0.03891611614163848,,0.011425977739320192
2025-02-21,-0.0011389705539018857,-0.022806736593078747,-0.020137797457557838,-0.0038785120692488295,-0.022896484090044744,-0.028266344731418536,-0.049323001923212484,-0.07710942302173185,-0.03563558453570059,-0.02710164373560009,-0.06754716600907007,-0.010669611393068323,-0.01910075715392512,-0.0010076857577950848,-0.02654974424535439,-0.01231407237496851,-0.046761184600203176,-0.03370035105578684,-0.01624833039577056,-0.019032597328200285,-0.04206247642248273,-0.03054808166805345,-0.040539626315509114,-0.04653416454526704,-0.04629715182423799,-0.034522747141391474,-0.046839747148427646,-0.009609838400056026,,0.006354414751605031
2025-02-24,0.006312423424239322,0.00022507675069127764,-0.008036543930527884,0.004633755304239928,-0.019827862400564555,-0.017868663239768212,-0.05707019772316524,-0.011702066841954184,-0.049071619253712284,-0.0047773858277546655,-0.03678565880914808,-0.01156615423913232,-0.029421758088414962,0.008646658984729827,-0.002281993861099507,0.001491444646967821,-0.02412546687667183,-0.03115548934168222,-0.022558729283863044,-0.010313305109005189,-0.03470245860247456,-0.011540799263215162,-0.030870938711165197,0.012812252866062357,-0.10527872056820808,0.004002720945580851,-0.021521578674915554,-0.006237574060818374,,0.013096382774801185
2025-02-25,-0.000242810694735085,-0.002272646899573627,-0.007131177558180268,0.0037476112755951974,-0.017974691151181887,0.000423094048469963,0.0020497875391882747,-0.0813497713616721,-0.025922272953793346,-0.007913839356162189,-0.03055754412182532,0.01628717227472687,-0.030576502070945977,0.013430675284803684,-0.021366822229096027,-0.01573287230185727,-0.05274003553782591,-0.03659701000521942,-0.015909899910088066,-0.01509914790988831,-0.022953578776667927,-0.005703086952706049,-0.028016689407695194,-0.008355003942799644,-0.03131896733267936,-0.01568111848309539,-0.0838955952220366,-0.0037860934069798846,,0.009002612081164374
2025-02-26,-0.0270401718834844,-0.004307533989613921,-0.006672249301498345,-0.006350163491367411,0.01794117871353995,0.007283848822975836,0.03768303298341458,-0.12215561941554454,0.05134798966303067,0.004740354666355584,0.0389993352431699,-0.0029562892909147376,0.045187537887820595,-0.025236088408488122,-0.015334749984292295,-0.007410365933345431,0.023053531619053658,0.012579458687243195,0.02463867382367746,0.0045992345660637035,0.04816566798140709,0.021327380195570456,0.03672120832607595,0.02331796489851823,0.016734987272182034,-0.027271457334066662,-0.039630120487999076,-0.008700793713949828,,-0.01212524823177008
2025-02-27,-0.01273084535990976,-0.009762168875637078,-0.04227102575851005,-0.0002570641376538063,-0.07044084478874668,-0.02617215045770671,-0.04990659572179201,-0.03175229536442603,-0.07109984486979859,-0.04044503627642826,-0.03629361165051248,-0.004213389291151781,-0.06761782051261311,-0.08186299493105886,-0.024488950463789294,-0.010201745802257411,-0.018282325544506706,-0.06309980785668468,-0.02294804194949296,-0.018012071540548513,-0.06028041081987645,-0.022293924297964618,-0.08478064931096696,-0.04470344050394137,-0.05083418474565271,-0.018320616050475635,-0.030433204805490277,-0.03500796638950654,,0.002084195440485992
2025-02-28,0.019131816049733796,0.003133637799439537,0.027741785081132564,0.012463794648215565,0.009129258829319031,0.016958863624485065,0.016162535348542173,0.016381166838192573,0.00824061455663272,0.010003387403703323,0.024773863006697372,0.004701461735701518,-0.04701846253095299,0.0198488627425486,0.010563774614608334,-0.0031195922323166148,0.02771760006145807,0.007483216046288543,0.015131304679250723,0.011362114054836558,0.01971239164814742,0.009555216806405475,0.03970039779860968,0.007890208492338235,0.0017695119950340565,0.00452424848621491,0.03912040539724382,0.02451637280052954,,-0.003928816811446412
2025-03-03,-0.015754178842070865,0.004925218155175548,-0.006650411083121255,0.01097796832294673,-0.03757826329386382,-0.034200087377916355,-0.07565825561135597,0.03561124348032685,-0.06047246706634635,-0.016081956442288936,-0.01778471644677837,-0.009826844485056996,-0.07006614053720606,0.007414348853567843,-0.0192037065511379,-0.008913047976209065,-0.04171933376383308,-0.01250977247498486,-0.01967977187168901,-0.021411127229867488,-0.03300224764019044,-0.020919374228144938,-0.08693565937899761,-0.024328354121806894,-0.017663683847658596,-0.018297033371293847,-0.02843203214376444,-0.00816369801513428,,0.01786541339937675
2025-03-04,-0.008822457609658607,0.012048460573348407,-0.0059769325493538306,-0.016319382273285332,0.00486419547941308,-0.005950644792114046,-0.005697075700427767,-0.029969720345393025,0.0005871194716484673,-0.019518114243677775,0.01941314363259239,-0.0034656450605151656,-0.01559234676618304,0.022232171137442247,0.023411721501241045,0.012070883555498568,-0.062005270958838565,0.008709535894577014,-0.022975270009214732,0.0003088656635419351,0.007289619018895133,-0.004635751321174886,0.016920912602227833,-0.028083130541803003,0.01174782280561626,-0.03254478700693775,-0.04429996705409467,0.0023148980385716555,,-0.022794630013992068
2025-03-05,-0.0008053362915595441,0.011680809518052504,0.014545916557193062,-0.009603091548863962,0.01602673364714735,0.022374865016246748,0.02689433047287526,-0.028206492914593206,0.0218691769991457,0.01611323190461711,-0.06335862463778175,0.011065412509576156,0.033804529047355425,-0.00179976860284492,0.01228651647351775,-0.007345664010909192,-0.024378830737160295,0.03726556370596401,0.025734458064678556,0.03193438180182895,0.03442979114109779,0.010705351656992823,0.011294072316198722,0.025973318000002132,0.067890943411679,0.029934862535693885,0.025952056083059283,0.003746760423196882,,-0.0006996591164279975
2025-03-06,-0.001739128965006942,-0.014316088101417601,-0.029197735191226037,-0.025674143193036514,-0.024336791723177376,-0.03676331176651382,-0.03962654713079772,-0.1835534437647406,-0.06331571272769976,-0.020275998348785573,-0.04846210413956442,-0.008599152743816507,-0.043496107553253616,0.01983466789117605,-0.003872379718075636,-0.010582890170892978,-0.002883203627207065,-0.03263766107278343,-0.04347496934457884,-0.010298687471953394,-0.05374177622233678,-0.05317815896655653,-0.057374215738241974,-0.06573414536027777,-0.10728945371823584,-0.020431715494655167,-0.056073068986891905,-0.031855751899990126,,0.03244615926757266
2025-03-07,0.01589264050567407,0.010387146746407394,0.013870734892622139,0.0131919229186237,0.02731937658928385,-0.007224698407026442,-0.011619584658421278,0.04179026267943464,0.08643078496364409,-0.0110471674866639,-0.04092258515727487,0.00835832746466103,-0.01677046828845863,0.038898039650381966,0.008761244957040892,0.051670812994444315,-0.005301234233810237,0.033215710564170164,-0.00361514461017598,-0.009020116631290431,0.04133524703633085,-0.018982990239788,0.01917340033920767,0.027958161183331054,0.05530704235982875,0.03525276852772663,-0.0029607088371812473,0.00623232099441795,,0.04137474830269472
2025-03-10,-0.04847964092649715,-0.03186472523076456,-0.04250413696690469,-0.011290701989756458,-0.036549282835297126,-0.02363867861413893,-0.06957777122469899,-0.11978707423563051,-0.053908489329152376,-0.03531400330414636,-0.07388310239411544,-0.029402485263459344,-0.012245916536308465,-0.03290326036708646,-0.04485773901604306,-0.017741176602834918,-0.03439918146648502,-0.06581456291820587,-0.04422523780714094,-0.03343422673235408,-0.0632528336509316,-0.07853003100262634,-0.0506700476632751,-0.04105457954344727,-0.10045938100103835,-0.03291714677867519,-0.1542620682219512,-0.021152684399628807,,0.009335727722297849
2025-03-11,-0.029189335217892576,-0.003263728403927413,-0.03320082935095492,-0.034819561295160506,-0.02000125428671984,0.010537694677220655,0.020242389688552187,0.08266132301416707,0.03057746844923903,0.015207021444509028,0.06763587269053084,-0.02239783333110723,0.01361523299105416,-0.043554623701062556,-0.01103287819487575,-0.030945847612459443,-0.007526322941967978,-0.006096799737194347,0.01290991191512969,0.0007627943381085522,0.02262275879838449,0.03134599341218558,0.016638643340472825,-0.030983034369943985,0.021864439099140043,-0.002640901930802242,0.037947369642955975,-0.04906434893699918,,-0.06582064836861323
2025-03-12,-0.01747870340138369,0.011391418160977773,-0.011765918410260978,0.005949951489875538,0.014082517039399445,0.011699491808345508,0.014153959123683002,0.05753408601183008,0.02177912442280361,0.0271792010439047,0.05158456335291883,-0.0034612998970234843,0.03287108275665518,-0.00137998498050107,0.018715109037524602,0.002731438071396086,0.04550048469603496,0.044029433342472,0.022865667202365048,0.0074122984308517825,0.07400333426520311,0.04297385960176903,0.06427597593132295,0.046539036008374834,0.07174885656836594,0.009414536341983304,0.0759389121683911,-0.009247862691029507,,-0.019341467232017684
2025-03-13,-0.033643742671256915,-0.13853171208411885,-0.013648151606774794,-0.012339386972541,0.005970658883571733,-0.025139524437347016,-0.0013707241165303863,-0.0021644093540369447,-0.014776398687834535,-0.0451190880808473,-0.04103705901942434,-0.01306651118784119,-0.022520737546716463,-0.01351146798501579,-0.026030802250125995,-0.01534272893156996,0.14603483622811297,-0.017365016139221923,-0.04667821132218941,-0.011741093546594805,-0.007946415917972849,-0.03738406807221473,-0.0013824365221175583,-0.021406377989262815,-0.04817691220304532,-0.02491982745997523,-0.02986820819658198,-0.01195203775744147,,0.02629712086373015
2025-03-14,0.018170574441256804,0.04472791144474608,0.024288504205533634,0.009515405283435197,0.03807950521509773,0.02093969555611075,0.04205144462500865,0.07680152444278487,0.021843734733594244,0.028188739779651195,0.0637686423784567,0.013909802528641935,0.034829686708872876,0.020637964501776906,0.016773158355755324,0.010374334020803344,0.014767867630974818,0.04557524726511342,0.02962968342692629,0.025846863895390815,0.06228913415456283,0.04030206242375267,0.052690747948613614,0.010903431033449706,0.08314487426304051,0.030488609415446177,0.038640532386444715,0.016244217631931512,,-0.0032028653998631418
2025-03-17,0.002388919616684637,0.011653255857822842,0.014035938414189486,0.016520174525272102,-0.00128495193892042,-0.01116439246854839,0.018919819916693337,0.04766291357468977,-0.005318552536260346,0.00483175645478684,0.031365292323789484,0.0064462744231224,0.020800875929275486,0.03308811241920351,-0.007251151823876922,0.01860282216233977,0.06819132428369734,-0.0048290688359858835,-0.004443691160693208,0.00036025195794020526,0.02301804815856001,-0.001658112253205557,-0.017588559495923528,0.031754525232783104,0.012871064910101149,0.01015234355575978,-0.04788383640805238,0.020235922033843945,,0.0018362251965267085
2025-03-18,-0.006121523557553354,-0.019957933825289875,-0.011904696561895745,-0.0021915762080647605,-0.012543410050335213,-0.014917738259935254,-0.012927471165388504,-0.09128241554010541,-0.029974323655839297,-0.007195015544888217,-0.004604864560519006,-0.009689514986162995,-0.012492388311415636,-0.0326215806473632,-0.022034249776671455,-0.023797395706542046,0.008952881956207692,-0.01213130382393246,-0.03726237765765461,-0.013326420969746122,-0.013480625513738298,-0.01533934346639687,-0.03430103850741972,-0.029608504341543496,-0.03961075151589999,-0.011055307261093272,-0.05335909096824687,-0.0030003297844123367,,0.013287332075536895
2025-03-19,0.011989309402751003,-0.008891791686043815,0.0038726012976761925,0.00966438982577622,0.0061886046154786545,0.014106347155876442,0.005119660865728681,0.06523455271948908,0.03657190147931488,0.0023679930071622834,0.032768812051464424,0.013598668330168096,0.023641603214505258,0.030042961717501093,0.020041009087336192,0.02162383080733199,-0.06944441480564656,0.0073681876451920925,0.00291934857987175,0.01121201952740214,0.0033424897980662838,0.017012079078030817,0.018106216047043544,0.020073675612862996,0.026344011211726803,0.016260168033614297,0.046824389357219776,0.012761355158816379,,-0.006556500251568731
2025-03-20,-0.005296425228035306,0.0044341711262763095,-0.019383708117388432,-0.004283825394405527,-0.0005178941602150822,-0.003017266841301769,-0.017175988861553693,0.032690272009504806,-0.022771633513357648,-0.0012886613561738924,-0.016051164403703355,-0.008180678624681303,0.002025913404105406,-0.012797550003022184,-0.006650765444832452,-0.035554194924165894,-0.006633571691278095,-0.004876163494325181,0.0033213553905826476,-0.0025270510226429455,0.009210220566448823,-0.023693313027327245,0.008594247566485969,0.0017710472930299037,0.014982589296039128,-0.004714314657492835,0.0016958954271570903,-0.005832709736426356,,-0.004324053260660987
2025-03-21,0.019476865643276886,-0.006031610262290932,-0.007285185660580562,-0.00736114413307809,-0.014639287688095637,0.006463245885351521,0.001928360013991659,0.023766084556994693,0.005878000607902001,0.005698416638074244,-0.018399611325318643,-0.005278730502059403,-0.013647444599981684,-0.008441590475276373,0.007309549223773137,0.002260300437625151,0.012520916355276412,-0.02205040503140565,0.01749160472974909,0.011425977219748473,-0.08038829904605449,0.004404685617519721,-0.0070024387239934205,-0.0032085005819965096,0.040851352783589645,0.007463760385493012,0.05269623506518384,-0.009298104573250199,,0.005485727189588729
2025-03-24,0.01127051856461958,0.018617960216036122,0.038845470156933404,0.01208867564205951,0.018603689951455005,0.03593082692897376,0.05268862056449075,0.0818074787162657,-0.0021392211273568718,0.019029128301739417,0.028710315521302654,0.01111103872201391,0.02295787584782505,0.011553852150494093,0.022501447463989965,0.01878046927126409,-0.0016488423392396756,0.0283491560513347,0.03790348036438185,0.0046515857432165575,0.02343753789597347,0.02655388711998774,0.03152091099195853,0.017342046522430987,0.06365436426786131,0.011112752701393447,0.11933580126800525,0.03636876225999175,,-0.009774936452003558
2025-03-25,0.013681813801414089,0.02324641518837267,0.005839587106858168,0.0016393521554938228,-0.008454345431810895,0.012053587883713357,-0.006513537663236257,0.01933947751268983,-0.015634012039390854,0.00926716514103787,0.03303455634040664,0.00032816366558741095,-0.009518017544498103,-0.0036068010174853393,0.017175619919233664,0.0058361682177519025,-0.0008257040042115582,-0.0041029961716405605,0.0120547653552181,0.005291573607126621,-0.028471251481914983,0.013710248212785103,-0.005930343262850357,-0.006069547367147932,-0.0025839793281653423,-0.0015499241249402607,0.03502280788451673,-0.008301523568047253,,-0.0016069944910100942
2025-03-26,-0.009921748882041226,-0.014443605386650238,-0.01428021939483859,0.01012086814729729,-0.019265859786602224,-0.022264360904062586,-0.06073152324622211,-0.053914386690462224,-0.047753088312160075,-0.026402435322547824,-0.035173420224857366,0.0132808254772947,-0.026299735278206282,-0.010859804754102309,-0.0322467617950164,0.0017607413073215117,-0.0322314323163172,-0.01969877639847495,-0.024476834269347103,-0.013133931408371269,-0.021766715153505922,-0.026503948529177257,-0.05741983754646518,-0.03982335209003218,-0.04373058259795981,-0.01256000788017797,-0.05580626179068926,0.0028265022985918264,,0.015865789096172644
2025-03-27,0.010472640655200038,-0.00417285556496072,-0.007552490611815177,0.009986357740050522,-0.019909767724995975,0.0011435177345771042,-0.033063978160088325,-0.20120866825169537,-0.040609101775238354,-0.011317116750040768,-0.013058361529561635,-0.006472518859294785,0.008726253212045787,0.018755625218770833,-0.017084612207076577,-0.01649752772586388,0.008539742198459432,-0.01746784747423369,-0.013748247222738041,0.0015641740737437626,-0.010528657077569559,-0.012891315228227174,-0.020481661324519007,-0.01366695277927954,-0.023732146406330257,-0.015864028687388898,0.0039329829222258805,-0.02021786380845736,,0.017654923749165885
2025-03-28,-0.026580362142440972,-0.02635366048783594,-0.03532103792926633,-0.015060610573709332,-0.01774107426373528,-0.04290822091507418,-0.012917890766123152,0.04081005799622317,-0.016687054034708826,-0.028220714322213736,-0.02578026044841597,-0.008794847525626981,-0.04953652232349037,0.005238835498318828,-0.048755070513176846,-0.008976108087783263,-0.03852674523403099,-0.02940783978258865,-0.042882281560180036,-0.03016024594039235,-0.029837728480980097,-0.03621911498140806,-0.015794711282008045,-0.03368108984951956,-0.04706402526499209,-0.05387731424111453,-0.03507493471452938,-0.024507606852484876,,-0.0006674109131116213
2025-03-31,0.019412553869742055,-0.005651895787187944,0.0005457719010093509,0.015623375067493228,0.00041359065032531284,-0.012764667384211892,-0.005901963947441136,-0.027204653532837075,-0.00999293638214338,-0.00596367795728403,-0.012685164137421823,0.013966451056517615,-0.012352347402950326,0.008487130143176369,0.0020087861948854258,0.019098414796514307,0.0,0.0012395331370571583,-0.0006589227234495842,-0.00900211597215994,-0.01624680099355036,-0.0020307180291495586,-0.011762626571884982,-0.007524456955560588,-0.01688988903918598,0.0015348609577499062,-0.016657121359109794,0.019111922616780852,,0.009570616885732797
2025-04-01,0.004772000986040137,-0.0008603931200060755,-0.012346951701067588,0.003305851977495333,0.003721201320948442,0.010038913682617334,0.01303555063340811,0.0669132766148881,0.0065102668932885965,0.006856505648042743,0.02779516332115528,0.0014585506713464813,0.008886382227064615,0.0010336719582810794,0.01571389700922854,0.0067561546324175215,-0.029062081638892123,0.0017882319411672842,0.016725492191498548,0.018114615609889917,0.02094607737432508,0.019368450870834275,0.016331442457370837,0.015234917089127498,0.0033175210217386564,0.013026853522160486,0.035885119854736525,-0.009515852659324975,,0.0004409865585290884
2025-04-02,0.003136332693514765,0.006732741362418748,0.0020583640512961132,0.0022509006664421793,0.014348505189648808,0.01998228846583383,0.021276670197371894,0.027201988359924822,0.021184422859274132,0.0049592331998637995,0.025139315715028143,0.0003236291214083753,0.03664650481351672,-0.0056049808764461195,-0.00019116470091640192,-0.0014381255568192142,-0.0031745894442738454,0.013044002668062715,-0.003532381592498246,-0.00013090926177794504,-0.0012400393391790443,0.015365489614402428,0.002451195873350409,0.02761731903904785,0.03271134427354383,0.015884940271775116,0.05326685079977622,0.0011236608882350119,,-0.014103252763634777
2025-04-03,-0.09245610055374764,-0.04803255440388399,-0.09374202242000262,-0.005988989196419103,-0.08284271586491321,-0.08979129298487254,-0.11090327610906991,-0.09783395512584725,-0.1050612633234187,-0.06006476256617532,-0.06487382222797633,-0.06676442090558754,-0.18986678301899285,-0.01572222861666861,-0.04024449969769528,-0.025961951581063514,0.020473192552836084,-0.11602057092643647,-0.08958260330905199,-0.023630163414979033,-0.16094821621427524,-0.06062888735442418,-0.07806553896593948,-0.059166387158435696,-0.04402514132047075,-0.08101257407753892,-0.05474611137253549,-0.07851170825593612,,0.019669247565536896
2025-04-04,-0.07288742279088833,-0.04950304336495914,-0.09000443901527,-0.06306698911575537,-0.06316870144094988,-0.041533565999713695,-0.09681484806349638,-0.16264605726489678,-0.050126761909641715,-0.0566939769153344,-0.07415299426983935,-0.048333616152911096,-0.07251082054459113,-0.05967446307650104,-0.03397019318322547,-0.06575220808120275,-0.1150245157647507,-0.09398956157286253,-0.050581120084100206,-0.03556577619669565,-0.12940528606036872,-0.06771993388455821,-0.07357563943470402,-0.06529175808885612,-0.11471287694890653,-0.05412414412687738,-0.10419786826814681,-0.07801464875251696,,-0.056773446167725505
2025-04-07,-0.03673424992218577,-0.023977984191043356,0.04094777282515394,-0.017159910823526636,0.04647504510505218,0.024912248577988017,0.05903363772289194,0.05857686278677798,0.053660573421979274,0.014329666815885433,0.008487953323088382,-0.002383574117584941,0.04704739443460304,-0.019391056717430577,0.007898354718006484,-0.0074731942833903275,-0.014105827771514479,0.052631527607560624,0.02282393928948956,-0.0055025549804706975,0.05639685949782347,0.019192158507025825,0.035309011911489385,-0.008653672351332964,0.051749683706403315,0.002741069251568362,-0.025644236634809525,0.017240244559377338,,-0.010457689905154943
2025-04-08,-0.04981809555074146,-0.002054629239654604,-0.03064096067022326,-0.015859553161114093,-0.029281067141083472,-0.026246667744515673,0.019510075792558368,0.013177149007442823,0.012261530755817596,-0.0009009478740814592,0.0020965076583732145,-0.02242234965022727,-0.03213336682789303,-0.027292028836803373,-0.013969381819509796,-0.021038155704308448,-0.07358204172269156,-0.031350446707817614,-0.011234789076859486,-0.009221495839314864,-0.04139242151616651,-0.01074100452411153,-0.013723798645924323,-0.020918483645909647,-0.00668032717793543,-0.019135492971552592,-0.048994783337158565,-0.05188315139621402,,-0.00962913863787096
2025-04-09,0.15328838258086197,0.07247063131893383,0.183876209041814,0.0647852924679242,0.16105758096255895,0.11977031526306248,0.09352517985611519,0.1686500887523501,0.18663082593459346,0.08680695633934032,0.16296455767962015,0.09287462199330743,0.1598017802919216,0.04099461976853069,0.0968212615697508,0.06460651461327127,0.18753456609289443,0.18024900740103522,0.14755608085829275,0.1013367530639544,0.18812942345260986,0.1351704067580748,0.1872273810033236,0.12200795848567636,0.18998968571374153,0.11391747784116824,0.22689989839624536,0.16087943548056716,,0.01707389097801526
2025-04-10,-0.042393837760135056,-0.040012138737805625,-0.09291559268908445,-0.008415606607680703,-0.076738118928394,-0.05170070417193329,-0.044078927291066994,-0.040478634087500964,-0.06940319017279495,-0.03638866931043383,-0.024867130952142547,-0.026492433255677184,-0.062358998460614545,0.008231123520233918,-0.03711188092476814,-0.02447827084107146,-0.076637318776416,-0.065813513517895,-0.06739850542592096,-0.023406327793011994,-0.10042382764833357,-0.05140749602896466,-0.059127091160678824,-0.04195687353323341,-0.037169934995503695,-0.053010091720176566,-0.07274069589492627,-0.07610607158242888,,0.01677241221781678
2025-04-11,0.04059456540372364,0.006913336700830497,0.004485317600630756,0.02508486923050901,0.04846643455681576,0.020141230945248445,0.00027524628556663266,-0.0526095983415501,0.05594899427243494,-0.00047024246168914097,0.025202813038451843,0.013076656887540006,0.037876801721670184,0.033776160808217215,0.028268529640089968,0.025833078829581968,-0.007042223116625057,0.015806163507169346,-0.004979053701850145,0.01861812854448286,-0.007137703338406687,0.0027824518762611383,0.031235463613924708,-0.007499059800393337,-0.0004514424628744296,0.033520389061729716,-0.00035656236159631316,-0.0574712736105607,,0.018872290270360192
2025-04-14,0.022053958952809483,-0.00442590164607215,-0.0031257284921448747,0.006743501601276236,-0.002828807740175465,-0.014875318183769082,0.012659944848305571,-0.05553106538704056,-0.01967688793802047,-0.0017647814158401331,0.002011139925641725,0.0013953841707250447,0.039790072504734875,0.023072187660254206,0.01228209890515597,0.015203119332366954,0.028875364814248572,0.005631175327333926,-0.02224178835395152,-0.0016476376511287416,0.02113567964074159,0.01801011736917335,-0.0019832295375104003,0.017302408037325634,0.0459627278888437,-0.0051125782512947415,0.00015856900364230597,0.02289951701021975,,0.013034557793485613
2025-04-15,-0.0018763117439558608,-0.0015103552870131542,0.005263237785951391,-0.01160624982558045,0.0063652975867429795,-0.013891933050343641,-0.005299625072105463,0.03981867075377532,0.0033079630266394933,0.0014928179987989676,0.03734216445916738,-0.003657923889596959,0.0035215536634323197,-0.008627148355849767,-0.017350819234080106,0.006860131834685479,-0.02264889692606953,0.008547031778233016,-0.018740106629809405,-0.005363481321224328,0.0002818068026460008,0.020854682559600546,0.013458567331988691,-0.005198991130843211,0.06240551293343777,-0.004335988315009476,0.0069744183248166,0.0013246815827661074,,0.00406330102398722
2025-04-16,-0.03893347667468283,-0.017666540199622882,-0.02010705539507529,-0.013151653631590987,-0.04991398957544335,-0.029288905919567454,-0.01816932045230224,-0.06379599781738465,-0.024252654445941713,-0.019966249249623202,-0.03299386929184145,-0.0251748876751563,-0.024915144588150917,-0.0004580677266954325,-0.01906473357832439,-0.008849137809217145,-0.031234298605463895,-0.04821736854315595,-0.03683471843775721,-0.03660592054639622,-0.02407106119082747,-0.02429885024606082,-0.06871651023515024,-0.03120796152300298,-0.05782522716638161,-0.028387105553801195,-0.049427403598542585,-0.030625611370568517,,-0.019559353176556105
2025-04-17,0.01394966989520463,0.013393722417452514,0.0019326405895205845,-0.0029238634052701773,-0.005282460573165282,-0.009866352335440198,-0.009322467966257464,0.03659546473806086,-0.02073178445470314,-0.010326584145878392,-0.011109944348644096,0.0,0.01727436932482118,0.012066599394312538,-0.01415241116558641,0.00100591975846398,-0.015600584721889077,-0.021185175379636934,-0.0016522531031624155,-0.01030650831489155,-0.007644457759851009,-0.030753356977631263,-0.028710927386675578,-0.008785518820639715,0.011541362370733,0.012616205875190856,-0.0007452201709629014,0.012896572753862134,,0.009860074796703922
2025-04-21,-0.019392821790516823,-0.015997668484947436,-0.007261633875531692,-0.02874375403623508,-0.013822274766864262,-0.030647084568839134,-0.04957863666571438,-0.042355789968041235,-0.0279548259282576,-0.044487521385630946,-0.03442306811102347,-0.024928140355690354,-0.02841975032418953,-0.009508037385272838,-0.023088187819704897,-0.010845498628907713,-0.0047543661456403985,-0.02148682500994714,-0.03354080043991381,-0.023546690156360572,-0.029942127922379824,-0.02094131168351765,-0.04512749971558783,-0.04509400593289048,-0.03177645304253229,-0.011721299442434163,-0.05746362595919796,-0.01906499148390084,,-0.02520439683172193
2025-04-22,0.0340650587115201,0.019491878146997488,0.020058419917836856,0.028225379975413523,0.02021239734436886,0.03502262189247651,0.014777597562562361,0.04199360726781998,0.020275441709030506,0.030178589240582365,0.01588135798299417,0.012322989587348454,0.027056724926765696,0.021636608388339695,0.025733130380143132,0.019812035605247136,0.035562636457936225,0.017470712514583875,0.032228758724369255,0.021441330200441255,0.05199295737124077,0.014338809346576165,0.020431293445663856,0.03598758868229579,0.035132100273095324,0.0188272270746761,0.04602198338770602,0.007897771643390339,,0.006056513293674959
2025-04-23,0.024331645663634216,0.005858614419461672,0.025826346134535827,0.002219186542517848,0.038177989851128746,0.042845673527805994,0.030435474341257818,0.061587644508675154,0.0432245400375717,0.029130177993542894,0.046953418970842487,0.010719470496374228,0.06041873436387957,-0.006264122170171582,0.025615528307129987,0.019012075743460644,0.055356223015685435,0.051197349807888815,0.03995786121946554,0.020636808715027488,0.03874097416396993,0.05981766579504466,0.038628771484575886,0.03269397979243993,0.07266732616543092,0.016932600532242326,0.0536622440095611,0.03672673867929088,,-0.011345389779938486
2025-04-24,0.01842608044250693,0.025429061326061486,0.06618955289365558,0.003440670207556007,0.04589776273966284,0.03289029336584037,0.06401920071420442,0.06154150348197884,0.06353503224865698,0.05677101332827128,0.07336354580160398,0.011864080993562842,0.058770788616589575,0.00855475658469751,0.025297764984791193,-0.06578946865493351,0.04371052024577837,0.06249055605923237,0.024756181013569023,0.03448276711760334,0.06156578237473731,0.15487887455583205,0.03621833159301646,0.0464993097494808,0.06903391296905514,0.03698365020225425,0.0349764859229853,0.06559315212904515,,0.002576268445322105
2025-04-25,0.004367308117191548,0.01886896314730424,-0.0032781265671717463,-0.009471858242252162,0.009189606081678292,0.013133978209558528,0.034798814115058585,0.03341041334297579,0.022110058200585758,0.011900309427790967,0.0261563033670682,0.007461341387271725,0.0051905667918101805,0.009374922646065764,0.0168257565678418,0.013430505541696336,-0.06700793622124324,0.0073341997808227255,0.026484150196779632,0.011748025566775455,0.030483153719090605,0.0071278509025953785,0.04303317521952321,0.0071268315546888505,0.046390796591476935,0.008800284591443441,0.09803091011549903,0.00450257851915592,,-0.02102333199225026
2025-04-28,0.004109372565147096,0.002447497806746135,-0.0044709787622140285,0.006203603524389756,-0.005014974219109236,-0.006825802991833552,0.005134050541431456,0.029440540437749796,0.0008319514801353733,-0.00825090293214048,-0.0042365333502651925,0.002292298116428837,-0.004426199975985923,-0.0222615026793761,-0.008335402183533569,0.016135213951491645,0.02294269373192903,0.002100274494835963,0.004513241803569379,-0.0017608666496267134,-0.015292053626770219,-0.008304632101214349,-0.020538774098301293,0.011914075410814684,0.0165809786027884,-0.006274784447719117,0.0032637046356942534,-0.002578849318246035,,0.011453287052676231
2025-04-29,0.005091900341402278,0.006402300201838962,-0.005420137853734852,0.007493933112269646,-0.008223244922279216,-0.0016515586767922308,0.03090289712407568,0.013685148944258652,-0.0067542964812634665,0.007980658364673987,0.01869623691301281,0.008796694765045299,-0.007303978096100505,0.013269041714151886,-0.002801789927055598,0.013677179960928543,-0.008288643315301103,-0.009361413888232417,0.008549572955702578,0.007362648446547437,-0.021384915036639862,0.005813953488372103,0.00266716245203491,0.004638300844002297,0.012472745627072568,0.021407647220175186,0.021512501019458785,-0.010280632566951664,,0.013210780405619627
2025-04-30,0.006107550737411316,0.010782252093219702,0.011677991681320332,0.01633025863532489,0.007756632714670086,-0.015849304820837684,0.019075848161729914,-0.06774441634393336,0.006800227232129252,0.0035479523576102956,-0.004918896413428575,0.00680140528164852,-0.02153969964392466,0.0142858540881734,-0.00849160566987861,0.010150818601232903,-0.011799398688186802,0.010860330326782242,-0.009811727295555683,0.003096191958594563,0.0009103973806976473,0.012886285321026314,-0.0009173250395856369,-0.000497090308534287,0.020330811277780247,-0.007237638216857856,-0.03379788089732105,0.004014608223720018,,0.02584384895576286
2025-05-01,0.003858944988037516,-0.0009333993633287019,-0.006053737350295796,-0.006354002401224301,-0.011611692167320053,0.031341496782804956,0.06770390083993827,0.037800277628261325,0.025250768601728257,0.0023073580304320274,0.007018466667976009,0.006755661466981033,0.0020705611448608163,-0.007189146460399587,0.015743087438187864,-0.008932251173164651,-0.005970190893330951,0.0008372650727819231,0.042276868489486086,0.07625351859990581,0.010656331976897082,0.003078488392297185,0.024697053835501137,0.033897040945740864,-0.01891257554028014,-0.00653095736232312,-0.005812356915055328,-0.011183941650967366,,-0.017249240865947923
2025-05-02,-0.03736175662959673,0.01665640806407631,0.02503346356269809,0.016338094849058127,0.04121909288912429,-0.0011566836184702112,0.03620219077586717,0.10050448073054374,0.03197685612987189,0.021349122925578445,0.020144441953995562,0.020819094271803174,0.02871130668589461,0.013743253995067484,0.016924979987050115,0.024576469207213014,0.03203209768069071,0.03889575609512019,0.04335811559510594,0.023225259769653617,0.03793245595885897,0.020262037989360104,0.025893817366504868,0.03601606377714872,0.06953530157710497,0.027977353196465327,0.023848576584252656,0.03949195341427014,,0.01016171363606011
2025-05-05,-0.03145853051229541,0.0004988642944891986,-0.004380846498209134,0.0012846057749444917,-0.0031592606647132815,-0.01910722026349243,-0.007031415219209358,-0.01866178062604995,-0.014339026381113396,-0.00890628655184822,0.006559568606195665,-0.00016865014763467467,-0.0024314615102934978,0.02492703580754818,0.001097386621740748,0.014783115691692217,-0.01697382964232408,-0.008185582356574406,0.0037687846997391805,0.00204459363198195,-0.003716673671333437,0.0007059859631817211,-0.005938866887284733,-0.009553464442194293,-0.00410365417798364,0.019333793574839886,-0.024198258752220814,-0.012704374304584709,,-0.004572487882474219
2025-05-06,-0.0019106338687361335,0.00503861187223964,-0.010722277812369785,-0.0020725967753041363,-0.010219382652899123,-0.007190832051464091,0.004315107341228419,0.009210173645062047,-0.0031387133344507046,0.002677457995982069,-0.00058630745013033,-0.0016857333565080124,-0.004345173004964287,0.0007111812034246157,-0.005968028286686189,-0.0002408034060157327,-0.01628021293801507,-0.010147479460475894,-0.019957592555055692,-0.006557043258831552,0.0011192852854686741,-0.013077034145723476,-0.0024599900463295743,-0.010650394980407651,-0.1204653505462473,-0.007149139985899611,-0.017519458684867262,-0.008188685707103405,,0.014010060437626981
2025-05-07,-0.011384768552630153,0.0051960681426947986,0.021779150724952734,0.0060988929724885566,0.01816640578604667,0.019998985551532122,-0.047592815408065925,-0.00380803519369477,0.023589406984461547,0.017815439875435102,-0.04668216610704112,0.005910161278354531,0.019585024556920905,-0.008527559606653079,-0.07259685214806544,0.017060043289768734,0.018555612937562582,0.025970328838374357,0.016175346708767302,9.232956359972455e-05,0.026207873181330665,0.01867891951979228,0.031002237470267424,0.011306706223477958,0.014881524320219164,0.009404965004571775,0.003159597232260225,0.02296853373080121,,-0.005888968766442071
2025-05-08,0.006318471846909812,-0.0025456814380876436,0.01461027787199809,0.0062587475923459035,0.0012194897825490436,0.01785806262143419,0.009485248395267876,0.11879661018142307,0.014452312947635493,0.005427146473283129,0.014460891858403713,0.002350148395945384,0.0044889200102851134,0.011467946378960647,0.019157019140835452,0.00303905143131189,0.03397343930090546,-0.0021316302953002797,0.0020107257858348326,0.01112266287088337,0.030622096376017982,-0.00894959637044146,0.002648296176307241,0.006226246853807682,0.07847572325767116,0.026059083305296493,0.031134624811778533,0.0051580712387970795,,-0.0063795495202720875
2025-05-09,0.005266114876452566,-0.0018489842785869293,0.0233257767453785,0.0020514716968829116,-0.002500057238905673,0.0051020185245573835,-0.008594018893658184,-0.032311274793565214,0.0020695976811384575,-0.015442891339565779,-0.04213423547782513,0.0010048729311218363,-0.003221803424268921,-0.01488101112147655,-0.00991697462751917,-0.01291290918025556,0.020000003633044994,0.006141669652542481,-0.009230470904825094,0.0012780661709970165,0.008338235677147754,0.005715802325795272,-0.0061345365349878556,0.00026609331333649067,-0.015526634078299018,-0.003121507987743355,0.04718770485146129,0.040026514989119244,,0.0
2025-05-12,0.0631461027687732,0.03303069218960042,0.075369863506624,0.005394561640143625,0.07955797770695128,0.08070031092964336,0.06703656122047041,0.058927329542926454,0.0642652154680996,0.048653002848479954,0.04596048123477825,0.03178844458640362,0.07830252401066251,-0.005035229801508168,0.037381391982163725,0.018017599620783198,0.03548086956932117,0.0914275720139428,0.07922483925305834,0.02400098352276947,0.07488922433116185,0.03626309587180043,0.05443640488875179,0.045763050506452574,0.009889138981548085,0.029177267390418038,0.06745790403815088,0.08713068828622306,,-0.013987665219626022
2025-05-13,0.010152317435524472,0.003687405783895814,0.0158189171520271,-0.0038464657675871816,0.030001710078779054,0.01308471882441209,0.0534012166537321,0.06381147627624495,0.04892135595253566,0.0012118437930794812,0.025055909334140702,0.0017837477344828656,0.04283509552075082,0.00014453422893834222,0.006752471820573813,0.019315011024455986,0.017132513775391045,0.03647427574842865,0.025960664464475203,-0.00026694947796312984,0.05027648903507109,0.02079558450658947,0.0563413373781545,0.032120462419064744,0.08137774011097854,-0.0002765339759698282,0.049280740626853614,0.00491242047505791,,-0.008139441953413096
2025-05-14,-0.0028178056681582575,0.005208876084577874,0.0006176680958642766,0.003958668323344572,0.006415075873175358,-0.005298742220089303,0.00997430561134327,0.017400708822482347,-0.0012907814260900707,0.00542925960949403,-0.009677441270995346,-0.007931338711559155,0.029392593945933188,-0.00028913853605971873,0.03660746233358969,-0.002977723990872261,-0.04609924790772901,-0.0032844383270594912,0.005075983428042052,0.008460518515972515,-0.016610001584286938,-0.009549327607705771,0.0416377797663503,0.004190564799274599,0.016237209002041952,0.005394912107474781,0.04073991993646375,-0.004569622682286112,,-0.0070340667109325405
2025-05-15,-0.0041444407073805145,0.01306731720717913,0.0013226794099945316,0.02081367339677298,0.0035029727041662184,-0.024161720956264898,-0.021889650775383185,-0.026371761215315037,0.0022402328861417242,6.884228011561078e-05,-0.009404977934014402,0.04845812986447706,-0.001351015155508728,0.020968886408527565,-0.008526292797779722,0.0343649887734474,0.0013939952908343933,-0.0021184534005825872,-0.023477260527253407,0.0022560663097470623,0.0013637732311002626,0.008141626980544547,-0.003768232765931301,-0.021785842881305473,-0.01582422549157969,-0.015272405529455968,-0.013978329078298546,0.002615630600578678,,0.026682361438165714
2025-05-16,-0.0008985529779279577,0.030739584290094824,-4.4131114290801854e-05,0.011144639622975072,-0.05253217087355311,0.002047074000553817,0.00364316097879569,-0.011647225073744605,-0.01732294772845422,0.0013412217701314066,0.017182320976884657,-0.009959577589729762,0.029945017922984762,0.017563706407577095,0.013600758225998488,0.0003001158871400733,0.005104436855960071,-0.004245720267381903,-0.005498015408516244,0.002515917627796016,0.026715600987649468,0.00483007796622581,0.004227577634351887,0.006838175554457759,0.010927327572818779,0.008523153518575244,0.0208856061756566,0.0035671255095715004,,0.011729712878392196
2025-05-19,-0.011739147318159393,0.008510506919697791,-0.0113161399928009,0.0112408408761413,0.0022347673601970097,0.0027725440652370814,0.002903949228522773,0.02287908767651259,0.008836096598479726,-0.012089886800398686,0.011587661577948882,0.004715512714322356,0.0007881058754686254,0.008212738786142149,0.002106084214622772,0.006185237773393526,-0.01292708627045358,-0.007224887503680888,0.00014055281429770083,0.010126052498360183,0.006632625230571065,-0.013872606902512574,0.0012554832990736564,-0.0052962549393108516,-0.024629418901930378,0.0019395428387438685,-0.022544186527114873,-0.0008488477256436422,,0.007274272535721993
2025-05-20,-0.009196255872420789,-0.007297726009481975,-0.00022257003677439435,-0.0004954882477259392,-0.0012655607799921809,-0.010137739138364021,-0.010651487195477038,-0.02043820550747466,0.004552765187900709,0.001494990243440908,-0.0047260179468219254,-0.00782228134314189,-0.00043755958326652244,0.0022089976705115255,-0.015371735288739141,-0.005439381930824938,-0.0051449348606515954,0.005607276292772134,-0.00519962769254656,-0.001525411472787952,-0.005575230925899066,-0.0038118337993158224,-0.008777813578017879,0.004196946895632214,-0.005857717742723478,0.004009983542829776,0.005057180873010214,0.0019645658841411784,,-0.0020311918062031475
2025-05-21,-0.023059049776969598,-0.008572559799430612,-0.010111870137011092,-0.0005265536968469542,-0.02111875730377577,-0.014455883280997672,-0.033866394123348464,-0.012959432227027112,-0.00841684401912024,-0.02006536075372678,-0.016981367474561915,-0.0034689314221781897,-0.020134788833223727,-0.013913722641305082,0.027930265005007726,-0.022775843041735633,-0.02726844904671133,-0.017795802018272022,-0.002511488083116853,-0.012222605207279247,-0.023037844050017964,-0.006928679599694232,-0.019199168803037292,-0.019524757306894625,-0.03989166854784287,-0.013221323218253422,-0.026758222357769146,-0.01743420149393715,,-0.010628556053920657
2025-05-22,-0.003612241451258269,0.0007245556936772424,-0.04630551130338223,-0.0030375454189403017,-0.007726969528367711,0.00984492359983613,0.001406440040990553,-0.019199120317093255,0.003482388553756932,0.004038563879321666,0.02146114298069013,0.002531624465721638,0.00017867082744116303,0.00796316584535317,0.01370422477893607,-0.00958332971072795,-0.006766616403253156,-0.0027780872070787277,0.001683775626709627,0.005060036300466919,-0.010538270924011606,0.0009953639901532085,0.0078148503695743,0.0008270721958036908,0.014181448486528803,-0.0027914546973109022,0.019185982671137136,-0.028098331956673772,,-0.014171573482079425
2025-05-23,-0.03024445941995524,-0.016025835314966375,-0.00688901812559406,-0.0017410286931255348,-0.01875172206228015,-0.010388973643241206,-0.014693178978214982,0.008023465201651536,-0.007851555240903751,-0.03630653461213562,0.025941830845741087,-0.003945678111726192,0.0014291804652886153,-0.0031879180597075285,-0.014045686880345243,0.0010062668006751707,-0.024330901146618178,-0.018168611619187258,-0.014939513092368073,-0.010288911312403837,-0.01539595916959502,-0.011223081799992318,-0.01159380523896325,-0.008518122895513236,0.008340801663506259,-0.022393183679735196,-0.004984788190348977,-0.02169699229880706,,0.004405295493151273
2025-05-27,0.025298413459567737,0.01326989533643741,0.030503206222839863,0.014388440141247738,0.027426913528771246,0.025026113945093353,0.014144747354097431,0.07513617227456248,0.030299045989697904,0.014864760208329386,0.03650212914350037,0.010141062665234957,0.01676926738561435,0.007230259968138197,0.02629555041863374,0.017786218440715595,0.024937656809272957,0.03552936904445314,0.0243358636833102,0.02334617456345489,0.03223736582507497,0.022919860552009785,0.03206635423474524,0.03808424725566395,0.0006487862512256637,0.023335698993190768,0.06939947711644767,0.039364826315739565,,0.004155128298879651
2025-05-28,0.001048913414074315,-0.0021060157451788797,-0.005855505578765463,-0.004820166108093549,-0.0014830843106964364,-0.006310081665849121,0.0032436269725044653,0.024546496583506938,0.016040804648684404,-0.004184930678004295,-0.007178888314078646,-0.006431444893985394,-0.0019300651214367859,-0.0005520664094558203,-0.0031231790237707946,-0.011359061299803574,-0.008759046448164054,0.0007146939277018483,0.0019616737747951696,-0.0072282733043803615,-0.0020752142779947302,-0.005927653267742916,-0.005092117794083917,0.011982066973660555,0.002998644528829475,-0.0005595972702383545,-0.016506435862546853,0.004966044551136584,,-0.008505759757544196
2025-05-29,-0.0023451919403290056,0.0027411259130083465,0.0006029377119791679,-6.167436341486532e-05,-0.013057682133166382,0.004787005283780621,-0.06918846972304538,-0.015451234121882651,0.010608495238117355,-0.033003521627596344,-0.02137232963047131,-0.004578385019815001,-0.0012305365037036387,0.004695957986008414,-0.00290101417344768,-0.005955952989189939,-0.005891057157065616,0.0019047638217288831,0.0022841386690026777,0.002886199964228675,0.00644635933602955,-0.00594335303270499,0.03249016424752793,-0.005798101493771579,-0.01163544292623031,-0.007138833240802223,0.004286911755287504,0.004561552051537188,,0.004637158119454421
2025-05-30,0.004501243745582917,0.004185240583596261,-0.008204044672935673,0.004350192997645719,-0.017118117620241735,-0.0033544115296213484,0.003126046480033118,0.022824841274524887,0.0004133426656469652,-0.005807193036067915,0.027375161015295246,-0.00015869966299220106,-0.020769168897880386,0.00993790643238901,-0.0006981407947561635,0.001430186642479514,-0.03456793891059029,-0.04004279876607908,0.003782592613579494,0.0036625974856825394,-0.024173703550463777,-0.0040779080025337144,-0.029168709381678815,0.01614481830208403,0.07733812220466296,-0.00916399423151959,-0.03339564619395741,-0.011568124477754238,,0.014539545658462272
